log_name,drift_or_noise_id,drift_attribute,drift_sub_attribute,value
log_1_1692952162.xes.gz,drift_1,log_id,1,log_1_1692952162.xes.gz
log_1_1692952162.xes.gz,drift_1,drift_id,1,1
log_1_1692952162.xes.gz,drift_1,process_perspective,1,control-flow
log_1_1692952162.xes.gz,drift_1,process_complexity,1,middle
log_1_1692952162.xes.gz,drift_1,drift_type,1,gradual
log_1_1692952162.xes.gz,drift_1,process_trees_1,0,"X( ->( *( 'a', ->( 'j', 'l' ) ), 'k' ), +( ->( *( ->( *( 'b', 'f' ), 'g' ), 'd' ), +( 'e', 'h' ) ), ->( 'c', 'i' ) ) )"
log_1_1692952162.xes.gz,drift_1,process_trees_2,1,"X( ->( *( 'a', ->( 'j', *tau* ), 'Random activity 2' ), 'k' ), +( ->( *( ->( *( 'b', 'f' ), 'g' ), 'd' ), +( 'e', 'h' ) ), ->( 'c', 'i' ) ), 'Random activity 1' )"
log_1_1692952162.xes.gz,drift_1,change_info_1,change_type,gradual
log_1_1692952162.xes.gz,drift_1,change_info_1,change_trace_index,"[1086, 1956]"
log_1_1692952162.xes.gz,drift_1,change_info_1,process_tree_before,"X( ->( *( 'a', ->( 'j', 'l' ) ), 'k' ), +( ->( *( ->( *( 'b', 'f' ), 'g' ), 'd' ), +( 'e', 'h' ) ), ->( 'c', 'i' ) ) )"
log_1_1692952162.xes.gz,drift_1,change_info_1,process_tree_after,"X( ->( *( 'a', ->( 'j', *tau* ), 'Random activity 2' ), 'k' ), +( ->( *( ->( *( 'b', 'f' ), 'g' ), 'd' ), +( 'e', 'h' ) ), ->( 'c', 'i' ) ), 'Random activity 1' )"
log_1_1692952162.xes.gz,drift_1,change_info_1,activities_deleted,[l]
log_1_1692952162.xes.gz,drift_1,change_info_1,activities_added,"[Random activity 1, Random activity 2]"
log_1_1692952162.xes.gz,drift_1,change_info_1,activities_moved,[]
log_1_1692952162.xes.gz,drift_1,change_info_1,change_start,2021-05-06 10:34:08.681565
log_1_1692952162.xes.gz,drift_1,change_info_1,change_end,2022-07-10 01:37:08.292724
log_2_1692952163.xes.gz,drift_1,log_id,1,log_2_1692952163.xes.gz
log_2_1692952163.xes.gz,drift_1,drift_id,1,1
log_2_1692952163.xes.gz,drift_1,process_perspective,1,control-flow
log_2_1692952163.xes.gz,drift_1,process_complexity,1,complex
log_2_1692952163.xes.gz,drift_1,drift_type,1,gradual
log_2_1692952163.xes.gz,drift_1,process_trees_1,0,"+( ->( *( ->( *( ->( *( 'a', 'm' ), 'n' ), 'g' ), 'h' ), 'd' ), +( 'e', +( 'f', X( 'l', 'o' ) ) ) ), +( 'b', ->( *( X( 'c', 'k' ), ->( *( 'i', 'p' ), 'q' ) ), ->( 'j', 'r' ) ) ) )"
log_2_1692952163.xes.gz,drift_1,process_trees_2,1,"+( ->( *( ->( *( ->( *( 'a', 'm' ), 'n' ), 'Random activity 1' ), 'h' ), 'd' ), +( 'e', +( 'f', *( 'l', 'o' ) ) ) ), +( 'b', ->( *( X( 'c', 'k' ), ->( *( 'i', 'p' ), 'q' ), 'Random activity 2' ), ->( 'j', 'r' ) ) ) )"
log_2_1692952163.xes.gz,drift_1,change_info_1,change_type,gradual
log_2_1692952163.xes.gz,drift_1,change_info_1,change_trace_index,"[1130, 1950]"
log_2_1692952163.xes.gz,drift_1,change_info_1,process_tree_before,"+( ->( *( ->( *( ->( *( 'a', 'm' ), 'n' ), 'g' ), 'h' ), 'd' ), +( 'e', +( 'f', X( 'l', 'o' ) ) ) ), +( 'b', ->( *( X( 'c', 'k' ), ->( *( 'i', 'p' ), 'q' ) ), ->( 'j', 'r' ) ) ) )"
log_2_1692952163.xes.gz,drift_1,change_info_1,process_tree_after,"+( ->( *( ->( *( ->( *( 'a', 'm' ), 'n' ), 'Random activity 1' ), 'h' ), 'd' ), +( 'e', +( 'f', *( 'l', 'o' ) ) ) ), +( 'b', ->( *( X( 'c', 'k' ), ->( *( 'i', 'p' ), 'q' ), 'Random activity 2' ), ->( 'j', 'r' ) ) ) )"
log_2_1692952163.xes.gz,drift_1,change_info_1,activities_deleted,[g]
log_2_1692952163.xes.gz,drift_1,change_info_1,activities_added,"[Random activity 1, Random activity 2]"
log_2_1692952163.xes.gz,drift_1,change_info_1,activities_moved,"[l, o]"
log_2_1692952163.xes.gz,drift_1,change_info_1,change_start,2021-05-19 07:55:29.918120
log_2_1692952163.xes.gz,drift_1,change_info_1,change_end,2022-06-01 01:42:33.976311
log_3_1692952167.xes.gz,drift_1,log_id,1,log_3_1692952167.xes.gz
log_3_1692952167.xes.gz,drift_1,drift_id,1,1
log_3_1692952167.xes.gz,drift_1,process_perspective,1,control-flow
log_3_1692952167.xes.gz,drift_1,process_complexity,1,simple
log_3_1692952167.xes.gz,drift_1,drift_type,1,gradual
log_3_1692952167.xes.gz,drift_1,process_trees_1,0,"->( *( +( 'a', 'd' ), ->( 'b', ->( 'e', 'f' ) ) ), 'c' )"
log_3_1692952167.xes.gz,drift_1,process_trees_2,1,"->( *( ->( 'a', 'd' ), ->( 'b', ->( 'e', 'f' ) ) ), 'c' )"
log_3_1692952167.xes.gz,drift_1,change_info_1,change_type,gradual
log_3_1692952167.xes.gz,drift_1,change_info_1,change_trace_index,"[1035, 1760]"
log_3_1692952167.xes.gz,drift_1,change_info_1,process_tree_before,"->( *( +( 'a', 'd' ), ->( 'b', ->( 'e', 'f' ) ) ), 'c' )"
log_3_1692952167.xes.gz,drift_1,change_info_1,process_tree_after,"->( *( ->( 'a', 'd' ), ->( 'b', ->( 'e', 'f' ) ) ), 'c' )"
log_3_1692952167.xes.gz,drift_1,change_info_1,activities_deleted,[]
log_3_1692952167.xes.gz,drift_1,change_info_1,activities_added,[]
log_3_1692952167.xes.gz,drift_1,change_info_1,activities_moved,"[a, d]"
log_3_1692952167.xes.gz,drift_1,change_info_1,change_start,2021-04-05 15:24:01.417499
log_3_1692952167.xes.gz,drift_1,change_info_1,change_end,2022-03-03 04:42:04.669205
log_4_1692952168.xes.gz,drift_1,log_id,1,log_4_1692952168.xes.gz
log_4_1692952168.xes.gz,drift_1,drift_id,1,1
log_4_1692952168.xes.gz,drift_1,process_perspective,1,control-flow
log_4_1692952168.xes.gz,drift_1,process_complexity,1,complex
log_4_1692952168.xes.gz,drift_1,drift_type,1,gradual
log_4_1692952168.xes.gz,drift_1,process_trees_1,0,"->( X( 'a', ->( *( 'e', 'j' ), 'k' ) ), ->( *( +( 'b', 'f' ), ->( *( 'c', ->( 'g', 'l' ) ), ->( 'h', 'i' ) ) ), ->( *( 'd', 'm' ), +( 'n', 'o' ) ) ) )"
log_4_1692952168.xes.gz,drift_1,process_trees_2,1,"->( +( 'a', ->( *( 'e', 'j' ), 'k' ) ), ->( *( +( 'b', 'f' ), ->( *( 'c', ->( 'g', 'l' ) ), ->( 'h', 'i' ) ) ), ->( *( 'd', 'm' ), +( 'n', 'o', 'Random activity 1' ) ) ) )"
log_4_1692952168.xes.gz,drift_1,change_info_1,change_type,gradual
log_4_1692952168.xes.gz,drift_1,change_info_1,change_trace_index,"[1013, 1583]"
log_4_1692952168.xes.gz,drift_1,change_info_1,process_tree_before,"->( X( 'a', ->( *( 'e', 'j' ), 'k' ) ), ->( *( +( 'b', 'f' ), ->( *( 'c', ->( 'g', 'l' ) ), ->( 'h', 'i' ) ) ), ->( *( 'd', 'm' ), +( 'n', 'o' ) ) ) )"
log_4_1692952168.xes.gz,drift_1,change_info_1,process_tree_after,"->( +( 'a', ->( *( 'e', 'j' ), 'k' ) ), ->( *( +( 'b', 'f' ), ->( *( 'c', ->( 'g', 'l' ) ), ->( 'h', 'i' ) ) ), ->( *( 'd', 'm' ), +( 'n', 'o', 'Random activity 1' ) ) ) )"
log_4_1692952168.xes.gz,drift_1,change_info_1,activities_deleted,[]
log_4_1692952168.xes.gz,drift_1,change_info_1,activities_added,[Random activity 1]
log_4_1692952168.xes.gz,drift_1,change_info_1,activities_moved,"[a, k, e, j]"
log_4_1692952168.xes.gz,drift_1,change_info_1,change_start,2021-03-20 04:04:07.525829
log_4_1692952168.xes.gz,drift_1,change_info_1,change_end,2021-12-11 14:13:18.557951
log_5_1692952170.xes.gz,drift_1,log_id,1,log_5_1692952170.xes.gz
log_5_1692952170.xes.gz,drift_1,drift_id,1,1
log_5_1692952170.xes.gz,drift_1,process_perspective,1,control-flow
log_5_1692952170.xes.gz,drift_1,process_complexity,1,complex
log_5_1692952170.xes.gz,drift_1,drift_type,1,incremental
log_5_1692952170.xes.gz,drift_1,process_trees_1,0,"X( +( 'a', +( 'c', ->( *( 'd', ->( *( ->( *( ->( *( 'g', 'o' ), 'p' ), 'k' ), X( 'l', X( 'm', 'n' ) ) ), 'i' ), 'j' ) ), 'h' ) ) ), X( 'b', X( 'e', 'f' ) ) )"
log_5_1692952170.xes.gz,drift_1,process_trees_2,1,"X( +( 'a', +( 'c', ->( *( 'd', ->( *( ->( *( ->( *( 'g', 'o' ), 'p' ), 'k' ), X( 'l', X( 'm', 'n' ) ) ), 'i' ), 'j' ) ), *tau* ) ) ), X( 'b', X( 'e', 'f' ) ) )"
log_5_1692952170.xes.gz,drift_1,process_trees_3,2,"X( +( 'a', +( 'c', ->( *( 'd', ->( *( ->( *( ->( *( 'g', 'o' ), *tau* ), 'k' ), X( 'l', X( 'm', 'n' ) ) ), 'i' ), 'j' ) ), *tau* ) ) ), X( 'b', X( 'e', 'f' ) ) )"
log_5_1692952170.xes.gz,drift_1,process_trees_4,3,"X( +( 'a', +( 'c', ->( *( 'd', ->( *( ->( *( ->( *( 'g', 'o' ), *tau* ), 'k' ), X( 'l', X( 'm', 'n' ), 'Random activity 1' ) ), 'i' ), 'j' ) ), *tau* ) ) ), X( 'b', X( 'e', 'f' ) ) )"
log_5_1692952170.xes.gz,drift_1,change_info_1,change_type,sudden
log_5_1692952170.xes.gz,drift_1,change_info_1,change_trace_index,[1303]
log_5_1692952170.xes.gz,drift_1,change_info_1,process_tree_before,"X( +( 'a', +( 'c', ->( *( 'd', ->( *( ->( *( ->( *( 'g', 'o' ), 'p' ), 'k' ), X( 'l', X( 'm', 'n' ) ) ), 'i' ), 'j' ) ), 'h' ) ) ), X( 'b', X( 'e', 'f' ) ) )"
log_5_1692952170.xes.gz,drift_1,change_info_1,process_tree_after,"X( +( 'a', +( 'c', ->( *( 'd', ->( *( ->( *( ->( *( 'g', 'o' ), 'p' ), 'k' ), X( 'l', X( 'm', 'n' ) ) ), 'i' ), 'j' ) ), *tau* ) ) ), X( 'b', X( 'e', 'f' ) ) )"
log_5_1692952170.xes.gz,drift_1,change_info_1,activities_deleted,[h]
log_5_1692952170.xes.gz,drift_1,change_info_1,activities_added,[]
log_5_1692952170.xes.gz,drift_1,change_info_1,activities_moved,[]
log_5_1692952170.xes.gz,drift_1,change_info_1,change_start,2021-08-15 21:07:47.114524
log_5_1692952170.xes.gz,drift_1,change_info_1,change_end,2021-08-15 21:07:47.114524
log_5_1692952170.xes.gz,drift_1,change_info_2,change_type,sudden
log_5_1692952170.xes.gz,drift_1,change_info_2,change_trace_index,[2347]
log_5_1692952170.xes.gz,drift_1,change_info_2,process_tree_before,"X( +( 'a', +( 'c', ->( *( 'd', ->( *( ->( *( ->( *( 'g', 'o' ), 'p' ), 'k' ), X( 'l', X( 'm', 'n' ) ) ), 'i' ), 'j' ) ), *tau* ) ) ), X( 'b', X( 'e', 'f' ) ) )"
log_5_1692952170.xes.gz,drift_1,change_info_2,process_tree_after,"X( +( 'a', +( 'c', ->( *( 'd', ->( *( ->( *( ->( *( 'g', 'o' ), *tau* ), 'k' ), X( 'l', X( 'm', 'n' ) ) ), 'i' ), 'j' ) ), *tau* ) ) ), X( 'b', X( 'e', 'f' ) ) )"
log_5_1692952170.xes.gz,drift_1,change_info_2,activities_deleted,[p]
log_5_1692952170.xes.gz,drift_1,change_info_2,activities_added,[]
log_5_1692952170.xes.gz,drift_1,change_info_2,activities_moved,[]
log_5_1692952170.xes.gz,drift_1,change_info_2,change_start,2022-12-08 14:06:02.478002
log_5_1692952170.xes.gz,drift_1,change_info_2,change_end,2022-12-08 14:06:02.478002
log_5_1692952170.xes.gz,drift_1,change_info_3,change_type,sudden
log_5_1692952170.xes.gz,drift_1,change_info_3,change_trace_index,[3538]
log_5_1692952170.xes.gz,drift_1,change_info_3,process_tree_before,"X( +( 'a', +( 'c', ->( *( 'd', ->( *( ->( *( ->( *( 'g', 'o' ), *tau* ), 'k' ), X( 'l', X( 'm', 'n' ) ) ), 'i' ), 'j' ) ), *tau* ) ) ), X( 'b', X( 'e', 'f' ) ) )"
log_5_1692952170.xes.gz,drift_1,change_info_3,process_tree_after,"X( +( 'a', +( 'c', ->( *( 'd', ->( *( ->( *( ->( *( 'g', 'o' ), *tau* ), 'k' ), X( 'l', X( 'm', 'n' ), 'Random activity 1' ) ), 'i' ), 'j' ) ), *tau* ) ) ), X( 'b', X( 'e', 'f' ) ) )"
log_5_1692952170.xes.gz,drift_1,change_info_3,activities_deleted,[]
log_5_1692952170.xes.gz,drift_1,change_info_3,activities_added,[Random activity 1]
log_5_1692952170.xes.gz,drift_1,change_info_3,activities_moved,[]
log_5_1692952170.xes.gz,drift_1,change_info_3,change_start,2024-05-05 01:18:48.538467
log_5_1692952170.xes.gz,drift_1,change_info_3,change_end,2024-05-05 01:18:48.538467
log_6_1692952173.xes.gz,drift_1,log_id,1,log_6_1692952173.xes.gz
log_6_1692952173.xes.gz,drift_1,drift_id,1,1
log_6_1692952173.xes.gz,drift_1,process_perspective,1,control-flow
log_6_1692952173.xes.gz,drift_1,process_complexity,1,simple
log_6_1692952173.xes.gz,drift_1,drift_type,1,incremental
log_6_1692952173.xes.gz,drift_1,process_trees_1,0,"->( ->( ->( 'a', 'd' ), +( 'c', 'g' ) ), ->( 'b', ->( 'e', 'f' ) ) )"
log_6_1692952173.xes.gz,drift_1,process_trees_2,1,"->( ->( ->( 'a', 'd' ), +( 'c', 'g' ) ), ->( 'b', ->( 'e', 'f', 'Random activity 1' ) ) )"
log_6_1692952173.xes.gz,drift_1,process_trees_3,2,"->( ->( ->( 'a', 'd' ), +( 'c', 'g', 'Random activity 2' ) ), ->( 'b', ->( 'e', 'f', 'Random activity 1' ) ) )"
log_6_1692952173.xes.gz,drift_1,process_trees_4,3,"->( ->( ->( 'a', 'd', 'Random activity 3' ), +( 'c', 'g', 'Random activity 2' ) ), ->( 'b', ->( 'e', 'f', 'Random activity 1' ) ) )"
log_6_1692952173.xes.gz,drift_1,change_info_1,change_type,gradual
log_6_1692952173.xes.gz,drift_1,change_info_1,change_trace_index,"[1350, 1920]"
log_6_1692952173.xes.gz,drift_1,change_info_1,process_tree_before,"->( ->( ->( 'a', 'd' ), +( 'c', 'g' ) ), ->( 'b', ->( 'e', 'f' ) ) )"
log_6_1692952173.xes.gz,drift_1,change_info_1,process_tree_after,"->( ->( ->( 'a', 'd' ), +( 'c', 'g' ) ), ->( 'b', ->( 'e', 'f', 'Random activity 1' ) ) )"
log_6_1692952173.xes.gz,drift_1,change_info_1,activities_deleted,[]
log_6_1692952173.xes.gz,drift_1,change_info_1,activities_added,[Random activity 1]
log_6_1692952173.xes.gz,drift_1,change_info_1,activities_moved,[]
log_6_1692952173.xes.gz,drift_1,change_info_1,change_start,2021-09-27 20:03:53.313856
log_6_1692952173.xes.gz,drift_1,change_info_1,change_end,2022-06-15 06:24:57.763858
log_6_1692952173.xes.gz,drift_1,change_info_2,change_type,sudden
log_6_1692952173.xes.gz,drift_1,change_info_2,change_trace_index,[3342]
log_6_1692952173.xes.gz,drift_1,change_info_2,process_tree_before,"->( ->( ->( 'a', 'd' ), +( 'c', 'g' ) ), ->( 'b', ->( 'e', 'f', 'Random activity 1' ) ) )"
log_6_1692952173.xes.gz,drift_1,change_info_2,process_tree_after,"->( ->( ->( 'a', 'd' ), +( 'c', 'g', 'Random activity 2' ) ), ->( 'b', ->( 'e', 'f', 'Random activity 1' ) ) )"
log_6_1692952173.xes.gz,drift_1,change_info_2,activities_deleted,[]
log_6_1692952173.xes.gz,drift_1,change_info_2,activities_added,[Random activity 2]
log_6_1692952173.xes.gz,drift_1,change_info_2,activities_moved,[]
log_6_1692952173.xes.gz,drift_1,change_info_2,change_start,2024-03-21 06:12:25.806635
log_6_1692952173.xes.gz,drift_1,change_info_2,change_end,2024-03-21 06:12:25.806635
log_6_1692952173.xes.gz,drift_1,change_info_3,change_type,gradual
log_6_1692952173.xes.gz,drift_1,change_info_3,change_trace_index,"[4346, 5008]"
log_6_1692952173.xes.gz,drift_1,change_info_3,process_tree_before,"->( ->( ->( 'a', 'd' ), +( 'c', 'g', 'Random activity 2' ) ), ->( 'b', ->( 'e', 'f', 'Random activity 1' ) ) )"
log_6_1692952173.xes.gz,drift_1,change_info_3,process_tree_after,"->( ->( ->( 'a', 'd', 'Random activity 3' ), +( 'c', 'g', 'Random activity 2' ) ), ->( 'b', ->( 'e', 'f', 'Random activity 1' ) ) )"
log_6_1692952173.xes.gz,drift_1,change_info_3,activities_deleted,[]
log_6_1692952173.xes.gz,drift_1,change_info_3,activities_added,[Random activity 3]
log_6_1692952173.xes.gz,drift_1,change_info_3,activities_moved,[]
log_6_1692952173.xes.gz,drift_1,change_info_3,change_start,2025-07-30 10:03:58.934941
log_6_1692952173.xes.gz,drift_1,change_info_3,change_end,2026-05-25 14:57:42.253756
log_6_1692952173.xes.gz,drift_2,log_id,1,log_6_1692952173.xes.gz
log_6_1692952173.xes.gz,drift_2,drift_id,1,2
log_6_1692952173.xes.gz,drift_2,process_perspective,1,control-flow
log_6_1692952173.xes.gz,drift_2,process_complexity,1,simple
log_6_1692952173.xes.gz,drift_2,drift_type,1,recurring
log_6_1692952173.xes.gz,drift_2,process_trees_1,0,"->( ->( ->( 'a', 'd' ), +( 'c', 'g' ) ), ->( 'b', ->( 'e', 'f' ) ) )"
log_6_1692952173.xes.gz,drift_2,process_trees_2,1,"->( ->( ->( 'a', 'd' ), +( 'c', 'g' ), 'Random activity 1' ), ->( 'b', ->( 'e', 'f' ) ) )"
log_6_1692952173.xes.gz,drift_2,process_trees_3,2,"->( ->( ->( 'a', 'd' ), +( 'c', 'g' ) ), ->( 'b', ->( 'e', 'f' ) ) )"
log_6_1692952173.xes.gz,drift_2,process_trees_4,3,"->( ->( ->( 'a', 'd' ), +( 'c', 'g' ), 'Random activity 1' ), ->( 'b', ->( 'e', 'f' ) ) )"
log_6_1692952173.xes.gz,drift_2,change_info_1,change_type,sudden
log_6_1692952173.xes.gz,drift_2,change_info_1,change_trace_index,[6173]
log_6_1692952173.xes.gz,drift_2,change_info_1,process_tree_before,"->( ->( ->( 'a', 'd' ), +( 'c', 'g' ) ), ->( 'b', ->( 'e', 'f' ) ) )"
log_6_1692952173.xes.gz,drift_2,change_info_1,process_tree_after,"->( ->( ->( 'a', 'd' ), +( 'c', 'g' ), 'Random activity 1' ), ->( 'b', ->( 'e', 'f' ) ) )"
log_6_1692952173.xes.gz,drift_2,change_info_1,activities_deleted,[]
log_6_1692952173.xes.gz,drift_2,change_info_1,activities_added,[Random activity 1]
log_6_1692952173.xes.gz,drift_2,change_info_1,activities_moved,[]
log_6_1692952173.xes.gz,drift_2,change_info_1,change_start,2027-10-26 14:41:33.218500
log_6_1692952173.xes.gz,drift_2,change_info_1,change_end,2027-10-26 14:41:33.218500
log_6_1692952173.xes.gz,drift_2,change_info_2,change_type,gradual
log_6_1692952173.xes.gz,drift_2,change_info_2,change_trace_index,"[7280, 8196]"
log_6_1692952173.xes.gz,drift_2,change_info_2,process_tree_before,"->( ->( ->( 'a', 'd' ), +( 'c', 'g' ), 'Random activity 1' ), ->( 'b', ->( 'e', 'f' ) ) )"
log_6_1692952173.xes.gz,drift_2,change_info_2,process_tree_after,"->( ->( ->( 'a', 'd' ), +( 'c', 'g' ) ), ->( 'b', ->( 'e', 'f' ) ) )"
log_6_1692952173.xes.gz,drift_2,change_info_2,activities_deleted,[Random activity 1]
log_6_1692952173.xes.gz,drift_2,change_info_2,activities_added,[]
log_6_1692952173.xes.gz,drift_2,change_info_2,activities_moved,[]
log_6_1692952173.xes.gz,drift_2,change_info_2,change_start,2029-03-26 16:18:38.711549
log_6_1692952173.xes.gz,drift_2,change_info_2,change_end,2030-05-20 01:32:55.420022
log_6_1692952173.xes.gz,drift_2,change_info_3,change_type,sudden
log_6_1692952173.xes.gz,drift_2,change_info_3,change_trace_index,[9350]
log_6_1692952173.xes.gz,drift_2,change_info_3,process_tree_before,"->( ->( ->( 'a', 'd' ), +( 'c', 'g' ) ), ->( 'b', ->( 'e', 'f' ) ) )"
log_6_1692952173.xes.gz,drift_2,change_info_3,process_tree_after,"->( ->( ->( 'a', 'd' ), +( 'c', 'g' ), 'Random activity 1' ), ->( 'b', ->( 'e', 'f' ) ) )"
log_6_1692952173.xes.gz,drift_2,change_info_3,activities_deleted,[]
log_6_1692952173.xes.gz,drift_2,change_info_3,activities_added,[Random activity 1]
log_6_1692952173.xes.gz,drift_2,change_info_3,activities_moved,[]
log_6_1692952173.xes.gz,drift_2,change_info_3,change_start,2031-12-18 12:05:13.392478
log_6_1692952173.xes.gz,drift_2,change_info_3,change_end,2031-12-18 12:05:13.392478
log_7_1692952178.xes.gz,drift_1,log_id,1,log_7_1692952178.xes.gz
log_7_1692952178.xes.gz,drift_1,drift_id,1,1
log_7_1692952178.xes.gz,drift_1,process_perspective,1,control-flow
log_7_1692952178.xes.gz,drift_1,process_complexity,1,simple
log_7_1692952178.xes.gz,drift_1,drift_type,1,incremental
log_7_1692952178.xes.gz,drift_1,process_trees_1,0,"+( +( 'a', 'd' ), ->( ->( 'b', 'e' ), 'c' ) )"
log_7_1692952178.xes.gz,drift_1,process_trees_2,1,"+( +( 'a', 'd' ), ->( ->( 'b', *tau* ), 'c' ) )"
log_7_1692952178.xes.gz,drift_1,process_trees_3,2,"+( +( 'a', 'd' ), ->( ->( 'b', *tau*, 'Random activity 1' ), 'c' ) )"
log_7_1692952178.xes.gz,drift_1,process_trees_4,3,"+( +( 'a', 'd' ), ->( ->( 'b', *tau*, 'Random activity 1' ), *tau* ) )"
log_7_1692952178.xes.gz,drift_1,change_info_1,change_type,gradual
log_7_1692952178.xes.gz,drift_1,change_info_1,change_trace_index,"[1311, 2256]"
log_7_1692952178.xes.gz,drift_1,change_info_1,process_tree_before,"+( +( 'a', 'd' ), ->( ->( 'b', 'e' ), 'c' ) )"
log_7_1692952178.xes.gz,drift_1,change_info_1,process_tree_after,"+( +( 'a', 'd' ), ->( ->( 'b', *tau* ), 'c' ) )"
log_7_1692952178.xes.gz,drift_1,change_info_1,activities_deleted,[e]
log_7_1692952178.xes.gz,drift_1,change_info_1,activities_added,[]
log_7_1692952178.xes.gz,drift_1,change_info_1,activities_moved,[]
log_7_1692952178.xes.gz,drift_1,change_info_1,change_start,2021-09-20 10:17:41.331019
log_7_1692952178.xes.gz,drift_1,change_info_1,change_end,2022-12-06 20:51:02.266219
log_7_1692952178.xes.gz,drift_1,change_info_2,change_type,gradual
log_7_1692952178.xes.gz,drift_1,change_info_2,change_trace_index,"[3605, 4597]"
log_7_1692952178.xes.gz,drift_1,change_info_2,process_tree_before,"+( +( 'a', 'd' ), ->( ->( 'b', *tau* ), 'c' ) )"
log_7_1692952178.xes.gz,drift_1,change_info_2,process_tree_after,"+( +( 'a', 'd' ), ->( ->( 'b', *tau*, 'Random activity 1' ), 'c' ) )"
log_7_1692952178.xes.gz,drift_1,change_info_2,activities_deleted,[]
log_7_1692952178.xes.gz,drift_1,change_info_2,activities_added,[Random activity 1]
log_7_1692952178.xes.gz,drift_1,change_info_2,activities_moved,[]
log_7_1692952178.xes.gz,drift_1,change_info_2,change_start,2024-07-30 17:56:59.698450
log_7_1692952178.xes.gz,drift_1,change_info_2,change_end,2025-11-27 12:05:47.836179
log_7_1692952178.xes.gz,drift_1,change_info_3,change_type,sudden
log_7_1692952178.xes.gz,drift_1,change_info_3,change_trace_index,[5681]
log_7_1692952178.xes.gz,drift_1,change_info_3,process_tree_before,"+( +( 'a', 'd' ), ->( ->( 'b', *tau*, 'Random activity 1' ), 'c' ) )"
log_7_1692952178.xes.gz,drift_1,change_info_3,process_tree_after,"+( +( 'a', 'd' ), ->( ->( 'b', *tau*, 'Random activity 1' ), *tau* ) )"
log_7_1692952178.xes.gz,drift_1,change_info_3,activities_deleted,[c]
log_7_1692952178.xes.gz,drift_1,change_info_3,activities_added,[]
log_7_1692952178.xes.gz,drift_1,change_info_3,activities_moved,[]
log_7_1692952178.xes.gz,drift_1,change_info_3,change_start,2027-04-14 08:59:26.660246
log_7_1692952178.xes.gz,drift_1,change_info_3,change_end,2027-04-14 08:59:26.660246
log_7_1692952178.xes.gz,drift_2,log_id,1,log_7_1692952178.xes.gz
log_7_1692952178.xes.gz,drift_2,drift_id,1,2
log_7_1692952178.xes.gz,drift_2,process_perspective,1,control-flow
log_7_1692952178.xes.gz,drift_2,process_complexity,1,simple
log_7_1692952178.xes.gz,drift_2,drift_type,1,incremental
log_7_1692952178.xes.gz,drift_2,process_trees_1,0,"+( +( 'a', 'd' ), ->( ->( 'b', 'e' ), 'c' ) )"
log_7_1692952178.xes.gz,drift_2,process_trees_2,1,"+( +( 'a', 'd' ), ->( ->( 'b', 'e' ), 'c' ), 'Random activity 1' )"
log_7_1692952178.xes.gz,drift_2,process_trees_3,2,"+( +( 'a', 'd' ), ->( ->( *tau*, 'e' ), 'c' ), 'Random activity 1' )"
log_7_1692952178.xes.gz,drift_2,process_trees_4,3,"+( +( 'a', 'd' ), ->( ->( *tau*, 'e' ), *tau* ), 'Random activity 1' )"
log_7_1692952178.xes.gz,drift_2,change_info_1,change_type,sudden
log_7_1692952178.xes.gz,drift_2,change_info_1,change_trace_index,[6939]
log_7_1692952178.xes.gz,drift_2,change_info_1,process_tree_before,"+( +( 'a', 'd' ), ->( ->( 'b', 'e' ), 'c' ) )"
log_7_1692952178.xes.gz,drift_2,change_info_1,process_tree_after,"+( +( 'a', 'd' ), ->( ->( 'b', 'e' ), 'c' ), 'Random activity 1' )"
log_7_1692952178.xes.gz,drift_2,change_info_1,activities_deleted,[]
log_7_1692952178.xes.gz,drift_2,change_info_1,activities_added,[Random activity 1]
log_7_1692952178.xes.gz,drift_2,change_info_1,activities_moved,[]
log_7_1692952178.xes.gz,drift_2,change_info_1,change_start,2028-10-16 01:15:03.734364
log_7_1692952178.xes.gz,drift_2,change_info_1,change_end,2028-10-16 01:15:03.734364
log_7_1692952178.xes.gz,drift_2,change_info_2,change_type,sudden
log_7_1692952178.xes.gz,drift_2,change_info_2,change_trace_index,[8352]
log_7_1692952178.xes.gz,drift_2,change_info_2,process_tree_before,"+( +( 'a', 'd' ), ->( ->( 'b', 'e' ), 'c' ), 'Random activity 1' )"
log_7_1692952178.xes.gz,drift_2,change_info_2,process_tree_after,"+( +( 'a', 'd' ), ->( ->( *tau*, 'e' ), 'c' ), 'Random activity 1' )"
log_7_1692952178.xes.gz,drift_2,change_info_2,activities_deleted,[b]
log_7_1692952178.xes.gz,drift_2,change_info_2,activities_added,[]
log_7_1692952178.xes.gz,drift_2,change_info_2,activities_moved,[]
log_7_1692952178.xes.gz,drift_2,change_info_2,change_start,2030-08-09 22:22:03.571837
log_7_1692952178.xes.gz,drift_2,change_info_2,change_end,2030-08-09 22:22:03.571837
log_7_1692952178.xes.gz,drift_2,change_info_3,change_type,gradual
log_7_1692952178.xes.gz,drift_2,change_info_3,change_trace_index,"[9584, 10457]"
log_7_1692952178.xes.gz,drift_2,change_info_3,process_tree_before,"+( +( 'a', 'd' ), ->( ->( *tau*, 'e' ), 'c' ), 'Random activity 1' )"
log_7_1692952178.xes.gz,drift_2,change_info_3,process_tree_after,"+( +( 'a', 'd' ), ->( ->( *tau*, 'e' ), *tau* ), 'Random activity 1' )"
log_7_1692952178.xes.gz,drift_2,change_info_3,activities_deleted,[c]
log_7_1692952178.xes.gz,drift_2,change_info_3,activities_added,[]
log_7_1692952178.xes.gz,drift_2,change_info_3,activities_moved,[]
log_7_1692952178.xes.gz,drift_2,change_info_3,change_start,2032-02-28 17:15:38.371342
log_7_1692952178.xes.gz,drift_2,change_info_3,change_end,2033-04-20 04:09:00.145624
log_7_1692952178.xes.gz,drift_3,log_id,1,log_7_1692952178.xes.gz
log_7_1692952178.xes.gz,drift_3,drift_id,1,3
log_7_1692952178.xes.gz,drift_3,process_perspective,1,control-flow
log_7_1692952178.xes.gz,drift_3,process_complexity,1,simple
log_7_1692952178.xes.gz,drift_3,drift_type,1,incremental
log_7_1692952178.xes.gz,drift_3,process_trees_1,0,"+( +( 'a', 'd' ), ->( ->( 'b', 'e' ), 'c' ) )"
log_7_1692952178.xes.gz,drift_3,process_trees_2,1,"+( +( 'a', 'd', 'Random activity 1' ), ->( ->( 'b', 'e' ), 'c' ) )"
log_7_1692952178.xes.gz,drift_3,process_trees_3,2,"+( +( 'a', 'd', 'Random activity 1', 'Random activity 2' ), ->( ->( 'b', 'e' ), 'c' ) )"
log_7_1692952178.xes.gz,drift_3,process_trees_4,3,"+( +( 'a', 'd', 'Random activity 1', 'Random activity 2' ), ->( ->( 'b', 'e' ), *tau* ) )"
log_7_1692952178.xes.gz,drift_3,change_info_1,change_type,gradual
log_7_1692952178.xes.gz,drift_3,change_info_1,change_trace_index,"[11681, 12486]"
log_7_1692952178.xes.gz,drift_3,change_info_1,process_tree_before,"+( +( 'a', 'd' ), ->( ->( 'b', 'e' ), 'c' ) )"
log_7_1692952178.xes.gz,drift_3,change_info_1,process_tree_after,"+( +( 'a', 'd', 'Random activity 1' ), ->( ->( 'b', 'e' ), 'c' ) )"
log_7_1692952178.xes.gz,drift_3,change_info_1,activities_deleted,[]
log_7_1692952178.xes.gz,drift_3,change_info_1,activities_added,[Random activity 1]
log_7_1692952178.xes.gz,drift_3,change_info_1,activities_moved,[]
log_7_1692952178.xes.gz,drift_3,change_info_1,change_start,2034-11-01 17:43:28.970553
log_7_1692952178.xes.gz,drift_3,change_info_1,change_end,2035-11-01 17:56:10.722395
log_7_1692952178.xes.gz,drift_3,change_info_2,change_type,gradual
log_7_1692952178.xes.gz,drift_3,change_info_2,change_trace_index,"[13960, 14957]"
log_7_1692952178.xes.gz,drift_3,change_info_2,process_tree_before,"+( +( 'a', 'd', 'Random activity 1' ), ->( ->( 'b', 'e' ), 'c' ) )"
log_7_1692952178.xes.gz,drift_3,change_info_2,process_tree_after,"+( +( 'a', 'd', 'Random activity 1', 'Random activity 2' ), ->( ->( 'b', 'e' ), 'c' ) )"
log_7_1692952178.xes.gz,drift_3,change_info_2,activities_deleted,[]
log_7_1692952178.xes.gz,drift_3,change_info_2,activities_added,[Random activity 2]
log_7_1692952178.xes.gz,drift_3,change_info_2,activities_moved,[]
log_7_1692952178.xes.gz,drift_3,change_info_2,change_start,2037-09-02 15:08:37.055655
log_7_1692952178.xes.gz,drift_3,change_info_2,change_end,2038-12-31 00:35:36.107523
log_7_1692952178.xes.gz,drift_3,change_info_3,change_type,gradual
log_7_1692952178.xes.gz,drift_3,change_info_3,change_trace_index,"[16422, 17190]"
log_7_1692952178.xes.gz,drift_3,change_info_3,process_tree_before,"+( +( 'a', 'd', 'Random activity 1', 'Random activity 2' ), ->( ->( 'b', 'e' ), 'c' ) )"
log_7_1692952178.xes.gz,drift_3,change_info_3,process_tree_after,"+( +( 'a', 'd', 'Random activity 1', 'Random activity 2' ), ->( ->( 'b', 'e' ), *tau* ) )"
log_7_1692952178.xes.gz,drift_3,change_info_3,activities_deleted,[c]
log_7_1692952178.xes.gz,drift_3,change_info_3,activities_added,[]
log_7_1692952178.xes.gz,drift_3,change_info_3,activities_moved,[]
log_7_1692952178.xes.gz,drift_3,change_info_3,change_start,2040-11-10 20:41:58.214155
log_7_1692952178.xes.gz,drift_3,change_info_3,change_end,2041-10-25 20:42:49.114768
log_8_1692952184.xes.gz,drift_1,log_id,1,log_8_1692952184.xes.gz
log_8_1692952184.xes.gz,drift_1,drift_id,1,1
log_8_1692952184.xes.gz,drift_1,process_perspective,1,control-flow
log_8_1692952184.xes.gz,drift_1,process_complexity,1,middle
log_8_1692952184.xes.gz,drift_1,drift_type,1,incremental
log_8_1692952184.xes.gz,drift_1,process_trees_1,0,"->( ->( *( 'a', ->( *( +( 'c', 'l' ), ->( 'f', 'k' ) ), +( 'g', 'h' ) ) ), ->( 'd', 'e' ) ), ->( *( 'b', 'i' ), 'j' ) )"
log_8_1692952184.xes.gz,drift_1,process_trees_2,1,"->( ->( *( 'a', ->( *( +( 'c', 'l' ), ->( 'f', 'k', 'Random activity 1' ) ), +( 'g', 'h' ) ) ), ->( 'd', 'e' ) ), ->( *( 'b', 'i' ), 'j' ) )"
log_8_1692952184.xes.gz,drift_1,process_trees_3,2,"->( ->( *( 'a', ->( *( +( 'c', 'l' ), ->( 'f', 'k', 'Random activity 1' ) ), +( 'g', 'h' ) ) ), ->( 'd', 'e' ) ), ->( *( 'b', 'i' ), *tau* ) )"
log_8_1692952184.xes.gz,drift_1,process_trees_4,3,"->( ->( *( 'a', ->( *( +( 'c', 'l' ), ->( 'f', 'k', *tau* ) ), +( 'g', 'h' ) ) ), ->( 'd', 'e' ) ), ->( *( 'b', 'i' ), *tau* ) )"
log_8_1692952184.xes.gz,drift_1,change_info_1,change_type,sudden
log_8_1692952184.xes.gz,drift_1,change_info_1,change_trace_index,[1318]
log_8_1692952184.xes.gz,drift_1,change_info_1,process_tree_before,"->( ->( *( 'a', ->( *( +( 'c', 'l' ), ->( 'f', 'k' ) ), +( 'g', 'h' ) ) ), ->( 'd', 'e' ) ), ->( *( 'b', 'i' ), 'j' ) )"
log_8_1692952184.xes.gz,drift_1,change_info_1,process_tree_after,"->( ->( *( 'a', ->( *( +( 'c', 'l' ), ->( 'f', 'k', 'Random activity 1' ) ), +( 'g', 'h' ) ) ), ->( 'd', 'e' ) ), ->( *( 'b', 'i' ), 'j' ) )"
log_8_1692952184.xes.gz,drift_1,change_info_1,activities_deleted,[]
log_8_1692952184.xes.gz,drift_1,change_info_1,activities_added,[Random activity 1]
log_8_1692952184.xes.gz,drift_1,change_info_1,activities_moved,[]
log_8_1692952184.xes.gz,drift_1,change_info_1,change_start,2021-09-20 01:36:15.394069
log_8_1692952184.xes.gz,drift_1,change_info_1,change_end,2021-09-20 01:36:15.394069
log_8_1692952184.xes.gz,drift_1,change_info_2,change_type,gradual
log_8_1692952184.xes.gz,drift_1,change_info_2,change_trace_index,"[2605, 3295]"
log_8_1692952184.xes.gz,drift_1,change_info_2,process_tree_before,"->( ->( *( 'a', ->( *( +( 'c', 'l' ), ->( 'f', 'k', 'Random activity 1' ) ), +( 'g', 'h' ) ) ), ->( 'd', 'e' ) ), ->( *( 'b', 'i' ), 'j' ) )"
log_8_1692952184.xes.gz,drift_1,change_info_2,process_tree_after,"->( ->( *( 'a', ->( *( +( 'c', 'l' ), ->( 'f', 'k', 'Random activity 1' ) ), +( 'g', 'h' ) ) ), ->( 'd', 'e' ) ), ->( *( 'b', 'i' ), *tau* ) )"
log_8_1692952184.xes.gz,drift_1,change_info_2,activities_deleted,[j]
log_8_1692952184.xes.gz,drift_1,change_info_2,activities_added,[]
log_8_1692952184.xes.gz,drift_1,change_info_2,activities_moved,[]
log_8_1692952184.xes.gz,drift_1,change_info_2,change_start,2023-04-21 00:16:40.249195
log_8_1692952184.xes.gz,drift_1,change_info_2,change_end,2024-03-16 11:40:21.276857
log_8_1692952184.xes.gz,drift_1,change_info_3,change_type,sudden
log_8_1692952184.xes.gz,drift_1,change_info_3,change_trace_index,[4538]
log_8_1692952184.xes.gz,drift_1,change_info_3,process_tree_before,"->( ->( *( 'a', ->( *( +( 'c', 'l' ), ->( 'f', 'k', 'Random activity 1' ) ), +( 'g', 'h' ) ) ), ->( 'd', 'e' ) ), ->( *( 'b', 'i' ), *tau* ) )"
log_8_1692952184.xes.gz,drift_1,change_info_3,process_tree_after,"->( ->( *( 'a', ->( *( +( 'c', 'l' ), ->( 'f', 'k', *tau* ) ), +( 'g', 'h' ) ) ), ->( 'd', 'e' ) ), ->( *( 'b', 'i' ), *tau* ) )"
log_8_1692952184.xes.gz,drift_1,change_info_3,activities_deleted,[Random activity 1]
log_8_1692952184.xes.gz,drift_1,change_info_3,activities_added,[]
log_8_1692952184.xes.gz,drift_1,change_info_3,activities_moved,[]
log_8_1692952184.xes.gz,drift_1,change_info_3,change_start,2025-10-18 23:41:38.026990
log_8_1692952184.xes.gz,drift_1,change_info_3,change_end,2025-10-18 23:41:38.026990
log_9_1692952188.xes.gz,drift_1,log_id,1,log_9_1692952188.xes.gz
log_9_1692952188.xes.gz,drift_1,drift_id,1,1
log_9_1692952188.xes.gz,drift_1,process_perspective,1,control-flow
log_9_1692952188.xes.gz,drift_1,process_complexity,1,middle
log_9_1692952188.xes.gz,drift_1,drift_type,1,incremental
log_9_1692952188.xes.gz,drift_1,process_trees_1,0,"+( X( 'a', +( 'c', ->( 'j', 'l' ) ) ), X( X( X( 'b', 'k' ), 'e' ), ->( *( 'd', ->( *( 'f', 'h' ), 'i' ) ), 'g' ) ) )"
log_9_1692952188.xes.gz,drift_1,process_trees_2,1,"+( X( 'a', +( 'c', ->( 'j', 'l' ) ) ), X( X( X( 'b', 'k' ), 'e' ), ->( *( 'd', ->( *( 'f', 'h' ), 'i' ) ), 'g' ), 'Random activity 1' ) )"
log_9_1692952188.xes.gz,drift_1,process_trees_3,2,"+( X( 'a', +( 'c', ->( 'j', 'l' ) ) ), X( X( X( 'b', 'k' ), *tau* ), ->( *( 'd', ->( *( 'f', 'h' ), 'i' ) ), 'g' ), 'Random activity 1' ) )"
log_9_1692952188.xes.gz,drift_1,process_trees_4,3,"+( X( 'a', +( 'c', ->( *tau*, 'l' ) ) ), X( X( X( 'b', 'k' ), *tau* ), ->( *( 'd', ->( *( 'f', 'h' ), 'i' ) ), 'g' ), 'Random activity 1' ) )"
log_9_1692952188.xes.gz,drift_1,change_info_1,change_type,sudden
log_9_1692952188.xes.gz,drift_1,change_info_1,change_trace_index,[1136]
log_9_1692952188.xes.gz,drift_1,change_info_1,process_tree_before,"+( X( 'a', +( 'c', ->( 'j', 'l' ) ) ), X( X( X( 'b', 'k' ), 'e' ), ->( *( 'd', ->( *( 'f', 'h' ), 'i' ) ), 'g' ) ) )"
log_9_1692952188.xes.gz,drift_1,change_info_1,process_tree_after,"+( X( 'a', +( 'c', ->( 'j', 'l' ) ) ), X( X( X( 'b', 'k' ), 'e' ), ->( *( 'd', ->( *( 'f', 'h' ), 'i' ) ), 'g' ), 'Random activity 1' ) )"
log_9_1692952188.xes.gz,drift_1,change_info_1,activities_deleted,[]
log_9_1692952188.xes.gz,drift_1,change_info_1,activities_added,[Random activity 1]
log_9_1692952188.xes.gz,drift_1,change_info_1,activities_moved,[]
log_9_1692952188.xes.gz,drift_1,change_info_1,change_start,2021-06-02 18:51:55.367743
log_9_1692952188.xes.gz,drift_1,change_info_1,change_end,2021-06-02 18:51:55.367743
log_9_1692952188.xes.gz,drift_1,change_info_2,change_type,gradual
log_9_1692952188.xes.gz,drift_1,change_info_2,change_trace_index,"[2234, 3136]"
log_9_1692952188.xes.gz,drift_1,change_info_2,process_tree_before,"+( X( 'a', +( 'c', ->( 'j', 'l' ) ) ), X( X( X( 'b', 'k' ), 'e' ), ->( *( 'd', ->( *( 'f', 'h' ), 'i' ) ), 'g' ), 'Random activity 1' ) )"
log_9_1692952188.xes.gz,drift_1,change_info_2,process_tree_after,"+( X( 'a', +( 'c', ->( 'j', 'l' ) ) ), X( X( X( 'b', 'k' ), *tau* ), ->( *( 'd', ->( *( 'f', 'h' ), 'i' ) ), 'g' ), 'Random activity 1' ) )"
log_9_1692952188.xes.gz,drift_1,change_info_2,activities_deleted,[e]
log_9_1692952188.xes.gz,drift_1,change_info_2,activities_added,[]
log_9_1692952188.xes.gz,drift_1,change_info_2,activities_moved,[]
log_9_1692952188.xes.gz,drift_1,change_info_2,change_start,2022-10-30 11:36:20.281815
log_9_1692952188.xes.gz,drift_1,change_info_2,change_end,2023-12-28 15:25:02.205749
log_9_1692952188.xes.gz,drift_1,change_info_3,change_type,gradual
log_9_1692952188.xes.gz,drift_1,change_info_3,change_trace_index,"[4299, 4974]"
log_9_1692952188.xes.gz,drift_1,change_info_3,process_tree_before,"+( X( 'a', +( 'c', ->( 'j', 'l' ) ) ), X( X( X( 'b', 'k' ), *tau* ), ->( *( 'd', ->( *( 'f', 'h' ), 'i' ) ), 'g' ), 'Random activity 1' ) )"
log_9_1692952188.xes.gz,drift_1,change_info_3,process_tree_after,"+( X( 'a', +( 'c', ->( *tau*, 'l' ) ) ), X( X( X( 'b', 'k' ), *tau* ), ->( *( 'd', ->( *( 'f', 'h' ), 'i' ) ), 'g' ), 'Random activity 1' ) )"
log_9_1692952188.xes.gz,drift_1,change_info_3,activities_deleted,[j]
log_9_1692952188.xes.gz,drift_1,change_info_3,activities_added,[]
log_9_1692952188.xes.gz,drift_1,change_info_3,activities_moved,[]
log_9_1692952188.xes.gz,drift_1,change_info_3,change_start,2025-06-25 11:42:40.847076
log_9_1692952188.xes.gz,drift_1,change_info_3,change_end,2026-05-08 05:54:43.788863
log_10_1692952190.xes.gz,drift_1,log_id,1,log_10_1692952190.xes.gz
log_10_1692952190.xes.gz,drift_1,drift_id,1,1
log_10_1692952190.xes.gz,drift_1,process_perspective,1,control-flow
log_10_1692952190.xes.gz,drift_1,process_complexity,1,complex
log_10_1692952190.xes.gz,drift_1,drift_type,1,recurring
log_10_1692952190.xes.gz,drift_1,process_trees_1,0,"+( 'a', ->( *( 'b', ->( *( ->( 'c', 'q' ), 'e' ), X( 'f', 'j' ) ) ), X( ->( *( 'd', 'm' ), 'n' ), ->( *( 'g', ->( 'h', 'p' ) ), ->( *( X( 'i', 'o' ), 'k' ), 'l' ) ) ) ) )"
log_10_1692952190.xes.gz,drift_1,process_trees_2,1,"+( 'a', ->( *( 'b', ->( *( ->( 'c', 'q' ), 'e' ), X( 'f', 'n' ) ) ), X( ->( *( 'd', 'm' ), 'j' ), ->( *( 'Random activity 1', ->( 'h', 'p' ) ), ->( *( X( 'i', 'o' ), 'k' ), 'l' ) ) ) ) )"
log_10_1692952190.xes.gz,drift_1,process_trees_3,2,"+( 'a', ->( *( 'b', ->( *( ->( 'c', 'q' ), 'e' ), X( 'f', 'j' ) ) ), X( ->( *( 'd', 'm' ), 'n' ), ->( *( 'g', ->( 'h', 'p' ) ), ->( *( X( 'i', 'o' ), 'k' ), 'l' ) ) ) ) )"
log_10_1692952190.xes.gz,drift_1,process_trees_4,3,"+( 'a', ->( *( 'b', ->( *( ->( 'c', 'q' ), 'e' ), X( 'f', 'n' ) ) ), X( ->( *( 'd', 'm' ), 'j' ), ->( *( 'Random activity 1', ->( 'h', 'p' ) ), ->( *( X( 'i', 'o' ), 'k' ), 'l' ) ) ) ) )"
log_10_1692952190.xes.gz,drift_1,change_info_1,change_type,gradual
log_10_1692952190.xes.gz,drift_1,change_info_1,change_trace_index,"[1029, 1562]"
log_10_1692952190.xes.gz,drift_1,change_info_1,process_tree_before,"+( 'a', ->( *( 'b', ->( *( ->( 'c', 'q' ), 'e' ), X( 'f', 'j' ) ) ), X( ->( *( 'd', 'm' ), 'n' ), ->( *( 'g', ->( 'h', 'p' ) ), ->( *( X( 'i', 'o' ), 'k' ), 'l' ) ) ) ) )"
log_10_1692952190.xes.gz,drift_1,change_info_1,process_tree_after,"+( 'a', ->( *( 'b', ->( *( ->( 'c', 'q' ), 'e' ), X( 'f', 'n' ) ) ), X( ->( *( 'd', 'm' ), 'j' ), ->( *( 'Random activity 1', ->( 'h', 'p' ) ), ->( *( X( 'i', 'o' ), 'k' ), 'l' ) ) ) ) )"
log_10_1692952190.xes.gz,drift_1,change_info_1,activities_deleted,[g]
log_10_1692952190.xes.gz,drift_1,change_info_1,activities_added,[Random activity 1]
log_10_1692952190.xes.gz,drift_1,change_info_1,activities_moved,"[n, j]"
log_10_1692952190.xes.gz,drift_1,change_info_1,change_start,2021-04-13 09:30:15.846772
log_10_1692952190.xes.gz,drift_1,change_info_1,change_end,2021-12-17 08:13:07.617905
log_10_1692952190.xes.gz,drift_1,change_info_2,change_type,sudden
log_10_1692952190.xes.gz,drift_1,change_info_2,change_trace_index,[2818]
log_10_1692952190.xes.gz,drift_1,change_info_2,process_tree_before,"+( 'a', ->( *( 'b', ->( *( ->( 'c', 'q' ), 'e' ), X( 'f', 'n' ) ) ), X( ->( *( 'd', 'm' ), 'j' ), ->( *( 'Random activity 1', ->( 'h', 'p' ) ), ->( *( X( 'i', 'o' ), 'k' ), 'l' ) ) ) ) )"
log_10_1692952190.xes.gz,drift_1,change_info_2,process_tree_after,"+( 'a', ->( *( 'b', ->( *( ->( 'c', 'q' ), 'e' ), X( 'f', 'j' ) ) ), X( ->( *( 'd', 'm' ), 'n' ), ->( *( 'g', ->( 'h', 'p' ) ), ->( *( X( 'i', 'o' ), 'k' ), 'l' ) ) ) ) )"
log_10_1692952190.xes.gz,drift_1,change_info_2,activities_deleted,[Random activity 1]
log_10_1692952190.xes.gz,drift_1,change_info_2,activities_added,[g]
log_10_1692952190.xes.gz,drift_1,change_info_2,activities_moved,"[n, j]"
log_10_1692952190.xes.gz,drift_1,change_info_2,change_start,2023-08-02 01:22:06.424555
log_10_1692952190.xes.gz,drift_1,change_info_2,change_end,2023-08-02 01:22:06.424555
log_10_1692952190.xes.gz,drift_1,change_info_3,change_type,sudden
log_10_1692952190.xes.gz,drift_1,change_info_3,change_trace_index,[4306]
log_10_1692952190.xes.gz,drift_1,change_info_3,process_tree_before,"+( 'a', ->( *( 'b', ->( *( ->( 'c', 'q' ), 'e' ), X( 'f', 'j' ) ) ), X( ->( *( 'd', 'm' ), 'n' ), ->( *( 'g', ->( 'h', 'p' ) ), ->( *( X( 'i', 'o' ), 'k' ), 'l' ) ) ) ) )"
log_10_1692952190.xes.gz,drift_1,change_info_3,process_tree_after,"+( 'a', ->( *( 'b', ->( *( ->( 'c', 'q' ), 'e' ), X( 'f', 'n' ) ) ), X( ->( *( 'd', 'm' ), 'j' ), ->( *( 'Random activity 1', ->( 'h', 'p' ) ), ->( *( X( 'i', 'o' ), 'k' ), 'l' ) ) ) ) )"
log_10_1692952190.xes.gz,drift_1,change_info_3,activities_deleted,[g]
log_10_1692952190.xes.gz,drift_1,change_info_3,activities_added,[Random activity 1]
log_10_1692952190.xes.gz,drift_1,change_info_3,activities_moved,"[n, j]"
log_10_1692952190.xes.gz,drift_1,change_info_3,change_start,2025-07-22 02:11:34.620599
log_10_1692952190.xes.gz,drift_1,change_info_3,change_end,2025-07-22 02:11:34.620599
log_10_1692952190.xes.gz,drift_2,log_id,1,log_10_1692952190.xes.gz
log_10_1692952190.xes.gz,drift_2,drift_id,1,2
log_10_1692952190.xes.gz,drift_2,process_perspective,1,control-flow
log_10_1692952190.xes.gz,drift_2,process_complexity,1,complex
log_10_1692952190.xes.gz,drift_2,drift_type,1,gradual
log_10_1692952190.xes.gz,drift_2,process_trees_1,0,"+( 'a', ->( *( 'b', ->( *( ->( 'c', 'q' ), 'e' ), X( 'f', 'j' ) ) ), X( ->( *( 'd', 'm' ), 'n' ), ->( *( 'g', ->( 'h', 'p' ) ), ->( *( X( 'i', 'o' ), 'k' ), 'l' ) ) ) ) )"
log_10_1692952190.xes.gz,drift_2,process_trees_2,1,"+( 'a', ->( *( 'b', *tau* ), X( ->( *( 'd', 'm', ->( *( ->( 'c', 'q' ), 'e' ), X( 'f', 'j' ) ) ), 'n' ), ->( *( 'g', ->( 'h', 'p' ) ), ->( *( X( 'i', 'o' ), 'k' ), 'l' ) ) ) ) )"
log_10_1692952190.xes.gz,drift_2,change_info_1,change_type,gradual
log_10_1692952190.xes.gz,drift_2,change_info_1,change_trace_index,"[5516, 6341]"
log_10_1692952190.xes.gz,drift_2,change_info_1,process_tree_before,"+( 'a', ->( *( 'b', ->( *( ->( 'c', 'q' ), 'e' ), X( 'f', 'j' ) ) ), X( ->( *( 'd', 'm' ), 'n' ), ->( *( 'g', ->( 'h', 'p' ) ), ->( *( X( 'i', 'o' ), 'k' ), 'l' ) ) ) ) )"
log_10_1692952190.xes.gz,drift_2,change_info_1,process_tree_after,"+( 'a', ->( *( 'b', *tau* ), X( ->( *( 'd', 'm', ->( *( ->( 'c', 'q' ), 'e' ), X( 'f', 'j' ) ) ), 'n' ), ->( *( 'g', ->( 'h', 'p' ) ), ->( *( X( 'i', 'o' ), 'k' ), 'l' ) ) ) ) )"
log_10_1692952190.xes.gz,drift_2,change_info_1,activities_deleted,[]
log_10_1692952190.xes.gz,drift_2,change_info_1,activities_added,[]
log_10_1692952190.xes.gz,drift_2,change_info_1,activities_moved,"[e, f, j, c, q]"
log_10_1692952190.xes.gz,drift_2,change_info_1,change_start,2027-01-10 13:57:09.066115
log_10_1692952190.xes.gz,drift_2,change_info_1,change_end,2028-01-20 16:45:37.946495
log_11_1692952195.xes.gz,drift_1,log_id,1,log_11_1692952195.xes.gz
log_11_1692952195.xes.gz,drift_1,drift_id,1,1
log_11_1692952195.xes.gz,drift_1,process_perspective,1,control-flow
log_11_1692952195.xes.gz,drift_1,process_complexity,1,simple
log_11_1692952195.xes.gz,drift_1,drift_type,1,gradual
log_11_1692952195.xes.gz,drift_1,process_trees_1,0,"->( X( ->( *( ->( 'a', 'f' ), 'd' ), 'e' ), 'c' ), 'b' )"
log_11_1692952195.xes.gz,drift_1,process_trees_2,1,"->( X( ->( *( ->( 'd', 'f' ), 'a' ), 'e' ), 'c' ), 'b' )"
log_11_1692952195.xes.gz,drift_1,change_info_1,change_type,gradual
log_11_1692952195.xes.gz,drift_1,change_info_1,change_trace_index,"[1228, 1853]"
log_11_1692952195.xes.gz,drift_1,change_info_1,process_tree_before,"->( X( ->( *( ->( 'a', 'f' ), 'd' ), 'e' ), 'c' ), 'b' )"
log_11_1692952195.xes.gz,drift_1,change_info_1,process_tree_after,"->( X( ->( *( ->( 'd', 'f' ), 'a' ), 'e' ), 'c' ), 'b' )"
log_11_1692952195.xes.gz,drift_1,change_info_1,activities_deleted,[]
log_11_1692952195.xes.gz,drift_1,change_info_1,activities_added,[]
log_11_1692952195.xes.gz,drift_1,change_info_1,activities_moved,"[a, d]"
log_11_1692952195.xes.gz,drift_1,change_info_1,change_start,2021-07-20 09:17:43.657477
log_11_1692952195.xes.gz,drift_1,change_info_1,change_end,2022-06-07 14:11:51.309182
log_12_1692952196.xes.gz,drift_1,log_id,1,log_12_1692952196.xes.gz
log_12_1692952196.xes.gz,drift_1,drift_id,1,1
log_12_1692952196.xes.gz,drift_1,process_perspective,1,control-flow
log_12_1692952196.xes.gz,drift_1,process_complexity,1,middle
log_12_1692952196.xes.gz,drift_1,drift_type,1,recurring
log_12_1692952196.xes.gz,drift_1,process_trees_1,0,"->( +( ->( X( 'a', +( 'j', 'k' ) ), 'g' ), 'e' ), X( X( X( X( 'b', 'i' ), 'f' ), 'd' ), X( 'c', 'h' ) ) )"
log_12_1692952196.xes.gz,drift_1,process_trees_2,1,"->( +( ->( X( 'a', +( *tau*, 'k' ) ), 'g' ), 'e' ), X( X( *tau*, 'd' ), X( 'c', 'h' ) ) )"
log_12_1692952196.xes.gz,drift_1,process_trees_3,2,"->( +( ->( X( 'a', +( 'j', 'k' ) ), 'g' ), 'e' ), X( X( X( X( 'b', 'i' ), 'f' ), 'd' ), X( 'c', 'h' ) ) )"
log_12_1692952196.xes.gz,drift_1,process_trees_4,3,"->( +( ->( X( 'a', +( *tau*, 'k' ) ), 'g' ), 'e' ), X( X( *tau*, 'd' ), X( 'c', 'h' ) ) )"
log_12_1692952196.xes.gz,drift_1,change_info_1,change_type,gradual
log_12_1692952196.xes.gz,drift_1,change_info_1,change_trace_index,"[1187, 2142]"
log_12_1692952196.xes.gz,drift_1,change_info_1,process_tree_before,"->( +( ->( X( 'a', +( 'j', 'k' ) ), 'g' ), 'e' ), X( X( X( X( 'b', 'i' ), 'f' ), 'd' ), X( 'c', 'h' ) ) )"
log_12_1692952196.xes.gz,drift_1,change_info_1,process_tree_after,"->( +( ->( X( 'a', +( *tau*, 'k' ) ), 'g' ), 'e' ), X( X( *tau*, 'd' ), X( 'c', 'h' ) ) )"
log_12_1692952196.xes.gz,drift_1,change_info_1,activities_deleted,"[f, b, i, j]"
log_12_1692952196.xes.gz,drift_1,change_info_1,activities_added,[]
log_12_1692952196.xes.gz,drift_1,change_info_1,activities_moved,[]
log_12_1692952196.xes.gz,drift_1,change_info_1,change_start,2021-07-26 15:07:34.018996
log_12_1692952196.xes.gz,drift_1,change_info_1,change_end,2022-09-13 10:32:12.386979
log_12_1692952196.xes.gz,drift_1,change_info_2,change_type,gradual
log_12_1692952196.xes.gz,drift_1,change_info_2,change_trace_index,"[3311, 3901]"
log_12_1692952196.xes.gz,drift_1,change_info_2,process_tree_before,"->( +( ->( X( 'a', +( *tau*, 'k' ) ), 'g' ), 'e' ), X( X( *tau*, 'd' ), X( 'c', 'h' ) ) )"
log_12_1692952196.xes.gz,drift_1,change_info_2,process_tree_after,"->( +( ->( X( 'a', +( 'j', 'k' ) ), 'g' ), 'e' ), X( X( X( X( 'b', 'i' ), 'f' ), 'd' ), X( 'c', 'h' ) ) )"
log_12_1692952196.xes.gz,drift_1,change_info_2,activities_deleted,[]
log_12_1692952196.xes.gz,drift_1,change_info_2,activities_added,"[f, b, i, j]"
log_12_1692952196.xes.gz,drift_1,change_info_2,activities_moved,[]
log_12_1692952196.xes.gz,drift_1,change_info_2,change_start,2024-03-31 22:08:19.747413
log_12_1692952196.xes.gz,drift_1,change_info_2,change_end,2024-12-17 14:53:52.040152
log_12_1692952196.xes.gz,drift_1,change_info_3,change_type,gradual
log_12_1692952196.xes.gz,drift_1,change_info_3,change_trace_index,"[5376, 6349]"
log_12_1692952196.xes.gz,drift_1,change_info_3,process_tree_before,"->( +( ->( X( 'a', +( 'j', 'k' ) ), 'g' ), 'e' ), X( X( X( X( 'b', 'i' ), 'f' ), 'd' ), X( 'c', 'h' ) ) )"
log_12_1692952196.xes.gz,drift_1,change_info_3,process_tree_after,"->( +( ->( X( 'a', +( *tau*, 'k' ) ), 'g' ), 'e' ), X( X( *tau*, 'd' ), X( 'c', 'h' ) ) )"
log_12_1692952196.xes.gz,drift_1,change_info_3,activities_deleted,"[f, b, i, j]"
log_12_1692952196.xes.gz,drift_1,change_info_3,activities_added,[]
log_12_1692952196.xes.gz,drift_1,change_info_3,activities_moved,[]
log_12_1692952196.xes.gz,drift_1,change_info_3,change_start,2026-11-13 00:27:38.839697
log_12_1692952196.xes.gz,drift_1,change_info_3,change_end,2028-02-03 07:26:25.991144
log_13_1692952198.xes.gz,drift_1,log_id,1,log_13_1692952198.xes.gz
log_13_1692952198.xes.gz,drift_1,drift_id,1,1
log_13_1692952198.xes.gz,drift_1,process_perspective,1,control-flow
log_13_1692952198.xes.gz,drift_1,process_complexity,1,complex
log_13_1692952198.xes.gz,drift_1,drift_type,1,incremental
log_13_1692952198.xes.gz,drift_1,process_trees_1,0,"X( 'a', ->( *( ->( ->( *( X( 'b', 'o' ), X( 'f', 'n' ) ), 'g' ), ->( 'e', ->( *( 'h', 'l' ), 'm' ) ) ), ->( *( 'c', 'i' ), X( 'j', 'p' ) ) ), +( 'd', 'k' ) ) )"
log_13_1692952198.xes.gz,drift_1,process_trees_2,1,"X( 'a', ->( *( ->( ->( *( X( 'b', 'o' ), X( 'f', 'n' ) ), 'g' ), ->( 'e', ->( *( 'h', 'l' ), 'm' ), 'Random activity 1' ) ), ->( *( 'c', 'i' ), X( 'j', 'p' ) ) ), +( 'd', 'k' ) ) )"
log_13_1692952198.xes.gz,drift_1,process_trees_3,2,"X( 'a', ->( *( ->( ->( *( X( 'b', 'o' ), X( 'f', 'n' ), 'Random activity 2' ), 'g' ), ->( 'e', ->( *( 'h', 'l' ), 'm' ), 'Random activity 1' ) ), ->( *( 'c', 'i' ), X( 'j', 'p' ) ) ), +( 'd', 'k' ) ) )"
log_13_1692952198.xes.gz,drift_1,process_trees_4,3,"X( 'a', ->( *( ->( ->( *( X( 'b', 'o' ), X( 'f', 'n' ), 'Random activity 2' ), 'g' ), ->( 'e', ->( *( 'h', 'l' ), 'm' ), 'Random activity 1' ) ), ->( *( 'c', 'i' ), X( 'j', 'p' ), 'Random activity 3' ) ), +( 'd', 'k' ) ) )"
log_13_1692952198.xes.gz,drift_1,change_info_1,change_type,gradual
log_13_1692952198.xes.gz,drift_1,change_info_1,change_trace_index,"[1285, 2064]"
log_13_1692952198.xes.gz,drift_1,change_info_1,process_tree_before,"X( 'a', ->( *( ->( ->( *( X( 'b', 'o' ), X( 'f', 'n' ) ), 'g' ), ->( 'e', ->( *( 'h', 'l' ), 'm' ) ) ), ->( *( 'c', 'i' ), X( 'j', 'p' ) ) ), +( 'd', 'k' ) ) )"
log_13_1692952198.xes.gz,drift_1,change_info_1,process_tree_after,"X( 'a', ->( *( ->( ->( *( X( 'b', 'o' ), X( 'f', 'n' ) ), 'g' ), ->( 'e', ->( *( 'h', 'l' ), 'm' ), 'Random activity 1' ) ), ->( *( 'c', 'i' ), X( 'j', 'p' ) ) ), +( 'd', 'k' ) ) )"
log_13_1692952198.xes.gz,drift_1,change_info_1,activities_deleted,[]
log_13_1692952198.xes.gz,drift_1,change_info_1,activities_added,[Random activity 1]
log_13_1692952198.xes.gz,drift_1,change_info_1,activities_moved,[]
log_13_1692952198.xes.gz,drift_1,change_info_1,change_start,2021-08-24 15:59:24.514225
log_13_1692952198.xes.gz,drift_1,change_info_1,change_end,2022-09-05 05:10:33.997977
log_13_1692952198.xes.gz,drift_1,change_info_2,change_type,sudden
log_13_1692952198.xes.gz,drift_1,change_info_2,change_trace_index,[3509]
log_13_1692952198.xes.gz,drift_1,change_info_2,process_tree_before,"X( 'a', ->( *( ->( ->( *( X( 'b', 'o' ), X( 'f', 'n' ) ), 'g' ), ->( 'e', ->( *( 'h', 'l' ), 'm' ), 'Random activity 1' ) ), ->( *( 'c', 'i' ), X( 'j', 'p' ) ) ), +( 'd', 'k' ) ) )"
log_13_1692952198.xes.gz,drift_1,change_info_2,process_tree_after,"X( 'a', ->( *( ->( ->( *( X( 'b', 'o' ), X( 'f', 'n' ), 'Random activity 2' ), 'g' ), ->( 'e', ->( *( 'h', 'l' ), 'm' ), 'Random activity 1' ) ), ->( *( 'c', 'i' ), X( 'j', 'p' ) ) ), +( 'd', 'k' ) ) )"
log_13_1692952198.xes.gz,drift_1,change_info_2,activities_deleted,[]
log_13_1692952198.xes.gz,drift_1,change_info_2,activities_added,[Random activity 2]
log_13_1692952198.xes.gz,drift_1,change_info_2,activities_moved,[]
log_13_1692952198.xes.gz,drift_1,change_info_2,change_start,2024-07-16 12:07:56.496615
log_13_1692952198.xes.gz,drift_1,change_info_2,change_end,2024-07-16 12:07:56.496615
log_13_1692952198.xes.gz,drift_1,change_info_3,change_type,sudden
log_13_1692952198.xes.gz,drift_1,change_info_3,change_trace_index,[4569]
log_13_1692952198.xes.gz,drift_1,change_info_3,process_tree_before,"X( 'a', ->( *( ->( ->( *( X( 'b', 'o' ), X( 'f', 'n' ), 'Random activity 2' ), 'g' ), ->( 'e', ->( *( 'h', 'l' ), 'm' ), 'Random activity 1' ) ), ->( *( 'c', 'i' ), X( 'j', 'p' ) ) ), +( 'd', 'k' ) ) )"
log_13_1692952198.xes.gz,drift_1,change_info_3,process_tree_after,"X( 'a', ->( *( ->( ->( *( X( 'b', 'o' ), X( 'f', 'n' ), 'Random activity 2' ), 'g' ), ->( 'e', ->( *( 'h', 'l' ), 'm' ), 'Random activity 1' ) ), ->( *( 'c', 'i' ), X( 'j', 'p' ), 'Random activity 3' ) ), +( 'd', 'k' ) ) )"
log_13_1692952198.xes.gz,drift_1,change_info_3,activities_deleted,[]
log_13_1692952198.xes.gz,drift_1,change_info_3,activities_added,[Random activity 3]
log_13_1692952198.xes.gz,drift_1,change_info_3,activities_moved,[]
log_13_1692952198.xes.gz,drift_1,change_info_3,change_start,2025-12-03 04:36:09.287224
log_13_1692952198.xes.gz,drift_1,change_info_3,change_end,2025-12-03 04:36:09.287224
log_13_1692952198.xes.gz,drift_2,log_id,1,log_13_1692952198.xes.gz
log_13_1692952198.xes.gz,drift_2,drift_id,1,2
log_13_1692952198.xes.gz,drift_2,process_perspective,1,control-flow
log_13_1692952198.xes.gz,drift_2,process_complexity,1,complex
log_13_1692952198.xes.gz,drift_2,drift_type,1,sudden
log_13_1692952198.xes.gz,drift_2,process_trees_1,0,"X( 'a', ->( *( ->( ->( *( X( 'b', 'o' ), X( 'f', 'n' ) ), 'g' ), ->( 'e', ->( *( 'h', 'l' ), 'm' ) ) ), ->( *( 'c', 'i' ), X( 'j', 'p' ) ) ), +( 'd', 'k' ) ) )"
log_13_1692952198.xes.gz,drift_2,process_trees_2,1,"X( 'a', ->( *( ->( ->( *( X( 'b', 'o' ), +( 'f', 'n' ) ), 'g' ), ->( 'Random activity 1', ->( *( 'h', 'l' ), 'm' ) ) ), ->( *( 'c', 'i' ), X( 'j', 'p' ) ) ), X( 'd', 'k' ) ) )"
log_13_1692952198.xes.gz,drift_2,change_info_1,change_type,sudden
log_13_1692952198.xes.gz,drift_2,change_info_1,change_trace_index,[6017]
log_13_1692952198.xes.gz,drift_2,change_info_1,process_tree_before,"X( 'a', ->( *( ->( ->( *( X( 'b', 'o' ), X( 'f', 'n' ) ), 'g' ), ->( 'e', ->( *( 'h', 'l' ), 'm' ) ) ), ->( *( 'c', 'i' ), X( 'j', 'p' ) ) ), +( 'd', 'k' ) ) )"
log_13_1692952198.xes.gz,drift_2,change_info_1,process_tree_after,"X( 'a', ->( *( ->( ->( *( X( 'b', 'o' ), +( 'f', 'n' ) ), 'g' ), ->( 'Random activity 1', ->( *( 'h', 'l' ), 'm' ) ) ), ->( *( 'c', 'i' ), X( 'j', 'p' ) ) ), X( 'd', 'k' ) ) )"
log_13_1692952198.xes.gz,drift_2,change_info_1,activities_deleted,[e]
log_13_1692952198.xes.gz,drift_2,change_info_1,activities_added,[Random activity 1]
log_13_1692952198.xes.gz,drift_2,change_info_1,activities_moved,"[d, k, f, n]"
log_13_1692952198.xes.gz,drift_2,change_info_1,change_start,2027-10-04 12:32:34.088971
log_13_1692952198.xes.gz,drift_2,change_info_1,change_end,2027-10-04 12:32:34.088971
log_13_1692952198.xes.gz,drift_3,log_id,1,log_13_1692952198.xes.gz
log_13_1692952198.xes.gz,drift_3,drift_id,1,3
log_13_1692952198.xes.gz,drift_3,process_perspective,1,control-flow
log_13_1692952198.xes.gz,drift_3,process_complexity,1,complex
log_13_1692952198.xes.gz,drift_3,drift_type,1,recurring
log_13_1692952198.xes.gz,drift_3,process_trees_1,0,"X( 'a', ->( *( ->( ->( *( X( 'b', 'o' ), X( 'f', 'n' ) ), 'g' ), ->( 'e', ->( *( 'h', 'l' ), 'm' ) ) ), ->( *( 'c', 'i' ), X( 'j', 'p' ) ) ), +( 'd', 'k' ) ) )"
log_13_1692952198.xes.gz,drift_3,process_trees_2,1,"X( 'a', ->( *( ->( ->( *( X( 'b', 'o' ), X( 'f', 'n' ) ), 'g' ), ->( 'j', ->( *( 'h', 'l' ), 'm' ) ) ), ->( *( 'c', 'i', 'Random activity 1' ), X( 'e', 'p' ) ) ), +( 'd', 'k' ) ) )"
log_13_1692952198.xes.gz,drift_3,process_trees_3,2,"X( 'a', ->( *( ->( ->( *( X( 'b', 'o' ), X( 'f', 'n' ) ), 'g' ), ->( 'e', ->( *( 'h', 'l' ), 'm' ) ) ), ->( *( 'c', 'i' ), X( 'j', 'p' ) ) ), +( 'd', 'k' ) ) )"
log_13_1692952198.xes.gz,drift_3,process_trees_4,3,"X( 'a', ->( *( ->( ->( *( X( 'b', 'o' ), X( 'f', 'n' ) ), 'g' ), ->( 'j', ->( *( 'h', 'l' ), 'm' ) ) ), ->( *( 'c', 'i', 'Random activity 1' ), X( 'e', 'p' ) ) ), +( 'd', 'k' ) ) )"
log_13_1692952198.xes.gz,drift_3,change_info_1,change_type,sudden
log_13_1692952198.xes.gz,drift_3,change_info_1,change_trace_index,[7324]
log_13_1692952198.xes.gz,drift_3,change_info_1,process_tree_before,"X( 'a', ->( *( ->( ->( *( X( 'b', 'o' ), X( 'f', 'n' ) ), 'g' ), ->( 'e', ->( *( 'h', 'l' ), 'm' ) ) ), ->( *( 'c', 'i' ), X( 'j', 'p' ) ) ), +( 'd', 'k' ) ) )"
log_13_1692952198.xes.gz,drift_3,change_info_1,process_tree_after,"X( 'a', ->( *( ->( ->( *( X( 'b', 'o' ), X( 'f', 'n' ) ), 'g' ), ->( 'j', ->( *( 'h', 'l' ), 'm' ) ) ), ->( *( 'c', 'i', 'Random activity 1' ), X( 'e', 'p' ) ) ), +( 'd', 'k' ) ) )"
log_13_1692952198.xes.gz,drift_3,change_info_1,activities_deleted,[]
log_13_1692952198.xes.gz,drift_3,change_info_1,activities_added,[Random activity 1]
log_13_1692952198.xes.gz,drift_3,change_info_1,activities_moved,"[e, j]"
log_13_1692952198.xes.gz,drift_3,change_info_1,change_start,2029-06-02 21:46:24.930019
log_13_1692952198.xes.gz,drift_3,change_info_1,change_end,2029-06-02 21:46:24.930019
log_13_1692952198.xes.gz,drift_3,change_info_2,change_type,sudden
log_13_1692952198.xes.gz,drift_3,change_info_2,change_trace_index,[8391]
log_13_1692952198.xes.gz,drift_3,change_info_2,process_tree_before,"X( 'a', ->( *( ->( ->( *( X( 'b', 'o' ), X( 'f', 'n' ) ), 'g' ), ->( 'j', ->( *( 'h', 'l' ), 'm' ) ) ), ->( *( 'c', 'i', 'Random activity 1' ), X( 'e', 'p' ) ) ), +( 'd', 'k' ) ) )"
log_13_1692952198.xes.gz,drift_3,change_info_2,process_tree_after,"X( 'a', ->( *( ->( ->( *( X( 'b', 'o' ), X( 'f', 'n' ) ), 'g' ), ->( 'e', ->( *( 'h', 'l' ), 'm' ) ) ), ->( *( 'c', 'i' ), X( 'j', 'p' ) ) ), +( 'd', 'k' ) ) )"
log_13_1692952198.xes.gz,drift_3,change_info_2,activities_deleted,[Random activity 1]
log_13_1692952198.xes.gz,drift_3,change_info_2,activities_added,[]
log_13_1692952198.xes.gz,drift_3,change_info_2,activities_moved,"[e, j]"
log_13_1692952198.xes.gz,drift_3,change_info_2,change_start,2030-09-19 06:08:55.504799
log_13_1692952198.xes.gz,drift_3,change_info_2,change_end,2030-09-19 06:08:55.504799
log_13_1692952198.xes.gz,drift_3,change_info_3,change_type,sudden
log_13_1692952198.xes.gz,drift_3,change_info_3,change_trace_index,[9657]
log_13_1692952198.xes.gz,drift_3,change_info_3,process_tree_before,"X( 'a', ->( *( ->( ->( *( X( 'b', 'o' ), X( 'f', 'n' ) ), 'g' ), ->( 'e', ->( *( 'h', 'l' ), 'm' ) ) ), ->( *( 'c', 'i' ), X( 'j', 'p' ) ) ), +( 'd', 'k' ) ) )"
log_13_1692952198.xes.gz,drift_3,change_info_3,process_tree_after,"X( 'a', ->( *( ->( ->( *( X( 'b', 'o' ), X( 'f', 'n' ) ), 'g' ), ->( 'j', ->( *( 'h', 'l' ), 'm' ) ) ), ->( *( 'c', 'i', 'Random activity 1' ), X( 'e', 'p' ) ) ), +( 'd', 'k' ) ) )"
log_13_1692952198.xes.gz,drift_3,change_info_3,activities_deleted,[]
log_13_1692952198.xes.gz,drift_3,change_info_3,activities_added,[Random activity 1]
log_13_1692952198.xes.gz,drift_3,change_info_3,activities_moved,"[e, j]"
log_13_1692952198.xes.gz,drift_3,change_info_3,change_start,2032-03-25 04:54:27.503160
log_13_1692952198.xes.gz,drift_3,change_info_3,change_end,2032-03-25 04:54:27.503160
log_14_1692952206.xes.gz,drift_1,log_id,1,log_14_1692952206.xes.gz
log_14_1692952206.xes.gz,drift_1,drift_id,1,1
log_14_1692952206.xes.gz,drift_1,process_perspective,1,control-flow
log_14_1692952206.xes.gz,drift_1,process_complexity,1,simple
log_14_1692952206.xes.gz,drift_1,drift_type,1,incremental
log_14_1692952206.xes.gz,drift_1,process_trees_1,0,"->( ->( ->( *( 'a', ->( 'd', 'f' ) ), 'e' ), 'c' ), 'b' )"
log_14_1692952206.xes.gz,drift_1,process_trees_2,1,"->( ->( ->( *( 'a', ->( 'd', 'f' ) ), 'e' ), 'c' ), *tau* )"
log_14_1692952206.xes.gz,drift_1,process_trees_3,2,"->( ->( ->( *( 'a', ->( 'd', 'f' ) ), 'e' ), 'c' ), *tau*, 'Random activity 1' )"
log_14_1692952206.xes.gz,drift_1,process_trees_4,3,"->( ->( ->( *( 'a', ->( 'd', 'f' ) ), 'e' ), 'c', 'Random activity 2' ), *tau*, 'Random activity 1' )"
log_14_1692952206.xes.gz,drift_1,change_info_1,change_type,gradual
log_14_1692952206.xes.gz,drift_1,change_info_1,change_trace_index,"[1181, 2047]"
log_14_1692952206.xes.gz,drift_1,change_info_1,process_tree_before,"->( ->( ->( *( 'a', ->( 'd', 'f' ) ), 'e' ), 'c' ), 'b' )"
log_14_1692952206.xes.gz,drift_1,change_info_1,process_tree_after,"->( ->( ->( *( 'a', ->( 'd', 'f' ) ), 'e' ), 'c' ), *tau* )"
log_14_1692952206.xes.gz,drift_1,change_info_1,activities_deleted,[b]
log_14_1692952206.xes.gz,drift_1,change_info_1,activities_added,[]
log_14_1692952206.xes.gz,drift_1,change_info_1,activities_moved,[]
log_14_1692952206.xes.gz,drift_1,change_info_1,change_start,2021-07-20 02:04:34.956157
log_14_1692952206.xes.gz,drift_1,change_info_1,change_end,2022-08-04 16:26:55.633129
log_14_1692952206.xes.gz,drift_1,change_info_2,change_type,gradual
log_14_1692952206.xes.gz,drift_1,change_info_2,change_trace_index,"[3186, 3975]"
log_14_1692952206.xes.gz,drift_1,change_info_2,process_tree_before,"->( ->( ->( *( 'a', ->( 'd', 'f' ) ), 'e' ), 'c' ), *tau* )"
log_14_1692952206.xes.gz,drift_1,change_info_2,process_tree_after,"->( ->( ->( *( 'a', ->( 'd', 'f' ) ), 'e' ), 'c' ), *tau*, 'Random activity 1' )"
log_14_1692952206.xes.gz,drift_1,change_info_2,activities_deleted,[]
log_14_1692952206.xes.gz,drift_1,change_info_2,activities_added,[Random activity 1]
log_14_1692952206.xes.gz,drift_1,change_info_2,activities_moved,[]
log_14_1692952206.xes.gz,drift_1,change_info_2,change_start,2024-01-18 20:08:56.151612
log_14_1692952206.xes.gz,drift_1,change_info_2,change_end,2025-02-04 22:32:52.771082
log_14_1692952206.xes.gz,drift_1,change_info_3,change_type,sudden
log_14_1692952206.xes.gz,drift_1,change_info_3,change_trace_index,[5113]
log_14_1692952206.xes.gz,drift_1,change_info_3,process_tree_before,"->( ->( ->( *( 'a', ->( 'd', 'f' ) ), 'e' ), 'c' ), *tau*, 'Random activity 1' )"
log_14_1692952206.xes.gz,drift_1,change_info_3,process_tree_after,"->( ->( ->( *( 'a', ->( 'd', 'f' ) ), 'e' ), 'c', 'Random activity 2' ), *tau*, 'Random activity 1' )"
log_14_1692952206.xes.gz,drift_1,change_info_3,activities_deleted,[]
log_14_1692952206.xes.gz,drift_1,change_info_3,activities_added,[Random activity 2]
log_14_1692952206.xes.gz,drift_1,change_info_3,activities_moved,[]
log_14_1692952206.xes.gz,drift_1,change_info_3,change_start,2026-07-22 02:54:34.991972
log_14_1692952206.xes.gz,drift_1,change_info_3,change_end,2026-07-22 02:54:34.991972
log_14_1692952206.xes.gz,drift_2,log_id,1,log_14_1692952206.xes.gz
log_14_1692952206.xes.gz,drift_2,drift_id,1,2
log_14_1692952206.xes.gz,drift_2,process_perspective,1,control-flow
log_14_1692952206.xes.gz,drift_2,process_complexity,1,simple
log_14_1692952206.xes.gz,drift_2,drift_type,1,incremental
log_14_1692952206.xes.gz,drift_2,process_trees_1,0,"->( ->( ->( *( 'a', ->( 'd', 'f' ) ), 'e' ), 'c' ), 'b' )"
log_14_1692952206.xes.gz,drift_2,process_trees_2,1,"->( ->( ->( *( *tau*, ->( 'd', 'f' ) ), 'e' ), 'c' ), 'b' )"
log_14_1692952206.xes.gz,drift_2,process_trees_3,2,"->( ->( ->( *( *tau*, ->( 'd', 'f' ), 'Random activity 1' ), 'e' ), 'c' ), 'b' )"
log_14_1692952206.xes.gz,drift_2,process_trees_4,3,"->( ->( ->( *( *tau*, ->( *tau*, 'f' ), 'Random activity 1' ), 'e' ), 'c' ), 'b' )"
log_14_1692952206.xes.gz,drift_2,change_info_1,change_type,sudden
log_14_1692952206.xes.gz,drift_2,change_info_1,change_trace_index,[6441]
log_14_1692952206.xes.gz,drift_2,change_info_1,process_tree_before,"->( ->( ->( *( 'a', ->( 'd', 'f' ) ), 'e' ), 'c' ), 'b' )"
log_14_1692952206.xes.gz,drift_2,change_info_1,process_tree_after,"->( ->( ->( *( *tau*, ->( 'd', 'f' ) ), 'e' ), 'c' ), 'b' )"
log_14_1692952206.xes.gz,drift_2,change_info_1,activities_deleted,[a]
log_14_1692952206.xes.gz,drift_2,change_info_1,activities_added,[]
log_14_1692952206.xes.gz,drift_2,change_info_1,activities_moved,[]
log_14_1692952206.xes.gz,drift_2,change_info_1,change_start,2028-03-24 21:29:58.355881
log_14_1692952206.xes.gz,drift_2,change_info_1,change_end,2028-03-24 21:29:58.355881
log_14_1692952206.xes.gz,drift_2,change_info_2,change_type,sudden
log_14_1692952206.xes.gz,drift_2,change_info_2,change_trace_index,[7617]
log_14_1692952206.xes.gz,drift_2,change_info_2,process_tree_before,"->( ->( ->( *( *tau*, ->( 'd', 'f' ) ), 'e' ), 'c' ), 'b' )"
log_14_1692952206.xes.gz,drift_2,change_info_2,process_tree_after,"->( ->( ->( *( *tau*, ->( 'd', 'f' ), 'Random activity 1' ), 'e' ), 'c' ), 'b' )"
log_14_1692952206.xes.gz,drift_2,change_info_2,activities_deleted,[]
log_14_1692952206.xes.gz,drift_2,change_info_2,activities_added,[Random activity 1]
log_14_1692952206.xes.gz,drift_2,change_info_2,activities_moved,[]
log_14_1692952206.xes.gz,drift_2,change_info_2,change_start,2029-09-23 06:56:24.211133
log_14_1692952206.xes.gz,drift_2,change_info_2,change_end,2029-09-23 06:56:24.211133
log_14_1692952206.xes.gz,drift_2,change_info_3,change_type,sudden
log_14_1692952206.xes.gz,drift_2,change_info_3,change_trace_index,[8917]
log_14_1692952206.xes.gz,drift_2,change_info_3,process_tree_before,"->( ->( ->( *( *tau*, ->( 'd', 'f' ), 'Random activity 1' ), 'e' ), 'c' ), 'b' )"
log_14_1692952206.xes.gz,drift_2,change_info_3,process_tree_after,"->( ->( ->( *( *tau*, ->( *tau*, 'f' ), 'Random activity 1' ), 'e' ), 'c' ), 'b' )"
log_14_1692952206.xes.gz,drift_2,change_info_3,activities_deleted,[d]
log_14_1692952206.xes.gz,drift_2,change_info_3,activities_added,[]
log_14_1692952206.xes.gz,drift_2,change_info_3,activities_moved,[]
log_14_1692952206.xes.gz,drift_2,change_info_3,change_start,2031-04-15 13:30:21.122067
log_14_1692952206.xes.gz,drift_2,change_info_3,change_end,2031-04-15 13:30:21.122067
log_15_1692952210.xes.gz,drift_1,log_id,1,log_15_1692952210.xes.gz
log_15_1692952210.xes.gz,drift_1,drift_id,1,1
log_15_1692952210.xes.gz,drift_1,process_perspective,1,control-flow
log_15_1692952210.xes.gz,drift_1,process_complexity,1,complex
log_15_1692952210.xes.gz,drift_1,drift_type,1,recurring
log_15_1692952210.xes.gz,drift_1,process_trees_1,0,"->( X( +( X( ->( *( X( ->( *( 'a', 'm' ), 'n' ), 'k' ), 'h' ), 'i' ), ->( 'f', 'l' ) ), X( 'd', 'j' ) ), 'c' ), ->( ->( 'b', 'g' ), 'e' ) )"
log_15_1692952210.xes.gz,drift_1,process_trees_2,1,"->( X( +( X( ->( *( X( ->( *( 'a', 'm' ), 'n' ), 'k' ), 'h' ), 'i' ), +( 'f', 'l' ) ), X( 'd', 'j' ) ), 'Random activity 1' ), ->( ->( 'b', 'g' ), 'e' ) )"
log_15_1692952210.xes.gz,drift_1,process_trees_3,2,"->( X( +( X( ->( *( X( ->( *( 'a', 'm' ), 'n' ), 'k' ), 'h' ), 'i' ), ->( 'f', 'l' ) ), X( 'd', 'j' ) ), 'c' ), ->( ->( 'b', 'g' ), 'e' ) )"
log_15_1692952210.xes.gz,drift_1,process_trees_4,3,"->( X( +( X( ->( *( X( ->( *( 'a', 'm' ), 'n' ), 'k' ), 'h' ), 'i' ), +( 'f', 'l' ) ), X( 'd', 'j' ) ), 'Random activity 1' ), ->( ->( 'b', 'g' ), 'e' ) )"
log_15_1692952210.xes.gz,drift_1,change_info_1,change_type,gradual
log_15_1692952210.xes.gz,drift_1,change_info_1,change_trace_index,"[1116, 1697]"
log_15_1692952210.xes.gz,drift_1,change_info_1,process_tree_before,"->( X( +( X( ->( *( X( ->( *( 'a', 'm' ), 'n' ), 'k' ), 'h' ), 'i' ), ->( 'f', 'l' ) ), X( 'd', 'j' ) ), 'c' ), ->( ->( 'b', 'g' ), 'e' ) )"
log_15_1692952210.xes.gz,drift_1,change_info_1,process_tree_after,"->( X( +( X( ->( *( X( ->( *( 'a', 'm' ), 'n' ), 'k' ), 'h' ), 'i' ), +( 'f', 'l' ) ), X( 'd', 'j' ) ), 'Random activity 1' ), ->( ->( 'b', 'g' ), 'e' ) )"
log_15_1692952210.xes.gz,drift_1,change_info_1,activities_deleted,[c]
log_15_1692952210.xes.gz,drift_1,change_info_1,activities_added,[Random activity 1]
log_15_1692952210.xes.gz,drift_1,change_info_1,activities_moved,"[f, l]"
log_15_1692952210.xes.gz,drift_1,change_info_1,change_start,2021-04-29 04:17:15.043333
log_15_1692952210.xes.gz,drift_1,change_info_1,change_end,2022-01-16 22:44:54.778377
log_15_1692952210.xes.gz,drift_1,change_info_2,change_type,sudden
log_15_1692952210.xes.gz,drift_1,change_info_2,change_trace_index,[3004]
log_15_1692952210.xes.gz,drift_1,change_info_2,process_tree_before,"->( X( +( X( ->( *( X( ->( *( 'a', 'm' ), 'n' ), 'k' ), 'h' ), 'i' ), +( 'f', 'l' ) ), X( 'd', 'j' ) ), 'Random activity 1' ), ->( ->( 'b', 'g' ), 'e' ) )"
log_15_1692952210.xes.gz,drift_1,change_info_2,process_tree_after,"->( X( +( X( ->( *( X( ->( *( 'a', 'm' ), 'n' ), 'k' ), 'h' ), 'i' ), ->( 'f', 'l' ) ), X( 'd', 'j' ) ), 'c' ), ->( ->( 'b', 'g' ), 'e' ) )"
log_15_1692952210.xes.gz,drift_1,change_info_2,activities_deleted,[Random activity 1]
log_15_1692952210.xes.gz,drift_1,change_info_2,activities_added,[c]
log_15_1692952210.xes.gz,drift_1,change_info_2,activities_moved,"[f, l]"
log_15_1692952210.xes.gz,drift_1,change_info_2,change_start,2023-09-07 14:09:15.012548
log_15_1692952210.xes.gz,drift_1,change_info_2,change_end,2023-09-07 14:09:15.012548
log_15_1692952210.xes.gz,drift_1,change_info_3,change_type,gradual
log_15_1692952210.xes.gz,drift_1,change_info_3,change_trace_index,"[4092, 4699]"
log_15_1692952210.xes.gz,drift_1,change_info_3,process_tree_before,"->( X( +( X( ->( *( X( ->( *( 'a', 'm' ), 'n' ), 'k' ), 'h' ), 'i' ), ->( 'f', 'l' ) ), X( 'd', 'j' ) ), 'c' ), ->( ->( 'b', 'g' ), 'e' ) )"
log_15_1692952210.xes.gz,drift_1,change_info_3,process_tree_after,"->( X( +( X( ->( *( X( ->( *( 'a', 'm' ), 'n' ), 'k' ), 'h' ), 'i' ), +( 'f', 'l' ) ), X( 'd', 'j' ) ), 'Random activity 1' ), ->( ->( 'b', 'g' ), 'e' ) )"
log_15_1692952210.xes.gz,drift_1,change_info_3,activities_deleted,[c]
log_15_1692952210.xes.gz,drift_1,change_info_3,activities_added,[Random activity 1]
log_15_1692952210.xes.gz,drift_1,change_info_3,activities_moved,"[f, l]"
log_15_1692952210.xes.gz,drift_1,change_info_3,change_start,2025-01-19 03:18:39.515794
log_15_1692952210.xes.gz,drift_1,change_info_3,change_end,2025-11-02 16:13:27.355871
log_15_1692952210.xes.gz,drift_2,log_id,1,log_15_1692952210.xes.gz
log_15_1692952210.xes.gz,drift_2,drift_id,1,2
log_15_1692952210.xes.gz,drift_2,process_perspective,1,control-flow
log_15_1692952210.xes.gz,drift_2,process_complexity,1,complex
log_15_1692952210.xes.gz,drift_2,drift_type,1,sudden
log_15_1692952210.xes.gz,drift_2,process_trees_1,0,"->( X( +( X( ->( *( X( ->( *( 'a', 'm' ), 'n' ), 'k' ), 'h' ), 'i' ), ->( 'f', 'l' ) ), X( 'd', 'j' ) ), 'c' ), ->( ->( 'b', 'g' ), 'e' ) )"
log_15_1692952210.xes.gz,drift_2,process_trees_2,1,"->( X( +( X( ->( *( X( ->( *( 'a', 'm', X( 'd', 'j' ) ), *tau* ), 'k' ), 'h' ), 'i' ), ->( 'f', 'l' ) ), *tau* ), 'c' ), ->( ->( 'b', 'g' ), 'e' ) )"
log_15_1692952210.xes.gz,drift_2,change_info_1,change_type,sudden
log_15_1692952210.xes.gz,drift_2,change_info_1,change_trace_index,[5989]
log_15_1692952210.xes.gz,drift_2,change_info_1,process_tree_before,"->( X( +( X( ->( *( X( ->( *( 'a', 'm' ), 'n' ), 'k' ), 'h' ), 'i' ), ->( 'f', 'l' ) ), X( 'd', 'j' ) ), 'c' ), ->( ->( 'b', 'g' ), 'e' ) )"
log_15_1692952210.xes.gz,drift_2,change_info_1,process_tree_after,"->( X( +( X( ->( *( X( ->( *( 'a', 'm', X( 'd', 'j' ) ), *tau* ), 'k' ), 'h' ), 'i' ), ->( 'f', 'l' ) ), *tau* ), 'c' ), ->( ->( 'b', 'g' ), 'e' ) )"
log_15_1692952210.xes.gz,drift_2,change_info_1,activities_deleted,[n]
log_15_1692952210.xes.gz,drift_2,change_info_1,activities_added,[]
log_15_1692952210.xes.gz,drift_2,change_info_1,activities_moved,"[d, j]"
log_15_1692952210.xes.gz,drift_2,change_info_1,change_start,2027-06-25 22:05:56.303385
log_15_1692952210.xes.gz,drift_2,change_info_1,change_end,2027-06-25 22:05:56.303385
log_15_1692952210.xes.gz,drift_3,log_id,1,log_15_1692952210.xes.gz
log_15_1692952210.xes.gz,drift_3,drift_id,1,3
log_15_1692952210.xes.gz,drift_3,process_perspective,1,control-flow
log_15_1692952210.xes.gz,drift_3,process_complexity,1,complex
log_15_1692952210.xes.gz,drift_3,drift_type,1,gradual
log_15_1692952210.xes.gz,drift_3,process_trees_1,0,"->( X( +( X( ->( *( X( ->( *( 'a', 'm' ), 'n' ), 'k' ), 'h' ), 'i' ), ->( 'f', 'l' ) ), X( 'd', 'j' ) ), 'c' ), ->( ->( 'b', 'g' ), 'e' ) )"
log_15_1692952210.xes.gz,drift_3,process_trees_2,1,"->( X( +( X( ->( *( X( ->( *( 'a', 'm' ), 'n' ), 'k' ), X( 'd', 'j' ) ), 'i' ), ->( 'Random activity 1', 'l' ) ), 'h' ), 'c' ), ->( ->( 'b', 'g' ), 'e' ) )"
log_15_1692952210.xes.gz,drift_3,change_info_1,change_type,gradual
log_15_1692952210.xes.gz,drift_3,change_info_1,change_trace_index,"[7446, 8227]"
log_15_1692952210.xes.gz,drift_3,change_info_1,process_tree_before,"->( X( +( X( ->( *( X( ->( *( 'a', 'm' ), 'n' ), 'k' ), 'h' ), 'i' ), ->( 'f', 'l' ) ), X( 'd', 'j' ) ), 'c' ), ->( ->( 'b', 'g' ), 'e' ) )"
log_15_1692952210.xes.gz,drift_3,change_info_1,process_tree_after,"->( X( +( X( ->( *( X( ->( *( 'a', 'm' ), 'n' ), 'k' ), X( 'd', 'j' ) ), 'i' ), ->( 'Random activity 1', 'l' ) ), 'h' ), 'c' ), ->( ->( 'b', 'g' ), 'e' ) )"
log_15_1692952210.xes.gz,drift_3,change_info_1,activities_deleted,[f]
log_15_1692952210.xes.gz,drift_3,change_info_1,activities_added,[Random activity 1]
log_15_1692952210.xes.gz,drift_3,change_info_1,activities_moved,"[h, d, j]"
log_15_1692952210.xes.gz,drift_3,change_info_1,change_start,2029-05-06 11:02:57.633570
log_15_1692952210.xes.gz,drift_3,change_info_1,change_end,2030-04-24 21:26:02.374279
log_16_1692952213.xes.gz,drift_1,log_id,1,log_16_1692952213.xes.gz
log_16_1692952213.xes.gz,drift_1,drift_id,1,1
log_16_1692952213.xes.gz,drift_1,process_perspective,1,control-flow
log_16_1692952213.xes.gz,drift_1,process_complexity,1,middle
log_16_1692952213.xes.gz,drift_1,drift_type,1,incremental
log_16_1692952213.xes.gz,drift_1,process_trees_1,0,"+( ->( +( 'a', 'k' ), +( 'c', 'd' ) ), X( ->( *( 'b', +( 'f', 'j' ) ), ->( *( 'g', 'h' ), 'i' ) ), 'e' ) )"
log_16_1692952213.xes.gz,drift_1,process_trees_2,1,"+( ->( +( 'a', 'k', 'Random activity 1' ), +( 'c', 'd' ) ), X( ->( *( 'b', +( 'f', 'j' ) ), ->( *( 'g', 'h' ), 'i' ) ), 'e' ) )"
log_16_1692952213.xes.gz,drift_1,process_trees_3,2,"+( ->( +( 'a', 'k', 'Random activity 1' ), +( 'c', 'd' ) ), X( ->( *( 'b', +( 'f', *tau* ) ), ->( *( 'g', 'h' ), 'i' ) ), 'e' ) )"
log_16_1692952213.xes.gz,drift_1,process_trees_4,3,"+( ->( +( 'a', 'k', 'Random activity 1' ), +( 'c', 'd' ) ), X( ->( *( 'b', +( 'f', *tau* ), 'Random activity 2' ), ->( *( 'g', 'h' ), 'i' ) ), 'e' ) )"
log_16_1692952213.xes.gz,drift_1,change_info_1,change_type,sudden
log_16_1692952213.xes.gz,drift_1,change_info_1,change_trace_index,[1356]
log_16_1692952213.xes.gz,drift_1,change_info_1,process_tree_before,"+( ->( +( 'a', 'k' ), +( 'c', 'd' ) ), X( ->( *( 'b', +( 'f', 'j' ) ), ->( *( 'g', 'h' ), 'i' ) ), 'e' ) )"
log_16_1692952213.xes.gz,drift_1,change_info_1,process_tree_after,"+( ->( +( 'a', 'k', 'Random activity 1' ), +( 'c', 'd' ) ), X( ->( *( 'b', +( 'f', 'j' ) ), ->( *( 'g', 'h' ), 'i' ) ), 'e' ) )"
log_16_1692952213.xes.gz,drift_1,change_info_1,activities_deleted,[]
log_16_1692952213.xes.gz,drift_1,change_info_1,activities_added,[Random activity 1]
log_16_1692952213.xes.gz,drift_1,change_info_1,activities_moved,[]
log_16_1692952213.xes.gz,drift_1,change_info_1,change_start,2021-09-20 17:45:38.566535
log_16_1692952213.xes.gz,drift_1,change_info_1,change_end,2021-09-20 17:45:38.566535
log_16_1692952213.xes.gz,drift_1,change_info_2,change_type,sudden
log_16_1692952213.xes.gz,drift_1,change_info_2,change_trace_index,[2761]
log_16_1692952213.xes.gz,drift_1,change_info_2,process_tree_before,"+( ->( +( 'a', 'k', 'Random activity 1' ), +( 'c', 'd' ) ), X( ->( *( 'b', +( 'f', 'j' ) ), ->( *( 'g', 'h' ), 'i' ) ), 'e' ) )"
log_16_1692952213.xes.gz,drift_1,change_info_2,process_tree_after,"+( ->( +( 'a', 'k', 'Random activity 1' ), +( 'c', 'd' ) ), X( ->( *( 'b', +( 'f', *tau* ) ), ->( *( 'g', 'h' ), 'i' ) ), 'e' ) )"
log_16_1692952213.xes.gz,drift_1,change_info_2,activities_deleted,[j]
log_16_1692952213.xes.gz,drift_1,change_info_2,activities_added,[]
log_16_1692952213.xes.gz,drift_1,change_info_2,activities_moved,[]
log_16_1692952213.xes.gz,drift_1,change_info_2,change_start,2023-05-14 07:16:19.936159
log_16_1692952213.xes.gz,drift_1,change_info_2,change_end,2023-05-14 07:16:19.936159
log_16_1692952213.xes.gz,drift_1,change_info_3,change_type,gradual
log_16_1692952213.xes.gz,drift_1,change_info_3,change_trace_index,"[3835, 4592]"
log_16_1692952213.xes.gz,drift_1,change_info_3,process_tree_before,"+( ->( +( 'a', 'k', 'Random activity 1' ), +( 'c', 'd' ) ), X( ->( *( 'b', +( 'f', *tau* ) ), ->( *( 'g', 'h' ), 'i' ) ), 'e' ) )"
log_16_1692952213.xes.gz,drift_1,change_info_3,process_tree_after,"+( ->( +( 'a', 'k', 'Random activity 1' ), +( 'c', 'd' ) ), X( ->( *( 'b', +( 'f', *tau* ), 'Random activity 2' ), ->( *( 'g', 'h' ), 'i' ) ), 'e' ) )"
log_16_1692952213.xes.gz,drift_1,change_info_3,activities_deleted,[]
log_16_1692952213.xes.gz,drift_1,change_info_3,activities_added,[Random activity 2]
log_16_1692952213.xes.gz,drift_1,change_info_3,activities_moved,[]
log_16_1692952213.xes.gz,drift_1,change_info_3,change_start,2024-10-11 04:24:20.119915
log_16_1692952213.xes.gz,drift_1,change_info_3,change_end,2025-09-13 08:06:23.273579
log_16_1692952213.xes.gz,drift_2,log_id,1,log_16_1692952213.xes.gz
log_16_1692952213.xes.gz,drift_2,drift_id,1,2
log_16_1692952213.xes.gz,drift_2,process_perspective,1,control-flow
log_16_1692952213.xes.gz,drift_2,process_complexity,1,middle
log_16_1692952213.xes.gz,drift_2,drift_type,1,incremental
log_16_1692952213.xes.gz,drift_2,process_trees_1,0,"+( ->( +( 'a', 'k' ), +( 'c', 'd' ) ), X( ->( *( 'b', +( 'f', 'j' ) ), ->( *( 'g', 'h' ), 'i' ) ), 'e' ) )"
log_16_1692952213.xes.gz,drift_2,process_trees_2,1,"+( ->( +( 'a', 'k' ), +( 'c', 'd' ) ), X( ->( *( 'b', +( 'f', 'j', 'Random activity 1' ) ), ->( *( 'g', 'h' ), 'i' ) ), 'e' ) )"
log_16_1692952213.xes.gz,drift_2,process_trees_3,2,"+( ->( +( 'a', 'k' ), +( 'c', 'd' ) ), X( ->( *( 'b', +( 'f', 'j', 'Random activity 1' ) ), ->( *( *tau*, 'h' ), 'i' ) ), 'e' ) )"
log_16_1692952213.xes.gz,drift_2,process_trees_4,3,"+( ->( +( 'a', 'k' ), +( 'c', 'd' ) ), X( ->( *( 'b', +( 'f', 'j', 'Random activity 1' ) ), ->( *( *tau*, 'h' ), 'i' ) ), 'e', 'Random activity 2' ) )"
log_16_1692952213.xes.gz,drift_2,change_info_1,change_type,sudden
log_16_1692952213.xes.gz,drift_2,change_info_1,change_trace_index,[5716]
log_16_1692952213.xes.gz,drift_2,change_info_1,process_tree_before,"+( ->( +( 'a', 'k' ), +( 'c', 'd' ) ), X( ->( *( 'b', +( 'f', 'j' ) ), ->( *( 'g', 'h' ), 'i' ) ), 'e' ) )"
log_16_1692952213.xes.gz,drift_2,change_info_1,process_tree_after,"+( ->( +( 'a', 'k' ), +( 'c', 'd' ) ), X( ->( *( 'b', +( 'f', 'j', 'Random activity 1' ) ), ->( *( 'g', 'h' ), 'i' ) ), 'e' ) )"
log_16_1692952213.xes.gz,drift_2,change_info_1,activities_deleted,[]
log_16_1692952213.xes.gz,drift_2,change_info_1,activities_added,[Random activity 1]
log_16_1692952213.xes.gz,drift_2,change_info_1,activities_moved,[]
log_16_1692952213.xes.gz,drift_2,change_info_1,change_start,2027-01-20 18:58:33.409423
log_16_1692952213.xes.gz,drift_2,change_info_1,change_end,2027-01-20 18:58:33.409423
log_16_1692952213.xes.gz,drift_2,change_info_2,change_type,sudden
log_16_1692952213.xes.gz,drift_2,change_info_2,change_trace_index,[6979]
log_16_1692952213.xes.gz,drift_2,change_info_2,process_tree_before,"+( ->( +( 'a', 'k' ), +( 'c', 'd' ) ), X( ->( *( 'b', +( 'f', 'j', 'Random activity 1' ) ), ->( *( 'g', 'h' ), 'i' ) ), 'e' ) )"
log_16_1692952213.xes.gz,drift_2,change_info_2,process_tree_after,"+( ->( +( 'a', 'k' ), +( 'c', 'd' ) ), X( ->( *( 'b', +( 'f', 'j', 'Random activity 1' ) ), ->( *( *tau*, 'h' ), 'i' ) ), 'e' ) )"
log_16_1692952213.xes.gz,drift_2,change_info_2,activities_deleted,[g]
log_16_1692952213.xes.gz,drift_2,change_info_2,activities_added,[]
log_16_1692952213.xes.gz,drift_2,change_info_2,activities_moved,[]
log_16_1692952213.xes.gz,drift_2,change_info_2,change_start,2028-08-16 23:10:12.066155
log_16_1692952213.xes.gz,drift_2,change_info_2,change_end,2028-08-16 23:10:12.066155
log_16_1692952213.xes.gz,drift_2,change_info_3,change_type,gradual
log_16_1692952213.xes.gz,drift_2,change_info_3,change_trace_index,"[8389, 9274]"
log_16_1692952213.xes.gz,drift_2,change_info_3,process_tree_before,"+( ->( +( 'a', 'k' ), +( 'c', 'd' ) ), X( ->( *( 'b', +( 'f', 'j', 'Random activity 1' ) ), ->( *( *tau*, 'h' ), 'i' ) ), 'e' ) )"
log_16_1692952213.xes.gz,drift_2,change_info_3,process_tree_after,"+( ->( +( 'a', 'k' ), +( 'c', 'd' ) ), X( ->( *( 'b', +( 'f', 'j', 'Random activity 1' ) ), ->( *( *tau*, 'h' ), 'i' ) ), 'e', 'Random activity 2' ) )"
log_16_1692952213.xes.gz,drift_2,change_info_3,activities_deleted,[]
log_16_1692952213.xes.gz,drift_2,change_info_3,activities_added,[Random activity 2]
log_16_1692952213.xes.gz,drift_2,change_info_3,activities_moved,[]
log_16_1692952213.xes.gz,drift_2,change_info_3,change_start,2030-04-24 11:33:09.520628
log_16_1692952213.xes.gz,drift_2,change_info_3,change_end,2031-05-21 03:09:27.452252
log_16_1692952213.xes.gz,drift_3,log_id,1,log_16_1692952213.xes.gz
log_16_1692952213.xes.gz,drift_3,drift_id,1,3
log_16_1692952213.xes.gz,drift_3,process_perspective,1,control-flow
log_16_1692952213.xes.gz,drift_3,process_complexity,1,middle
log_16_1692952213.xes.gz,drift_3,drift_type,1,recurring
log_16_1692952213.xes.gz,drift_3,process_trees_1,0,"+( ->( +( 'a', 'k' ), +( 'c', 'd' ) ), X( ->( *( 'b', +( 'f', 'j' ) ), ->( *( 'g', 'h' ), 'i' ) ), 'e' ) )"
log_16_1692952213.xes.gz,drift_3,process_trees_2,1,"+( ->( +( 'a', *tau* ), +( 'c', 'd' ) ), X( ->( *( 'b', +( 'f', 'j', 'Random activity 2' ) ), ->( *( 'g', 'h' ), 'i', 'Random activity 1' ) ), 'e' ) )"
log_16_1692952213.xes.gz,drift_3,process_trees_3,2,"+( ->( +( 'a', 'k' ), +( 'c', 'd' ) ), X( ->( *( 'b', +( 'f', 'j' ) ), ->( *( 'g', 'h' ), 'i' ) ), 'e' ) )"
log_16_1692952213.xes.gz,drift_3,process_trees_4,3,"+( ->( +( 'a', *tau* ), +( 'c', 'd' ) ), X( ->( *( 'b', +( 'f', 'j', 'Random activity 2' ) ), ->( *( 'g', 'h' ), 'i', 'Random activity 1' ) ), 'e' ) )"
log_16_1692952213.xes.gz,drift_3,change_info_1,change_type,sudden
log_16_1692952213.xes.gz,drift_3,change_info_1,change_trace_index,[10631]
log_16_1692952213.xes.gz,drift_3,change_info_1,process_tree_before,"+( ->( +( 'a', 'k' ), +( 'c', 'd' ) ), X( ->( *( 'b', +( 'f', 'j' ) ), ->( *( 'g', 'h' ), 'i' ) ), 'e' ) )"
log_16_1692952213.xes.gz,drift_3,change_info_1,process_tree_after,"+( ->( +( 'a', *tau* ), +( 'c', 'd' ) ), X( ->( *( 'b', +( 'f', 'j', 'Random activity 2' ) ), ->( *( 'g', 'h' ), 'i', 'Random activity 1' ) ), 'e' ) )"
log_16_1692952213.xes.gz,drift_3,change_info_1,activities_deleted,[k]
log_16_1692952213.xes.gz,drift_3,change_info_1,activities_added,"[Random activity 1, Random activity 2]"
log_16_1692952213.xes.gz,drift_3,change_info_1,activities_moved,[]
log_16_1692952213.xes.gz,drift_3,change_info_1,change_start,2033-03-03 03:36:44.567770
log_16_1692952213.xes.gz,drift_3,change_info_1,change_end,2033-03-03 03:36:44.567770
log_16_1692952213.xes.gz,drift_3,change_info_2,change_type,sudden
log_16_1692952213.xes.gz,drift_3,change_info_2,change_trace_index,[11912]
log_16_1692952213.xes.gz,drift_3,change_info_2,process_tree_before,"+( ->( +( 'a', *tau* ), +( 'c', 'd' ) ), X( ->( *( 'b', +( 'f', 'j', 'Random activity 2' ) ), ->( *( 'g', 'h' ), 'i', 'Random activity 1' ) ), 'e' ) )"
log_16_1692952213.xes.gz,drift_3,change_info_2,process_tree_after,"+( ->( +( 'a', 'k' ), +( 'c', 'd' ) ), X( ->( *( 'b', +( 'f', 'j' ) ), ->( *( 'g', 'h' ), 'i' ) ), 'e' ) )"
log_16_1692952213.xes.gz,drift_3,change_info_2,activities_deleted,"[Random activity 1, Random activity 2]"
log_16_1692952213.xes.gz,drift_3,change_info_2,activities_added,[k]
log_16_1692952213.xes.gz,drift_3,change_info_2,activities_moved,[]
log_16_1692952213.xes.gz,drift_3,change_info_2,change_start,2034-10-27 14:29:22.874755
log_16_1692952213.xes.gz,drift_3,change_info_2,change_end,2034-10-27 14:29:22.874755
log_16_1692952213.xes.gz,drift_3,change_info_3,change_type,sudden
log_16_1692952213.xes.gz,drift_3,change_info_3,change_trace_index,[13144]
log_16_1692952213.xes.gz,drift_3,change_info_3,process_tree_before,"+( ->( +( 'a', 'k' ), +( 'c', 'd' ) ), X( ->( *( 'b', +( 'f', 'j' ) ), ->( *( 'g', 'h' ), 'i' ) ), 'e' ) )"
log_16_1692952213.xes.gz,drift_3,change_info_3,process_tree_after,"+( ->( +( 'a', *tau* ), +( 'c', 'd' ) ), X( ->( *( 'b', +( 'f', 'j', 'Random activity 2' ) ), ->( *( 'g', 'h' ), 'i', 'Random activity 1' ) ), 'e' ) )"
log_16_1692952213.xes.gz,drift_3,change_info_3,activities_deleted,[k]
log_16_1692952213.xes.gz,drift_3,change_info_3,activities_added,"[Random activity 1, Random activity 2]"
log_16_1692952213.xes.gz,drift_3,change_info_3,activities_moved,[]
log_16_1692952213.xes.gz,drift_3,change_info_3,change_start,2036-04-27 06:51:19.775747
log_16_1692952213.xes.gz,drift_3,change_info_3,change_end,2036-04-27 06:51:19.775747
log_17_1692952221.xes.gz,drift_1,log_id,1,log_17_1692952221.xes.gz
log_17_1692952221.xes.gz,drift_1,drift_id,1,1
log_17_1692952221.xes.gz,drift_1,process_perspective,1,control-flow
log_17_1692952221.xes.gz,drift_1,process_complexity,1,middle
log_17_1692952221.xes.gz,drift_1,drift_type,1,incremental
log_17_1692952221.xes.gz,drift_1,process_trees_1,0,"X( +( 'a', X( 'f', 'j' ) ), ->( ->( *( 'b', 'd' ), ->( +( 'e', 'i' ), 'h' ) ), ->( 'c', 'g' ) ) )"
log_17_1692952221.xes.gz,drift_1,process_trees_2,1,"X( +( 'a', X( 'f', 'j' ) ), ->( ->( *( 'b', 'd' ), ->( +( 'e', 'i' ), 'h' ) ), ->( 'c', 'g' ), 'Random activity 1' ) )"
log_17_1692952221.xes.gz,drift_1,process_trees_3,2,"X( +( 'a', X( 'f', 'j' ) ), ->( ->( *( 'b', 'd' ), ->( +( 'e', 'i' ), 'h' ) ), ->( 'c', 'g', 'Random activity 2' ), 'Random activity 1' ) )"
log_17_1692952221.xes.gz,drift_1,process_trees_4,3,"X( +( 'a', X( 'f', 'j' ) ), ->( ->( *( 'b', 'd' ), ->( +( 'e', 'i', 'Random activity 3' ), 'h' ) ), ->( 'c', 'g', 'Random activity 2' ), 'Random activity 1' ) )"
log_17_1692952221.xes.gz,drift_1,change_info_1,change_type,sudden
log_17_1692952221.xes.gz,drift_1,change_info_1,change_trace_index,[1444]
log_17_1692952221.xes.gz,drift_1,change_info_1,process_tree_before,"X( +( 'a', X( 'f', 'j' ) ), ->( ->( *( 'b', 'd' ), ->( +( 'e', 'i' ), 'h' ) ), ->( 'c', 'g' ) ) )"
log_17_1692952221.xes.gz,drift_1,change_info_1,process_tree_after,"X( +( 'a', X( 'f', 'j' ) ), ->( ->( *( 'b', 'd' ), ->( +( 'e', 'i' ), 'h' ) ), ->( 'c', 'g' ), 'Random activity 1' ) )"
log_17_1692952221.xes.gz,drift_1,change_info_1,activities_deleted,[]
log_17_1692952221.xes.gz,drift_1,change_info_1,activities_added,[Random activity 1]
log_17_1692952221.xes.gz,drift_1,change_info_1,activities_moved,[]
log_17_1692952221.xes.gz,drift_1,change_info_1,change_start,2021-10-26 12:32:54.756786
log_17_1692952221.xes.gz,drift_1,change_info_1,change_end,2021-10-26 12:32:54.756786
log_17_1692952221.xes.gz,drift_1,change_info_2,change_type,gradual
log_17_1692952221.xes.gz,drift_1,change_info_2,change_trace_index,"[2772, 3489]"
log_17_1692952221.xes.gz,drift_1,change_info_2,process_tree_before,"X( +( 'a', X( 'f', 'j' ) ), ->( ->( *( 'b', 'd' ), ->( +( 'e', 'i' ), 'h' ) ), ->( 'c', 'g' ), 'Random activity 1' ) )"
log_17_1692952221.xes.gz,drift_1,change_info_2,process_tree_after,"X( +( 'a', X( 'f', 'j' ) ), ->( ->( *( 'b', 'd' ), ->( +( 'e', 'i' ), 'h' ) ), ->( 'c', 'g', 'Random activity 2' ), 'Random activity 1' ) )"
log_17_1692952221.xes.gz,drift_1,change_info_2,activities_deleted,[]
log_17_1692952221.xes.gz,drift_1,change_info_2,activities_added,[Random activity 2]
log_17_1692952221.xes.gz,drift_1,change_info_2,activities_moved,[]
log_17_1692952221.xes.gz,drift_1,change_info_2,change_start,2023-06-12 22:56:06.788099
log_17_1692952221.xes.gz,drift_1,change_info_2,change_end,2024-05-10 09:53:10.011689
log_17_1692952221.xes.gz,drift_1,change_info_3,change_type,sudden
log_17_1692952221.xes.gz,drift_1,change_info_3,change_trace_index,[4826]
log_17_1692952221.xes.gz,drift_1,change_info_3,process_tree_before,"X( +( 'a', X( 'f', 'j' ) ), ->( ->( *( 'b', 'd' ), ->( +( 'e', 'i' ), 'h' ) ), ->( 'c', 'g', 'Random activity 2' ), 'Random activity 1' ) )"
log_17_1692952221.xes.gz,drift_1,change_info_3,process_tree_after,"X( +( 'a', X( 'f', 'j' ) ), ->( ->( *( 'b', 'd' ), ->( +( 'e', 'i', 'Random activity 3' ), 'h' ) ), ->( 'c', 'g', 'Random activity 2' ), 'Random activity 1' ) )"
log_17_1692952221.xes.gz,drift_1,change_info_3,activities_deleted,[]
log_17_1692952221.xes.gz,drift_1,change_info_3,activities_added,[Random activity 3]
log_17_1692952221.xes.gz,drift_1,change_info_3,activities_moved,[]
log_17_1692952221.xes.gz,drift_1,change_info_3,change_start,2026-01-12 17:50:00.067120
log_17_1692952221.xes.gz,drift_1,change_info_3,change_end,2026-01-12 17:50:00.067120
log_17_1692952221.xes.gz,drift_2,log_id,1,log_17_1692952221.xes.gz
log_17_1692952221.xes.gz,drift_2,drift_id,1,2
log_17_1692952221.xes.gz,drift_2,process_perspective,1,control-flow
log_17_1692952221.xes.gz,drift_2,process_complexity,1,middle
log_17_1692952221.xes.gz,drift_2,drift_type,1,gradual
log_17_1692952221.xes.gz,drift_2,process_trees_1,0,"X( +( 'a', X( 'f', 'j' ) ), ->( ->( *( 'b', 'd' ), ->( +( 'e', 'i' ), 'h' ) ), ->( 'c', 'g' ) ) )"
log_17_1692952221.xes.gz,drift_2,process_trees_2,1,"X( +( 'a', X( 'f', 'j', 'Random activity 1' ) ), ->( ->( *( 'b', 'd', ->( 'c', 'g', 'Random activity 2' ) ), ->( +( 'e', 'i' ), 'h' ) ), *tau* ) )"
log_17_1692952221.xes.gz,drift_2,change_info_1,change_type,gradual
log_17_1692952221.xes.gz,drift_2,change_info_1,change_trace_index,"[6062, 6751]"
log_17_1692952221.xes.gz,drift_2,change_info_1,process_tree_before,"X( +( 'a', X( 'f', 'j' ) ), ->( ->( *( 'b', 'd' ), ->( +( 'e', 'i' ), 'h' ) ), ->( 'c', 'g' ) ) )"
log_17_1692952221.xes.gz,drift_2,change_info_1,process_tree_after,"X( +( 'a', X( 'f', 'j', 'Random activity 1' ) ), ->( ->( *( 'b', 'd', ->( 'c', 'g', 'Random activity 2' ) ), ->( +( 'e', 'i' ), 'h' ) ), *tau* ) )"
log_17_1692952221.xes.gz,drift_2,change_info_1,activities_deleted,[]
log_17_1692952221.xes.gz,drift_2,change_info_1,activities_added,"[Random activity 1, Random activity 2]"
log_17_1692952221.xes.gz,drift_2,change_info_1,activities_moved,"[c, g]"
log_17_1692952221.xes.gz,drift_2,change_info_1,change_start,2027-08-01 02:27:17.794070
log_17_1692952221.xes.gz,drift_2,change_info_1,change_end,2028-06-03 05:09:21.152580
log_18_1692952223.xes.gz,drift_1,log_id,1,log_18_1692952223.xes.gz
log_18_1692952223.xes.gz,drift_1,drift_id,1,1
log_18_1692952223.xes.gz,drift_1,process_perspective,1,control-flow
log_18_1692952223.xes.gz,drift_1,process_complexity,1,middle
log_18_1692952223.xes.gz,drift_1,drift_type,1,incremental
log_18_1692952223.xes.gz,drift_1,process_trees_1,0,"X( 'a', ->( +( 'b', ->( *( ->( *( 'd', 'k' ), 'l' ), +( 'e', ->( +( 'g', 'j' ), 'i' ) ) ), X( 'f', 'h' ) ) ), 'c' ) )"
log_18_1692952223.xes.gz,drift_1,process_trees_2,1,"X( 'a', ->( +( 'b', ->( *( ->( *( 'd', 'k' ), 'l', 'Random activity 1' ), +( 'e', ->( +( 'g', 'j' ), 'i' ) ) ), X( 'f', 'h' ) ) ), 'c' ) )"
log_18_1692952223.xes.gz,drift_1,process_trees_3,2,"X( 'a', ->( +( 'b', ->( *( ->( *( 'd', 'k' ), 'l', 'Random activity 1' ), +( 'e', ->( +( *tau*, 'j' ), 'i' ) ) ), X( 'f', 'h' ) ) ), 'c' ) )"
log_18_1692952223.xes.gz,drift_1,process_trees_4,3,"X( 'a', ->( +( 'b', ->( *( ->( *( 'd', 'k', 'Random activity 2' ), 'l', 'Random activity 1' ), +( 'e', ->( +( *tau*, 'j' ), 'i' ) ) ), X( 'f', 'h' ) ) ), 'c' ) )"
log_18_1692952223.xes.gz,drift_1,change_info_1,change_type,gradual
log_18_1692952223.xes.gz,drift_1,change_info_1,change_trace_index,"[1389, 2280]"
log_18_1692952223.xes.gz,drift_1,change_info_1,process_tree_before,"X( 'a', ->( +( 'b', ->( *( ->( *( 'd', 'k' ), 'l' ), +( 'e', ->( +( 'g', 'j' ), 'i' ) ) ), X( 'f', 'h' ) ) ), 'c' ) )"
log_18_1692952223.xes.gz,drift_1,change_info_1,process_tree_after,"X( 'a', ->( +( 'b', ->( *( ->( *( 'd', 'k' ), 'l', 'Random activity 1' ), +( 'e', ->( +( 'g', 'j' ), 'i' ) ) ), X( 'f', 'h' ) ) ), 'c' ) )"
log_18_1692952223.xes.gz,drift_1,change_info_1,activities_deleted,[]
log_18_1692952223.xes.gz,drift_1,change_info_1,activities_added,[Random activity 1]
log_18_1692952223.xes.gz,drift_1,change_info_1,activities_moved,[]
log_18_1692952223.xes.gz,drift_1,change_info_1,change_start,2021-10-10 08:29:24.082158
log_18_1692952223.xes.gz,drift_1,change_info_1,change_end,2022-11-17 06:09:37.953027
log_18_1692952223.xes.gz,drift_1,change_info_2,change_type,gradual
log_18_1692952223.xes.gz,drift_1,change_info_2,change_trace_index,"[3635, 4421]"
log_18_1692952223.xes.gz,drift_1,change_info_2,process_tree_before,"X( 'a', ->( +( 'b', ->( *( ->( *( 'd', 'k' ), 'l', 'Random activity 1' ), +( 'e', ->( +( 'g', 'j' ), 'i' ) ) ), X( 'f', 'h' ) ) ), 'c' ) )"
log_18_1692952223.xes.gz,drift_1,change_info_2,process_tree_after,"X( 'a', ->( +( 'b', ->( *( ->( *( 'd', 'k' ), 'l', 'Random activity 1' ), +( 'e', ->( +( *tau*, 'j' ), 'i' ) ) ), X( 'f', 'h' ) ) ), 'c' ) )"
log_18_1692952223.xes.gz,drift_1,change_info_2,activities_deleted,[g]
log_18_1692952223.xes.gz,drift_1,change_info_2,activities_added,[]
log_18_1692952223.xes.gz,drift_1,change_info_2,activities_moved,[]
log_18_1692952223.xes.gz,drift_1,change_info_2,change_start,2024-08-02 22:34:51.158642
log_18_1692952223.xes.gz,drift_1,change_info_2,change_end,2025-07-18 01:57:25.704069
log_18_1692952223.xes.gz,drift_1,change_info_3,change_type,sudden
log_18_1692952223.xes.gz,drift_1,change_info_3,change_trace_index,[5728]
log_18_1692952223.xes.gz,drift_1,change_info_3,process_tree_before,"X( 'a', ->( +( 'b', ->( *( ->( *( 'd', 'k' ), 'l', 'Random activity 1' ), +( 'e', ->( +( *tau*, 'j' ), 'i' ) ) ), X( 'f', 'h' ) ) ), 'c' ) )"
log_18_1692952223.xes.gz,drift_1,change_info_3,process_tree_after,"X( 'a', ->( +( 'b', ->( *( ->( *( 'd', 'k', 'Random activity 2' ), 'l', 'Random activity 1' ), +( 'e', ->( +( *tau*, 'j' ), 'i' ) ) ), X( 'f', 'h' ) ) ), 'c' ) )"
log_18_1692952223.xes.gz,drift_1,change_info_3,activities_deleted,[]
log_18_1692952223.xes.gz,drift_1,change_info_3,activities_added,[Random activity 2]
log_18_1692952223.xes.gz,drift_1,change_info_3,activities_moved,[]
log_18_1692952223.xes.gz,drift_1,change_info_3,change_start,2027-03-30 09:59:39.797749
log_18_1692952223.xes.gz,drift_1,change_info_3,change_end,2027-03-30 09:59:39.797749
log_18_1692952223.xes.gz,drift_2,log_id,1,log_18_1692952223.xes.gz
log_18_1692952223.xes.gz,drift_2,drift_id,1,2
log_18_1692952223.xes.gz,drift_2,process_perspective,1,control-flow
log_18_1692952223.xes.gz,drift_2,process_complexity,1,middle
log_18_1692952223.xes.gz,drift_2,drift_type,1,recurring
log_18_1692952223.xes.gz,drift_2,process_trees_1,0,"X( 'a', ->( +( 'b', ->( *( ->( *( 'd', 'k' ), 'l' ), +( 'e', ->( +( 'g', 'j' ), 'i' ) ) ), X( 'f', 'h' ) ) ), 'c' ) )"
log_18_1692952223.xes.gz,drift_2,process_trees_2,1,"X( 'a', ->( +( 'b', ->( *( ->( X( 'd', 'k' ), 'l' ), +( 'e', ->( +( 'g', 'j' ), 'i' ) ) ), ->( 'f', 'h' ) ) ), 'c' ) )"
log_18_1692952223.xes.gz,drift_2,process_trees_3,2,"X( 'a', ->( +( 'b', ->( *( ->( *( 'd', 'k' ), 'l' ), +( 'e', ->( +( 'g', 'j' ), 'i' ) ) ), X( 'f', 'h' ) ) ), 'c' ) )"
log_18_1692952223.xes.gz,drift_2,process_trees_4,3,"X( 'a', ->( +( 'b', ->( *( ->( X( 'd', 'k' ), 'l' ), +( 'e', ->( +( 'g', 'j' ), 'i' ) ) ), ->( 'f', 'h' ) ) ), 'c' ) )"
log_18_1692952223.xes.gz,drift_2,change_info_1,change_type,gradual
log_18_1692952223.xes.gz,drift_2,change_info_1,change_trace_index,"[7035, 7597]"
log_18_1692952223.xes.gz,drift_2,change_info_1,process_tree_before,"X( 'a', ->( +( 'b', ->( *( ->( *( 'd', 'k' ), 'l' ), +( 'e', ->( +( 'g', 'j' ), 'i' ) ) ), X( 'f', 'h' ) ) ), 'c' ) )"
log_18_1692952223.xes.gz,drift_2,change_info_1,process_tree_after,"X( 'a', ->( +( 'b', ->( *( ->( X( 'd', 'k' ), 'l' ), +( 'e', ->( +( 'g', 'j' ), 'i' ) ) ), ->( 'f', 'h' ) ) ), 'c' ) )"
log_18_1692952223.xes.gz,drift_2,change_info_1,activities_deleted,[]
log_18_1692952223.xes.gz,drift_2,change_info_1,activities_added,[]
log_18_1692952223.xes.gz,drift_2,change_info_1,activities_moved,"[d, k, f, h]"
log_18_1692952223.xes.gz,drift_2,change_info_1,change_start,2028-11-24 19:53:18.408363
log_18_1692952223.xes.gz,drift_2,change_info_1,change_end,2029-08-17 05:14:22.773631
log_18_1692952223.xes.gz,drift_2,change_info_2,change_type,sudden
log_18_1692952223.xes.gz,drift_2,change_info_2,change_trace_index,[8723]
log_18_1692952223.xes.gz,drift_2,change_info_2,process_tree_before,"X( 'a', ->( +( 'b', ->( *( ->( X( 'd', 'k' ), 'l' ), +( 'e', ->( +( 'g', 'j' ), 'i' ) ) ), ->( 'f', 'h' ) ) ), 'c' ) )"
log_18_1692952223.xes.gz,drift_2,change_info_2,process_tree_after,"X( 'a', ->( +( 'b', ->( *( ->( *( 'd', 'k' ), 'l' ), +( 'e', ->( +( 'g', 'j' ), 'i' ) ) ), X( 'f', 'h' ) ) ), 'c' ) )"
log_18_1692952223.xes.gz,drift_2,change_info_2,activities_deleted,[]
log_18_1692952223.xes.gz,drift_2,change_info_2,activities_added,[]
log_18_1692952223.xes.gz,drift_2,change_info_2,activities_moved,"[d, k, f, h]"
log_18_1692952223.xes.gz,drift_2,change_info_2,change_start,2031-01-29 01:37:59.714826
log_18_1692952223.xes.gz,drift_2,change_info_2,change_end,2031-01-29 01:37:59.714826
log_18_1692952223.xes.gz,drift_2,change_info_3,change_type,sudden
log_18_1692952223.xes.gz,drift_2,change_info_3,change_trace_index,[9996]
log_18_1692952223.xes.gz,drift_2,change_info_3,process_tree_before,"X( 'a', ->( +( 'b', ->( *( ->( *( 'd', 'k' ), 'l' ), +( 'e', ->( +( 'g', 'j' ), 'i' ) ) ), X( 'f', 'h' ) ) ), 'c' ) )"
log_18_1692952223.xes.gz,drift_2,change_info_3,process_tree_after,"X( 'a', ->( +( 'b', ->( *( ->( X( 'd', 'k' ), 'l' ), +( 'e', ->( +( 'g', 'j' ), 'i' ) ) ), ->( 'f', 'h' ) ) ), 'c' ) )"
log_18_1692952223.xes.gz,drift_2,change_info_3,activities_deleted,[]
log_18_1692952223.xes.gz,drift_2,change_info_3,activities_added,[]
log_18_1692952223.xes.gz,drift_2,change_info_3,activities_moved,"[d, k, f, h]"
log_18_1692952223.xes.gz,drift_2,change_info_3,change_start,2032-09-07 11:14:30.317318
log_18_1692952223.xes.gz,drift_2,change_info_3,change_end,2032-09-07 11:14:30.317318
log_19_1692952228.xes.gz,drift_1,log_id,1,log_19_1692952228.xes.gz
log_19_1692952228.xes.gz,drift_1,drift_id,1,1
log_19_1692952228.xes.gz,drift_1,process_perspective,1,control-flow
log_19_1692952228.xes.gz,drift_1,process_complexity,1,complex
log_19_1692952228.xes.gz,drift_1,drift_type,1,incremental
log_19_1692952228.xes.gz,drift_1,process_trees_1,0,"->( *( +( ->( *( 'a', 'i' ), ->( 'j', 'm' ) ), 'h' ), ->( *( 'b', 'd' ), ->( *( 'e', ->( +( 'f', 'o' ), ->( 'k', 'n' ) ) ), 'g' ) ) ), ->( 'c', ->( 'l', 'p' ) ) )"
log_19_1692952228.xes.gz,drift_1,process_trees_2,1,"->( *( +( ->( *( 'a', 'i' ), ->( 'j', 'm' ) ), 'h' ), ->( *( 'b', 'd' ), ->( *( 'e', ->( +( 'f', *tau* ), ->( 'k', 'n' ) ) ), 'g' ) ) ), ->( 'c', ->( 'l', 'p' ) ) )"
log_19_1692952228.xes.gz,drift_1,process_trees_3,2,"->( *( +( ->( *( 'a', 'i' ), ->( 'j', 'm' ) ), 'h' ), ->( *( 'b', 'd' ), ->( *( 'e', ->( +( 'f', *tau* ), ->( 'k', 'n' ) ) ), 'g' ) ) ), ->( 'c', ->( 'l', 'p', 'Random activity 1' ) ) )"
log_19_1692952228.xes.gz,drift_1,process_trees_4,3,"->( *( +( ->( *( 'a', 'i' ), ->( 'j', 'm' ) ), 'h' ), ->( *( 'b', 'd' ), ->( *( 'e', ->( +( 'f', *tau* ), ->( 'k', 'n' ) ), 'Random activity 2' ), 'g' ) ) ), ->( 'c', ->( 'l', 'p', 'Random activity 1' ) ) )"
log_19_1692952228.xes.gz,drift_1,change_info_1,change_type,gradual
log_19_1692952228.xes.gz,drift_1,change_info_1,change_trace_index,"[1474, 2389]"
log_19_1692952228.xes.gz,drift_1,change_info_1,process_tree_before,"->( *( +( ->( *( 'a', 'i' ), ->( 'j', 'm' ) ), 'h' ), ->( *( 'b', 'd' ), ->( *( 'e', ->( +( 'f', 'o' ), ->( 'k', 'n' ) ) ), 'g' ) ) ), ->( 'c', ->( 'l', 'p' ) ) )"
log_19_1692952228.xes.gz,drift_1,change_info_1,process_tree_after,"->( *( +( ->( *( 'a', 'i' ), ->( 'j', 'm' ) ), 'h' ), ->( *( 'b', 'd' ), ->( *( 'e', ->( +( 'f', *tau* ), ->( 'k', 'n' ) ) ), 'g' ) ) ), ->( 'c', ->( 'l', 'p' ) ) )"
log_19_1692952228.xes.gz,drift_1,change_info_1,activities_deleted,[o]
log_19_1692952228.xes.gz,drift_1,change_info_1,activities_added,[]
log_19_1692952228.xes.gz,drift_1,change_info_1,activities_moved,[]
log_19_1692952228.xes.gz,drift_1,change_info_1,change_start,2021-11-18 18:13:22.286853
log_19_1692952228.xes.gz,drift_1,change_info_1,change_end,2023-01-29 23:42:28.753821
log_19_1692952228.xes.gz,drift_1,change_info_2,change_type,sudden
log_19_1692952228.xes.gz,drift_1,change_info_2,change_trace_index,[3492]
log_19_1692952228.xes.gz,drift_1,change_info_2,process_tree_before,"->( *( +( ->( *( 'a', 'i' ), ->( 'j', 'm' ) ), 'h' ), ->( *( 'b', 'd' ), ->( *( 'e', ->( +( 'f', *tau* ), ->( 'k', 'n' ) ) ), 'g' ) ) ), ->( 'c', ->( 'l', 'p' ) ) )"
log_19_1692952228.xes.gz,drift_1,change_info_2,process_tree_after,"->( *( +( ->( *( 'a', 'i' ), ->( 'j', 'm' ) ), 'h' ), ->( *( 'b', 'd' ), ->( *( 'e', ->( +( 'f', *tau* ), ->( 'k', 'n' ) ) ), 'g' ) ) ), ->( 'c', ->( 'l', 'p', 'Random activity 1' ) ) )"
log_19_1692952228.xes.gz,drift_1,change_info_2,activities_deleted,[]
log_19_1692952228.xes.gz,drift_1,change_info_2,activities_added,[Random activity 1]
log_19_1692952228.xes.gz,drift_1,change_info_2,activities_moved,[]
log_19_1692952228.xes.gz,drift_1,change_info_2,change_start,2024-06-18 17:07:50.415577
log_19_1692952228.xes.gz,drift_1,change_info_2,change_end,2024-06-18 17:07:50.415577
log_19_1692952228.xes.gz,drift_1,change_info_3,change_type,gradual
log_19_1692952228.xes.gz,drift_1,change_info_3,change_trace_index,"[4788, 5647]"
log_19_1692952228.xes.gz,drift_1,change_info_3,process_tree_before,"->( *( +( ->( *( 'a', 'i' ), ->( 'j', 'm' ) ), 'h' ), ->( *( 'b', 'd' ), ->( *( 'e', ->( +( 'f', *tau* ), ->( 'k', 'n' ) ) ), 'g' ) ) ), ->( 'c', ->( 'l', 'p', 'Random activity 1' ) ) )"
log_19_1692952228.xes.gz,drift_1,change_info_3,process_tree_after,"->( *( +( ->( *( 'a', 'i' ), ->( 'j', 'm' ) ), 'h' ), ->( *( 'b', 'd' ), ->( *( 'e', ->( +( 'f', *tau* ), ->( 'k', 'n' ) ), 'Random activity 2' ), 'g' ) ) ), ->( 'c', ->( 'l', 'p', 'Random activity 1' ) ) )"
log_19_1692952228.xes.gz,drift_1,change_info_3,activities_deleted,[]
log_19_1692952228.xes.gz,drift_1,change_info_3,activities_added,[Random activity 2]
log_19_1692952228.xes.gz,drift_1,change_info_3,activities_moved,[]
log_19_1692952228.xes.gz,drift_1,change_info_3,change_start,2025-12-31 22:42:45.424608
log_19_1692952228.xes.gz,drift_1,change_info_3,change_end,2027-02-11 10:42:22.977655
log_19_1692952228.xes.gz,drift_2,log_id,1,log_19_1692952228.xes.gz
log_19_1692952228.xes.gz,drift_2,drift_id,1,2
log_19_1692952228.xes.gz,drift_2,process_perspective,1,control-flow
log_19_1692952228.xes.gz,drift_2,process_complexity,1,complex
log_19_1692952228.xes.gz,drift_2,drift_type,1,sudden
log_19_1692952228.xes.gz,drift_2,process_trees_1,0,"->( *( +( ->( *( 'a', 'i' ), ->( 'j', 'm' ) ), 'h' ), ->( *( 'b', 'd' ), ->( *( 'e', ->( +( 'f', 'o' ), ->( 'k', 'n' ) ) ), 'g' ) ) ), ->( 'c', ->( 'l', 'p' ) ) )"
log_19_1692952228.xes.gz,drift_2,process_trees_2,1,"->( *( +( X( *( 'a', 'i' ), ->( 'j', 'm' ) ), 'h' ), ->( *( 'b', 'd' ), ->( *( 'e', ->( +( 'f', 'o' ), ->( 'k', 'n' ) ) ), 'g' ) ) ), ->( 'c', ->( 'l', 'p' ) ) )"
log_19_1692952228.xes.gz,drift_2,change_info_1,change_type,sudden
log_19_1692952228.xes.gz,drift_2,change_info_1,change_trace_index,[7050]
log_19_1692952228.xes.gz,drift_2,change_info_1,process_tree_before,"->( *( +( ->( *( 'a', 'i' ), ->( 'j', 'm' ) ), 'h' ), ->( *( 'b', 'd' ), ->( *( 'e', ->( +( 'f', 'o' ), ->( 'k', 'n' ) ) ), 'g' ) ) ), ->( 'c', ->( 'l', 'p' ) ) )"
log_19_1692952228.xes.gz,drift_2,change_info_1,process_tree_after,"->( *( +( X( *( 'a', 'i' ), ->( 'j', 'm' ) ), 'h' ), ->( *( 'b', 'd' ), ->( *( 'e', ->( +( 'f', 'o' ), ->( 'k', 'n' ) ) ), 'g' ) ) ), ->( 'c', ->( 'l', 'p' ) ) )"
log_19_1692952228.xes.gz,drift_2,change_info_1,activities_deleted,[]
log_19_1692952228.xes.gz,drift_2,change_info_1,activities_added,[]
log_19_1692952228.xes.gz,drift_2,change_info_1,activities_moved,"[a, i, j, m]"
log_19_1692952228.xes.gz,drift_2,change_info_1,change_start,2028-11-16 04:31:00.573340
log_19_1692952228.xes.gz,drift_2,change_info_1,change_end,2028-11-16 04:31:00.573340
log_20_1692952238.xes.gz,drift_1,log_id,1,log_20_1692952238.xes.gz
log_20_1692952238.xes.gz,drift_1,drift_id,1,1
log_20_1692952238.xes.gz,drift_1,process_perspective,1,control-flow
log_20_1692952238.xes.gz,drift_1,process_complexity,1,middle
log_20_1692952238.xes.gz,drift_1,drift_type,1,incremental
log_20_1692952238.xes.gz,drift_1,process_trees_1,0,"->( *( X( +( 'a', 'k' ), ->( 'h', 'i' ) ), +( X( ->( +( 'b', 'j' ), 'g' ), 'e' ), X( 'd', 'f' ) ) ), 'c' )"
log_20_1692952238.xes.gz,drift_1,process_trees_2,1,"->( *( X( +( 'a', 'k' ), ->( 'h', 'i' ) ), +( X( ->( +( 'b', 'j' ), 'g' ), 'e' ), X( 'd', 'f' ) ) ), *tau* )"
log_20_1692952238.xes.gz,drift_1,process_trees_3,2,"->( *( X( +( 'a', 'k' ), ->( 'h', 'i' ) ), +( X( ->( +( 'b', *tau* ), 'g' ), 'e' ), X( 'd', 'f' ) ) ), *tau* )"
log_20_1692952238.xes.gz,drift_1,process_trees_4,3,"->( *( X( +( 'a', 'k' ), ->( 'h', *tau* ) ), +( X( ->( +( 'b', *tau* ), 'g' ), 'e' ), X( 'd', 'f' ) ) ), *tau* )"
log_20_1692952238.xes.gz,drift_1,change_info_1,change_type,gradual
log_20_1692952238.xes.gz,drift_1,change_info_1,change_trace_index,"[1357, 2105]"
log_20_1692952238.xes.gz,drift_1,change_info_1,process_tree_before,"->( *( X( +( 'a', 'k' ), ->( 'h', 'i' ) ), +( X( ->( +( 'b', 'j' ), 'g' ), 'e' ), X( 'd', 'f' ) ) ), 'c' )"
log_20_1692952238.xes.gz,drift_1,change_info_1,process_tree_after,"->( *( X( +( 'a', 'k' ), ->( 'h', 'i' ) ), +( X( ->( +( 'b', 'j' ), 'g' ), 'e' ), X( 'd', 'f' ) ) ), *tau* )"
log_20_1692952238.xes.gz,drift_1,change_info_1,activities_deleted,[c]
log_20_1692952238.xes.gz,drift_1,change_info_1,activities_added,[]
log_20_1692952238.xes.gz,drift_1,change_info_1,activities_moved,[]
log_20_1692952238.xes.gz,drift_1,change_info_1,change_start,2021-10-04 19:23:22.677269
log_20_1692952238.xes.gz,drift_1,change_info_1,change_end,2022-09-24 11:20:35.497640
log_20_1692952238.xes.gz,drift_1,change_info_2,change_type,gradual
log_20_1692952238.xes.gz,drift_1,change_info_2,change_trace_index,"[3482, 4422]"
log_20_1692952238.xes.gz,drift_1,change_info_2,process_tree_before,"->( *( X( +( 'a', 'k' ), ->( 'h', 'i' ) ), +( X( ->( +( 'b', 'j' ), 'g' ), 'e' ), X( 'd', 'f' ) ) ), *tau* )"
log_20_1692952238.xes.gz,drift_1,change_info_2,process_tree_after,"->( *( X( +( 'a', 'k' ), ->( 'h', 'i' ) ), +( X( ->( +( 'b', *tau* ), 'g' ), 'e' ), X( 'd', 'f' ) ) ), *tau* )"
log_20_1692952238.xes.gz,drift_1,change_info_2,activities_deleted,[j]
log_20_1692952238.xes.gz,drift_1,change_info_2,activities_added,[]
log_20_1692952238.xes.gz,drift_1,change_info_2,activities_moved,[]
log_20_1692952238.xes.gz,drift_1,change_info_2,change_start,2024-06-08 06:34:52.237688
log_20_1692952238.xes.gz,drift_1,change_info_2,change_end,2025-08-01 15:13:57.845437
log_20_1692952238.xes.gz,drift_1,change_info_3,change_type,sudden
log_20_1692952238.xes.gz,drift_1,change_info_3,change_trace_index,[5484]
log_20_1692952238.xes.gz,drift_1,change_info_3,process_tree_before,"->( *( X( +( 'a', 'k' ), ->( 'h', 'i' ) ), +( X( ->( +( 'b', *tau* ), 'g' ), 'e' ), X( 'd', 'f' ) ) ), *tau* )"
log_20_1692952238.xes.gz,drift_1,change_info_3,process_tree_after,"->( *( X( +( 'a', 'k' ), ->( 'h', *tau* ) ), +( X( ->( +( 'b', *tau* ), 'g' ), 'e' ), X( 'd', 'f' ) ) ), *tau* )"
log_20_1692952238.xes.gz,drift_1,change_info_3,activities_deleted,[i]
log_20_1692952238.xes.gz,drift_1,change_info_3,activities_added,[]
log_20_1692952238.xes.gz,drift_1,change_info_3,activities_moved,[]
log_20_1692952238.xes.gz,drift_1,change_info_3,change_start,2026-11-23 11:25:47.079967
log_20_1692952238.xes.gz,drift_1,change_info_3,change_end,2026-11-23 11:25:47.079967
log_20_1692952238.xes.gz,drift_2,log_id,1,log_20_1692952238.xes.gz
log_20_1692952238.xes.gz,drift_2,drift_id,1,2
log_20_1692952238.xes.gz,drift_2,process_perspective,1,control-flow
log_20_1692952238.xes.gz,drift_2,process_complexity,1,middle
log_20_1692952238.xes.gz,drift_2,drift_type,1,recurring
log_20_1692952238.xes.gz,drift_2,process_trees_1,0,"->( *( X( +( 'a', 'k' ), ->( 'h', 'i' ) ), +( X( ->( +( 'b', 'j' ), 'g' ), 'e' ), X( 'd', 'f' ) ) ), 'c' )"
log_20_1692952238.xes.gz,drift_2,process_trees_2,1,"->( *( X( *tau*, ->( 'h', 'i' ) ), +( X( ->( +( 'b', 'j' ), 'g', +( 'a', 'k' ) ), 'e' ), X( 'd', 'f' ) ) ), 'c' )"
log_20_1692952238.xes.gz,drift_2,process_trees_3,2,"->( *( X( +( 'a', 'k' ), ->( 'h', 'i' ) ), +( X( ->( +( 'b', 'j' ), 'g' ), 'e' ), X( 'd', 'f' ) ) ), 'c' )"
log_20_1692952238.xes.gz,drift_2,process_trees_4,3,"->( *( X( *tau*, ->( 'h', 'i' ) ), +( X( ->( +( 'b', 'j' ), 'g', +( 'a', 'k' ) ), 'e' ), X( 'd', 'f' ) ) ), 'c' )"
log_20_1692952238.xes.gz,drift_2,change_info_1,change_type,sudden
log_20_1692952238.xes.gz,drift_2,change_info_1,change_trace_index,[6787]
log_20_1692952238.xes.gz,drift_2,change_info_1,process_tree_before,"->( *( X( +( 'a', 'k' ), ->( 'h', 'i' ) ), +( X( ->( +( 'b', 'j' ), 'g' ), 'e' ), X( 'd', 'f' ) ) ), 'c' )"
log_20_1692952238.xes.gz,drift_2,change_info_1,process_tree_after,"->( *( X( *tau*, ->( 'h', 'i' ) ), +( X( ->( +( 'b', 'j' ), 'g', +( 'a', 'k' ) ), 'e' ), X( 'd', 'f' ) ) ), 'c' )"
log_20_1692952238.xes.gz,drift_2,change_info_1,activities_deleted,[]
log_20_1692952238.xes.gz,drift_2,change_info_1,activities_added,[]
log_20_1692952238.xes.gz,drift_2,change_info_1,activities_moved,"[a, k]"
log_20_1692952238.xes.gz,drift_2,change_info_1,change_start,2028-07-16 19:17:10.820260
log_20_1692952238.xes.gz,drift_2,change_info_1,change_end,2028-07-16 19:17:10.820260
log_20_1692952238.xes.gz,drift_2,change_info_2,change_type,sudden
log_20_1692952238.xes.gz,drift_2,change_info_2,change_trace_index,[8017]
log_20_1692952238.xes.gz,drift_2,change_info_2,process_tree_before,"->( *( X( *tau*, ->( 'h', 'i' ) ), +( X( ->( +( 'b', 'j' ), 'g', +( 'a', 'k' ) ), 'e' ), X( 'd', 'f' ) ) ), 'c' )"
log_20_1692952238.xes.gz,drift_2,change_info_2,process_tree_after,"->( *( X( +( 'a', 'k' ), ->( 'h', 'i' ) ), +( X( ->( +( 'b', 'j' ), 'g' ), 'e' ), X( 'd', 'f' ) ) ), 'c' )"
log_20_1692952238.xes.gz,drift_2,change_info_2,activities_deleted,[]
log_20_1692952238.xes.gz,drift_2,change_info_2,activities_added,[]
log_20_1692952238.xes.gz,drift_2,change_info_2,activities_moved,"[a, k]"
log_20_1692952238.xes.gz,drift_2,change_info_2,change_start,2030-02-07 12:23:40.266830
log_20_1692952238.xes.gz,drift_2,change_info_2,change_end,2030-02-07 12:23:40.266830
log_20_1692952238.xes.gz,drift_2,change_info_3,change_type,sudden
log_20_1692952238.xes.gz,drift_2,change_info_3,change_trace_index,[9381]
log_20_1692952238.xes.gz,drift_2,change_info_3,process_tree_before,"->( *( X( +( 'a', 'k' ), ->( 'h', 'i' ) ), +( X( ->( +( 'b', 'j' ), 'g' ), 'e' ), X( 'd', 'f' ) ) ), 'c' )"
log_20_1692952238.xes.gz,drift_2,change_info_3,process_tree_after,"->( *( X( *tau*, ->( 'h', 'i' ) ), +( X( ->( +( 'b', 'j' ), 'g', +( 'a', 'k' ) ), 'e' ), X( 'd', 'f' ) ) ), 'c' )"
log_20_1692952238.xes.gz,drift_2,change_info_3,activities_deleted,[]
log_20_1692952238.xes.gz,drift_2,change_info_3,activities_added,[]
log_20_1692952238.xes.gz,drift_2,change_info_3,activities_moved,"[a, k]"
log_20_1692952238.xes.gz,drift_2,change_info_3,change_start,2031-11-17 00:41:41.851219
log_20_1692952238.xes.gz,drift_2,change_info_3,change_end,2031-11-17 00:41:41.851219
log_20_1692952238.xes.gz,drift_3,log_id,1,log_20_1692952238.xes.gz
log_20_1692952238.xes.gz,drift_3,drift_id,1,3
log_20_1692952238.xes.gz,drift_3,process_perspective,1,control-flow
log_20_1692952238.xes.gz,drift_3,process_complexity,1,middle
log_20_1692952238.xes.gz,drift_3,drift_type,1,incremental
log_20_1692952238.xes.gz,drift_3,process_trees_1,0,"->( *( X( +( 'a', 'k' ), ->( 'h', 'i' ) ), +( X( ->( +( 'b', 'j' ), 'g' ), 'e' ), X( 'd', 'f' ) ) ), 'c' )"
log_20_1692952238.xes.gz,drift_3,process_trees_2,1,"->( *( X( +( 'a', *tau* ), ->( 'h', 'i' ) ), +( X( ->( +( 'b', 'j' ), 'g' ), 'e' ), X( 'd', 'f' ) ) ), 'c' )"
log_20_1692952238.xes.gz,drift_3,process_trees_3,2,"->( *( X( +( 'a', *tau* ), ->( 'h', 'i' ) ), +( X( ->( +( 'b', 'j' ), 'g' ), 'e' ), X( 'd', 'f' ), 'Random activity 1' ) ), 'c' )"
log_20_1692952238.xes.gz,drift_3,process_trees_4,3,"->( *( X( +( 'a', *tau* ), ->( 'h', 'i' ) ), +( X( ->( +( 'b', 'j' ), 'g' ), 'e' ), X( 'd', 'f', 'Random activity 2' ), 'Random activity 1' ) ), 'c' )"
log_20_1692952238.xes.gz,drift_3,change_info_1,change_type,sudden
log_20_1692952238.xes.gz,drift_3,change_info_1,change_trace_index,[10872]
log_20_1692952238.xes.gz,drift_3,change_info_1,process_tree_before,"->( *( X( +( 'a', 'k' ), ->( 'h', 'i' ) ), +( X( ->( +( 'b', 'j' ), 'g' ), 'e' ), X( 'd', 'f' ) ) ), 'c' )"
log_20_1692952238.xes.gz,drift_3,change_info_1,process_tree_after,"->( *( X( +( 'a', *tau* ), ->( 'h', 'i' ) ), +( X( ->( +( 'b', 'j' ), 'g' ), 'e' ), X( 'd', 'f' ) ) ), 'c' )"
log_20_1692952238.xes.gz,drift_3,change_info_1,activities_deleted,[k]
log_20_1692952238.xes.gz,drift_3,change_info_1,activities_added,[]
log_20_1692952238.xes.gz,drift_3,change_info_1,activities_moved,[]
log_20_1692952238.xes.gz,drift_3,change_info_1,change_start,2033-09-23 17:55:42.302775
log_20_1692952238.xes.gz,drift_3,change_info_1,change_end,2033-09-23 17:55:42.302775
log_20_1692952238.xes.gz,drift_3,change_info_2,change_type,gradual
log_20_1692952238.xes.gz,drift_3,change_info_2,change_trace_index,"[11904, 12802]"
log_20_1692952238.xes.gz,drift_3,change_info_2,process_tree_before,"->( *( X( +( 'a', *tau* ), ->( 'h', 'i' ) ), +( X( ->( +( 'b', 'j' ), 'g' ), 'e' ), X( 'd', 'f' ) ) ), 'c' )"
log_20_1692952238.xes.gz,drift_3,change_info_2,process_tree_after,"->( *( X( +( 'a', *tau* ), ->( 'h', 'i' ) ), +( X( ->( +( 'b', 'j' ), 'g' ), 'e' ), X( 'd', 'f' ), 'Random activity 1' ) ), 'c' )"
log_20_1692952238.xes.gz,drift_3,change_info_2,activities_deleted,[]
log_20_1692952238.xes.gz,drift_3,change_info_2,activities_added,[Random activity 1]
log_20_1692952238.xes.gz,drift_3,change_info_2,activities_moved,[]
log_20_1692952238.xes.gz,drift_3,change_info_2,change_start,2035-01-17 08:43:52.286280
log_20_1692952238.xes.gz,drift_3,change_info_2,change_end,2036-03-30 01:24:55.406178
log_20_1692952238.xes.gz,drift_3,change_info_3,change_type,sudden
log_20_1692952238.xes.gz,drift_3,change_info_3,change_trace_index,[13833]
log_20_1692952238.xes.gz,drift_3,change_info_3,process_tree_before,"->( *( X( +( 'a', *tau* ), ->( 'h', 'i' ) ), +( X( ->( +( 'b', 'j' ), 'g' ), 'e' ), X( 'd', 'f' ), 'Random activity 1' ) ), 'c' )"
log_20_1692952238.xes.gz,drift_3,change_info_3,process_tree_after,"->( *( X( +( 'a', *tau* ), ->( 'h', 'i' ) ), +( X( ->( +( 'b', 'j' ), 'g' ), 'e' ), X( 'd', 'f', 'Random activity 2' ), 'Random activity 1' ) ), 'c' )"
log_20_1692952238.xes.gz,drift_3,change_info_3,activities_deleted,[]
log_20_1692952238.xes.gz,drift_3,change_info_3,activities_added,[Random activity 2]
log_20_1692952238.xes.gz,drift_3,change_info_3,activities_moved,[]
log_20_1692952238.xes.gz,drift_3,change_info_3,change_start,2037-07-04 01:55:53.306494
log_20_1692952238.xes.gz,drift_3,change_info_3,change_end,2037-07-04 01:55:53.306494
log_21_1692952246.xes.gz,drift_1,log_id,1,log_21_1692952246.xes.gz
log_21_1692952246.xes.gz,drift_1,drift_id,1,1
log_21_1692952246.xes.gz,drift_1,process_perspective,1,control-flow
log_21_1692952246.xes.gz,drift_1,process_complexity,1,simple
log_21_1692952246.xes.gz,drift_1,drift_type,1,incremental
log_21_1692952246.xes.gz,drift_1,process_trees_1,0,"->( ->( +( ->( 'a', 'e' ), 'd' ), 'c' ), 'b' )"
log_21_1692952246.xes.gz,drift_1,process_trees_2,1,"->( ->( +( ->( 'a', 'e' ), 'd' ), *tau* ), 'b' )"
log_21_1692952246.xes.gz,drift_1,process_trees_3,2,"->( ->( +( ->( 'a', *tau* ), 'd' ), *tau* ), 'b' )"
log_21_1692952246.xes.gz,drift_1,process_trees_4,3,"->( ->( +( ->( 'a', *tau* ), 'd' ), *tau*, 'Random activity 1' ), 'b' )"
log_21_1692952246.xes.gz,drift_1,change_info_1,change_type,gradual
log_21_1692952246.xes.gz,drift_1,change_info_1,change_trace_index,"[1096, 1828]"
log_21_1692952246.xes.gz,drift_1,change_info_1,process_tree_before,"->( ->( +( ->( 'a', 'e' ), 'd' ), 'c' ), 'b' )"
log_21_1692952246.xes.gz,drift_1,change_info_1,process_tree_after,"->( ->( +( ->( 'a', 'e' ), 'd' ), *tau* ), 'b' )"
log_21_1692952246.xes.gz,drift_1,change_info_1,activities_deleted,[c]
log_21_1692952246.xes.gz,drift_1,change_info_1,activities_added,[]
log_21_1692952246.xes.gz,drift_1,change_info_1,activities_moved,[]
log_21_1692952246.xes.gz,drift_1,change_info_1,change_start,2021-05-28 20:41:43.891805
log_21_1692952246.xes.gz,drift_1,change_info_1,change_end,2022-04-26 10:35:17.737934
log_21_1692952246.xes.gz,drift_1,change_info_2,change_type,gradual
log_21_1692952246.xes.gz,drift_1,change_info_2,change_trace_index,"[3150, 4136]"
log_21_1692952246.xes.gz,drift_1,change_info_2,process_tree_before,"->( ->( +( ->( 'a', 'e' ), 'd' ), *tau* ), 'b' )"
log_21_1692952246.xes.gz,drift_1,change_info_2,process_tree_after,"->( ->( +( ->( 'a', *tau* ), 'd' ), *tau* ), 'b' )"
log_21_1692952246.xes.gz,drift_1,change_info_2,activities_deleted,[e]
log_21_1692952246.xes.gz,drift_1,change_info_2,activities_added,[]
log_21_1692952246.xes.gz,drift_1,change_info_2,activities_moved,[]
log_21_1692952246.xes.gz,drift_1,change_info_2,change_start,2023-12-17 02:56:43.820092
log_21_1692952246.xes.gz,drift_1,change_info_2,change_end,2025-03-12 08:19:00.684881
log_21_1692952246.xes.gz,drift_1,change_info_3,change_type,gradual
log_21_1692952246.xes.gz,drift_1,change_info_3,change_trace_index,"[5287, 5888]"
log_21_1692952246.xes.gz,drift_1,change_info_3,process_tree_before,"->( ->( +( ->( 'a', *tau* ), 'd' ), *tau* ), 'b' )"
log_21_1692952246.xes.gz,drift_1,change_info_3,process_tree_after,"->( ->( +( ->( 'a', *tau* ), 'd' ), *tau*, 'Random activity 1' ), 'b' )"
log_21_1692952246.xes.gz,drift_1,change_info_3,activities_deleted,[]
log_21_1692952246.xes.gz,drift_1,change_info_3,activities_added,[Random activity 1]
log_21_1692952246.xes.gz,drift_1,change_info_3,activities_moved,[]
log_21_1692952246.xes.gz,drift_1,change_info_3,change_start,2026-08-28 04:04:53.284815
log_21_1692952246.xes.gz,drift_1,change_info_3,change_end,2027-05-22 13:03:06.229405
log_22_1692952248.xes.gz,drift_1,log_id,1,log_22_1692952248.xes.gz
log_22_1692952248.xes.gz,drift_1,drift_id,1,1
log_22_1692952248.xes.gz,drift_1,process_perspective,1,control-flow
log_22_1692952248.xes.gz,drift_1,process_complexity,1,complex
log_22_1692952248.xes.gz,drift_1,drift_type,1,recurring
log_22_1692952248.xes.gz,drift_1,process_trees_1,0,"->( *( X( ->( *( 'a', +( 'g', 'o' ) ), 'h' ), ->( *( 'e', ->( *( 'i', 'k' ), 'l' ) ), 'j' ) ), +( 'b', 'd' ) ), X( +( 'c', 'p' ), ->( *( 'f', 'm' ), 'n' ) ) )"
log_22_1692952248.xes.gz,drift_1,process_trees_2,1,"->( *( X( ->( *( 'm', +( 'g', 'o' ) ), 'h' ), ->( *( 'e', ->( *( 'i', 'k' ), 'l' ) ), 'j' ) ), +( 'b', 'd' ) ), X( +( 'c', 'p' ), ->( *( 'f', 'a' ), 'n' ) ) )"
log_22_1692952248.xes.gz,drift_1,process_trees_3,2,"->( *( X( ->( *( 'a', +( 'g', 'o' ) ), 'h' ), ->( *( 'e', ->( *( 'i', 'k' ), 'l' ) ), 'j' ) ), +( 'b', 'd' ) ), X( +( 'c', 'p' ), ->( *( 'f', 'm' ), 'n' ) ) )"
log_22_1692952248.xes.gz,drift_1,process_trees_4,3,"->( *( X( ->( *( 'm', +( 'g', 'o' ) ), 'h' ), ->( *( 'e', ->( *( 'i', 'k' ), 'l' ) ), 'j' ) ), +( 'b', 'd' ) ), X( +( 'c', 'p' ), ->( *( 'f', 'a' ), 'n' ) ) )"
log_22_1692952248.xes.gz,drift_1,change_info_1,change_type,sudden
log_22_1692952248.xes.gz,drift_1,change_info_1,change_trace_index,[1244]
log_22_1692952248.xes.gz,drift_1,change_info_1,process_tree_before,"->( *( X( ->( *( 'a', +( 'g', 'o' ) ), 'h' ), ->( *( 'e', ->( *( 'i', 'k' ), 'l' ) ), 'j' ) ), +( 'b', 'd' ) ), X( +( 'c', 'p' ), ->( *( 'f', 'm' ), 'n' ) ) )"
log_22_1692952248.xes.gz,drift_1,change_info_1,process_tree_after,"->( *( X( ->( *( 'm', +( 'g', 'o' ) ), 'h' ), ->( *( 'e', ->( *( 'i', 'k' ), 'l' ) ), 'j' ) ), +( 'b', 'd' ) ), X( +( 'c', 'p' ), ->( *( 'f', 'a' ), 'n' ) ) )"
log_22_1692952248.xes.gz,drift_1,change_info_1,activities_deleted,[]
log_22_1692952248.xes.gz,drift_1,change_info_1,activities_added,[]
log_22_1692952248.xes.gz,drift_1,change_info_1,activities_moved,"[m, a]"
log_22_1692952248.xes.gz,drift_1,change_info_1,change_start,2021-07-16 21:15:33.685159
log_22_1692952248.xes.gz,drift_1,change_info_1,change_end,2021-07-16 21:15:33.685159
log_22_1692952248.xes.gz,drift_1,change_info_2,change_type,sudden
log_22_1692952248.xes.gz,drift_1,change_info_2,change_trace_index,[2280]
log_22_1692952248.xes.gz,drift_1,change_info_2,process_tree_before,"->( *( X( ->( *( 'm', +( 'g', 'o' ) ), 'h' ), ->( *( 'e', ->( *( 'i', 'k' ), 'l' ) ), 'j' ) ), +( 'b', 'd' ) ), X( +( 'c', 'p' ), ->( *( 'f', 'a' ), 'n' ) ) )"
log_22_1692952248.xes.gz,drift_1,change_info_2,process_tree_after,"->( *( X( ->( *( 'a', +( 'g', 'o' ) ), 'h' ), ->( *( 'e', ->( *( 'i', 'k' ), 'l' ) ), 'j' ) ), +( 'b', 'd' ) ), X( +( 'c', 'p' ), ->( *( 'f', 'm' ), 'n' ) ) )"
log_22_1692952248.xes.gz,drift_1,change_info_2,activities_deleted,[]
log_22_1692952248.xes.gz,drift_1,change_info_2,activities_added,[]
log_22_1692952248.xes.gz,drift_1,change_info_2,activities_moved,"[m, a]"
log_22_1692952248.xes.gz,drift_1,change_info_2,change_start,2022-11-25 21:00:38.339604
log_22_1692952248.xes.gz,drift_1,change_info_2,change_end,2022-11-25 21:00:38.339604
log_22_1692952248.xes.gz,drift_1,change_info_3,change_type,sudden
log_22_1692952248.xes.gz,drift_1,change_info_3,change_trace_index,[3281]
log_22_1692952248.xes.gz,drift_1,change_info_3,process_tree_before,"->( *( X( ->( *( 'a', +( 'g', 'o' ) ), 'h' ), ->( *( 'e', ->( *( 'i', 'k' ), 'l' ) ), 'j' ) ), +( 'b', 'd' ) ), X( +( 'c', 'p' ), ->( *( 'f', 'm' ), 'n' ) ) )"
log_22_1692952248.xes.gz,drift_1,change_info_3,process_tree_after,"->( *( X( ->( *( 'm', +( 'g', 'o' ) ), 'h' ), ->( *( 'e', ->( *( 'i', 'k' ), 'l' ) ), 'j' ) ), +( 'b', 'd' ) ), X( +( 'c', 'p' ), ->( *( 'f', 'a' ), 'n' ) ) )"
log_22_1692952248.xes.gz,drift_1,change_info_3,activities_deleted,[]
log_22_1692952248.xes.gz,drift_1,change_info_3,activities_added,[]
log_22_1692952248.xes.gz,drift_1,change_info_3,activities_moved,"[m, a]"
log_22_1692952248.xes.gz,drift_1,change_info_3,change_start,2024-02-16 08:31:03.438445
log_22_1692952248.xes.gz,drift_1,change_info_3,change_end,2024-02-16 08:31:03.438445
log_22_1692952248.xes.gz,drift_2,log_id,1,log_22_1692952248.xes.gz
log_22_1692952248.xes.gz,drift_2,drift_id,1,2
log_22_1692952248.xes.gz,drift_2,process_perspective,1,control-flow
log_22_1692952248.xes.gz,drift_2,process_complexity,1,complex
log_22_1692952248.xes.gz,drift_2,drift_type,1,sudden
log_22_1692952248.xes.gz,drift_2,process_trees_1,0,"->( *( X( ->( *( 'a', +( 'g', 'o' ) ), 'h' ), ->( *( 'e', ->( *( 'i', 'k' ), 'l' ) ), 'j' ) ), +( 'b', 'd' ) ), X( +( 'c', 'p' ), ->( *( 'f', 'm' ), 'n' ) ) )"
log_22_1692952248.xes.gz,drift_2,process_trees_2,1,"->( *( X( ->( *( 'a', +( 'g', 'o' ) ), 'h' ), ->( *( 'e', ->( *( 'i', 'k' ), 'l' ) ), 'j' ) ), +( 'b', 'd' ) ), X( +( 'c', 'p' ), +( 'Random activity 1', ->( *( 'f', 'm' ), 'n' ) ) ), 'Random activity 2' )"
log_22_1692952248.xes.gz,drift_2,change_info_1,change_type,sudden
log_22_1692952248.xes.gz,drift_2,change_info_1,change_trace_index,[4625]
log_22_1692952248.xes.gz,drift_2,change_info_1,process_tree_before,"->( *( X( ->( *( 'a', +( 'g', 'o' ) ), 'h' ), ->( *( 'e', ->( *( 'i', 'k' ), 'l' ) ), 'j' ) ), +( 'b', 'd' ) ), X( +( 'c', 'p' ), ->( *( 'f', 'm' ), 'n' ) ) )"
log_22_1692952248.xes.gz,drift_2,change_info_1,process_tree_after,"->( *( X( ->( *( 'a', +( 'g', 'o' ) ), 'h' ), ->( *( 'e', ->( *( 'i', 'k' ), 'l' ) ), 'j' ) ), +( 'b', 'd' ) ), X( +( 'c', 'p' ), +( 'Random activity 1', ->( *( 'f', 'm' ), 'n' ) ) ), 'Random activity 2' )"
log_22_1692952248.xes.gz,drift_2,change_info_1,activities_deleted,[]
log_22_1692952248.xes.gz,drift_2,change_info_1,activities_added,"[Random activity 1, Random activity 2]"
log_22_1692952248.xes.gz,drift_2,change_info_1,activities_moved,"[n, f, m]"
log_22_1692952248.xes.gz,drift_2,change_info_1,change_start,2025-10-24 20:29:14.887648
log_22_1692952248.xes.gz,drift_2,change_info_1,change_end,2025-10-24 20:29:14.887648
log_22_1692952248.xes.gz,drift_3,log_id,1,log_22_1692952248.xes.gz
log_22_1692952248.xes.gz,drift_3,drift_id,1,3
log_22_1692952248.xes.gz,drift_3,process_perspective,1,control-flow
log_22_1692952248.xes.gz,drift_3,process_complexity,1,complex
log_22_1692952248.xes.gz,drift_3,drift_type,1,recurring
log_22_1692952248.xes.gz,drift_3,process_trees_1,0,"->( *( X( ->( *( 'a', +( 'g', 'o' ) ), 'h' ), ->( *( 'e', ->( *( 'i', 'k' ), 'l' ) ), 'j' ) ), +( 'b', 'd' ) ), X( +( 'c', 'p' ), ->( *( 'f', 'm' ), 'n' ) ) )"
log_22_1692952248.xes.gz,drift_3,process_trees_2,1,"->( *( X( ->( *( 'a', +( 'g', 'o' ) ), 'h' ), ->( *tau*, 'j', 'Random activity 1' ) ), +( 'b', 'd' ) ), X( +( 'c', 'p' ), ->( *( 'f', *tau* ), 'n' ) ) )"
log_22_1692952248.xes.gz,drift_3,process_trees_3,2,"->( *( X( ->( *( 'a', +( 'g', 'o' ) ), 'h' ), ->( *( 'e', ->( *( 'i', 'k' ), 'l' ) ), 'j' ) ), +( 'b', 'd' ) ), X( +( 'c', 'p' ), ->( *( 'f', 'm' ), 'n' ) ) )"
log_22_1692952248.xes.gz,drift_3,process_trees_4,3,"->( *( X( ->( *( 'a', +( 'g', 'o' ) ), 'h' ), ->( *tau*, 'j', 'Random activity 1' ) ), +( 'b', 'd' ) ), X( +( 'c', 'p' ), ->( *( 'f', *tau* ), 'n' ) ) )"
log_22_1692952248.xes.gz,drift_3,change_info_1,change_type,sudden
log_22_1692952248.xes.gz,drift_3,change_info_1,change_trace_index,[6029]
log_22_1692952248.xes.gz,drift_3,change_info_1,process_tree_before,"->( *( X( ->( *( 'a', +( 'g', 'o' ) ), 'h' ), ->( *( 'e', ->( *( 'i', 'k' ), 'l' ) ), 'j' ) ), +( 'b', 'd' ) ), X( +( 'c', 'p' ), ->( *( 'f', 'm' ), 'n' ) ) )"
log_22_1692952248.xes.gz,drift_3,change_info_1,process_tree_after,"->( *( X( ->( *( 'a', +( 'g', 'o' ) ), 'h' ), ->( *tau*, 'j', 'Random activity 1' ) ), +( 'b', 'd' ) ), X( +( 'c', 'p' ), ->( *( 'f', *tau* ), 'n' ) ) )"
log_22_1692952248.xes.gz,drift_3,change_info_1,activities_deleted,"[e, l, i, k, m]"
log_22_1692952248.xes.gz,drift_3,change_info_1,activities_added,[Random activity 1]
log_22_1692952248.xes.gz,drift_3,change_info_1,activities_moved,[]
log_22_1692952248.xes.gz,drift_3,change_info_1,change_start,2027-07-29 13:12:40.408684
log_22_1692952248.xes.gz,drift_3,change_info_1,change_end,2027-07-29 13:12:40.408684
log_22_1692952248.xes.gz,drift_3,change_info_2,change_type,gradual
log_22_1692952248.xes.gz,drift_3,change_info_2,change_trace_index,"[7290, 8171]"
log_22_1692952248.xes.gz,drift_3,change_info_2,process_tree_before,"->( *( X( ->( *( 'a', +( 'g', 'o' ) ), 'h' ), ->( *tau*, 'j', 'Random activity 1' ) ), +( 'b', 'd' ) ), X( +( 'c', 'p' ), ->( *( 'f', *tau* ), 'n' ) ) )"
log_22_1692952248.xes.gz,drift_3,change_info_2,process_tree_after,"->( *( X( ->( *( 'a', +( 'g', 'o' ) ), 'h' ), ->( *( 'e', ->( *( 'i', 'k' ), 'l' ) ), 'j' ) ), +( 'b', 'd' ) ), X( +( 'c', 'p' ), ->( *( 'f', 'm' ), 'n' ) ) )"
log_22_1692952248.xes.gz,drift_3,change_info_2,activities_deleted,[Random activity 1]
log_22_1692952248.xes.gz,drift_3,change_info_2,activities_added,"[e, l, i, k, m]"
log_22_1692952248.xes.gz,drift_3,change_info_2,activities_moved,[]
log_22_1692952248.xes.gz,drift_3,change_info_2,change_start,2029-02-12 05:20:15.635678
log_22_1692952248.xes.gz,drift_3,change_info_2,change_end,2030-03-02 17:27:41.121419
log_22_1692952248.xes.gz,drift_3,change_info_3,change_type,gradual
log_22_1692952248.xes.gz,drift_3,change_info_3,change_trace_index,"[9596, 10320]"
log_22_1692952248.xes.gz,drift_3,change_info_3,process_tree_before,"->( *( X( ->( *( 'a', +( 'g', 'o' ) ), 'h' ), ->( *( 'e', ->( *( 'i', 'k' ), 'l' ) ), 'j' ) ), +( 'b', 'd' ) ), X( +( 'c', 'p' ), ->( *( 'f', 'm' ), 'n' ) ) )"
log_22_1692952248.xes.gz,drift_3,change_info_3,process_tree_after,"->( *( X( ->( *( 'a', +( 'g', 'o' ) ), 'h' ), ->( *tau*, 'j', 'Random activity 1' ) ), +( 'b', 'd' ) ), X( +( 'c', 'p' ), ->( *( 'f', *tau* ), 'n' ) ) )"
log_22_1692952248.xes.gz,drift_3,change_info_3,activities_deleted,"[e, l, i, k, m]"
log_22_1692952248.xes.gz,drift_3,change_info_3,activities_added,[Random activity 1]
log_22_1692952248.xes.gz,drift_3,change_info_3,activities_moved,[]
log_22_1692952248.xes.gz,drift_3,change_info_3,change_start,2031-12-23 14:59:07.017617
log_22_1692952248.xes.gz,drift_3,change_info_3,change_end,2032-12-09 11:20:32.680737
log_23_1692952259.xes.gz,drift_1,log_id,1,log_23_1692952259.xes.gz
log_23_1692952259.xes.gz,drift_1,drift_id,1,1
log_23_1692952259.xes.gz,drift_1,process_perspective,1,control-flow
log_23_1692952259.xes.gz,drift_1,process_complexity,1,simple
log_23_1692952259.xes.gz,drift_1,drift_type,1,recurring
log_23_1692952259.xes.gz,drift_1,process_trees_1,0,"+( 'a', ->( *( 'b', ->( 'c', 'e' ) ), 'd' ) )"
log_23_1692952259.xes.gz,drift_1,process_trees_2,1,"+( *tau*, ->( *( 'b', ->( 'c', 'e' ) ), 'd' ) )"
log_23_1692952259.xes.gz,drift_1,process_trees_3,2,"+( 'a', ->( *( 'b', ->( 'c', 'e' ) ), 'd' ) )"
log_23_1692952259.xes.gz,drift_1,process_trees_4,3,"+( *tau*, ->( *( 'b', ->( 'c', 'e' ) ), 'd' ) )"
log_23_1692952259.xes.gz,drift_1,change_info_1,change_type,gradual
log_23_1692952259.xes.gz,drift_1,change_info_1,change_trace_index,"[1464, 2335]"
log_23_1692952259.xes.gz,drift_1,change_info_1,process_tree_before,"+( 'a', ->( *( 'b', ->( 'c', 'e' ) ), 'd' ) )"
log_23_1692952259.xes.gz,drift_1,change_info_1,process_tree_after,"+( *tau*, ->( *( 'b', ->( 'c', 'e' ) ), 'd' ) )"
log_23_1692952259.xes.gz,drift_1,change_info_1,activities_deleted,[a]
log_23_1692952259.xes.gz,drift_1,change_info_1,activities_added,[]
log_23_1692952259.xes.gz,drift_1,change_info_1,activities_moved,[]
log_23_1692952259.xes.gz,drift_1,change_info_1,change_start,2021-10-17 04:49:46.540321
log_23_1692952259.xes.gz,drift_1,change_info_1,change_end,2022-12-04 04:05:25.157659
log_23_1692952259.xes.gz,drift_1,change_info_2,change_type,gradual
log_23_1692952259.xes.gz,drift_1,change_info_2,change_trace_index,"[3773, 4539]"
log_23_1692952259.xes.gz,drift_1,change_info_2,process_tree_before,"+( *tau*, ->( *( 'b', ->( 'c', 'e' ) ), 'd' ) )"
log_23_1692952259.xes.gz,drift_1,change_info_2,process_tree_after,"+( 'a', ->( *( 'b', ->( 'c', 'e' ) ), 'd' ) )"
log_23_1692952259.xes.gz,drift_1,change_info_2,activities_deleted,[]
log_23_1692952259.xes.gz,drift_1,change_info_2,activities_added,[a]
log_23_1692952259.xes.gz,drift_1,change_info_2,activities_moved,[]
log_23_1692952259.xes.gz,drift_1,change_info_2,change_start,2024-10-07 14:47:24.831327
log_23_1692952259.xes.gz,drift_1,change_info_2,change_end,2025-09-25 17:27:54.165901
log_23_1692952259.xes.gz,drift_1,change_info_3,change_type,gradual
log_23_1692952259.xes.gz,drift_1,change_info_3,change_trace_index,"[5637, 6477]"
log_23_1692952259.xes.gz,drift_1,change_info_3,process_tree_before,"+( 'a', ->( *( 'b', ->( 'c', 'e' ) ), 'd' ) )"
log_23_1692952259.xes.gz,drift_1,change_info_3,process_tree_after,"+( *tau*, ->( *( 'b', ->( 'c', 'e' ) ), 'd' ) )"
log_23_1692952259.xes.gz,drift_1,change_info_3,activities_deleted,[a]
log_23_1692952259.xes.gz,drift_1,change_info_3,activities_added,[]
log_23_1692952259.xes.gz,drift_1,change_info_3,activities_moved,[]
log_23_1692952259.xes.gz,drift_1,change_info_3,change_start,2027-02-06 20:46:15.094952
log_23_1692952259.xes.gz,drift_1,change_info_3,change_end,2028-03-16 16:32:34.370555
log_23_1692952259.xes.gz,drift_2,log_id,1,log_23_1692952259.xes.gz
log_23_1692952259.xes.gz,drift_2,drift_id,1,2
log_23_1692952259.xes.gz,drift_2,process_perspective,1,control-flow
log_23_1692952259.xes.gz,drift_2,process_complexity,1,simple
log_23_1692952259.xes.gz,drift_2,drift_type,1,recurring
log_23_1692952259.xes.gz,drift_2,process_trees_1,0,"+( 'a', ->( *( 'b', ->( 'c', 'e' ) ), 'd' ) )"
log_23_1692952259.xes.gz,drift_2,process_trees_2,1,"+( 'a', ->( *( *tau*, ->( 'c', 'e' ), 'Random activity 1' ), 'd' ) )"
log_23_1692952259.xes.gz,drift_2,process_trees_3,2,"+( 'a', ->( *( 'b', ->( 'c', 'e' ) ), 'd' ) )"
log_23_1692952259.xes.gz,drift_2,process_trees_4,3,"+( 'a', ->( *( *tau*, ->( 'c', 'e' ), 'Random activity 1' ), 'd' ) )"
log_23_1692952259.xes.gz,drift_2,change_info_1,change_type,sudden
log_23_1692952259.xes.gz,drift_2,change_info_1,change_trace_index,[7514]
log_23_1692952259.xes.gz,drift_2,change_info_1,process_tree_before,"+( 'a', ->( *( 'b', ->( 'c', 'e' ) ), 'd' ) )"
log_23_1692952259.xes.gz,drift_2,change_info_1,process_tree_after,"+( 'a', ->( *( *tau*, ->( 'c', 'e' ), 'Random activity 1' ), 'd' ) )"
log_23_1692952259.xes.gz,drift_2,change_info_1,activities_deleted,[b]
log_23_1692952259.xes.gz,drift_2,change_info_1,activities_added,[Random activity 1]
log_23_1692952259.xes.gz,drift_2,change_info_1,activities_moved,[]
log_23_1692952259.xes.gz,drift_2,change_info_1,change_start,2029-06-30 14:35:44.612989
log_23_1692952259.xes.gz,drift_2,change_info_1,change_end,2029-06-30 14:35:44.612989
log_23_1692952259.xes.gz,drift_2,change_info_2,change_type,gradual
log_23_1692952259.xes.gz,drift_2,change_info_2,change_trace_index,"[8662, 9652]"
log_23_1692952259.xes.gz,drift_2,change_info_2,process_tree_before,"+( 'a', ->( *( *tau*, ->( 'c', 'e' ), 'Random activity 1' ), 'd' ) )"
log_23_1692952259.xes.gz,drift_2,change_info_2,process_tree_after,"+( 'a', ->( *( 'b', ->( 'c', 'e' ) ), 'd' ) )"
log_23_1692952259.xes.gz,drift_2,change_info_2,activities_deleted,[Random activity 1]
log_23_1692952259.xes.gz,drift_2,change_info_2,activities_added,[b]
log_23_1692952259.xes.gz,drift_2,change_info_2,activities_moved,[]
log_23_1692952259.xes.gz,drift_2,change_info_2,change_start,2030-11-19 09:39:51.783478
log_23_1692952259.xes.gz,drift_2,change_info_2,change_end,2032-03-04 04:17:02.475874
log_23_1692952259.xes.gz,drift_2,change_info_3,change_type,gradual
log_23_1692952259.xes.gz,drift_2,change_info_3,change_trace_index,"[10998, 11610]"
log_23_1692952259.xes.gz,drift_2,change_info_3,process_tree_before,"+( 'a', ->( *( 'b', ->( 'c', 'e' ) ), 'd' ) )"
log_23_1692952259.xes.gz,drift_2,change_info_3,process_tree_after,"+( 'a', ->( *( *tau*, ->( 'c', 'e' ), 'Random activity 1' ), 'd' ) )"
log_23_1692952259.xes.gz,drift_2,change_info_3,activities_deleted,[b]
log_23_1692952259.xes.gz,drift_2,change_info_3,activities_added,[Random activity 1]
log_23_1692952259.xes.gz,drift_2,change_info_3,activities_moved,[]
log_23_1692952259.xes.gz,drift_2,change_info_3,change_start,2033-10-31 02:54:01.168915
log_23_1692952259.xes.gz,drift_2,change_info_3,change_end,2034-08-11 14:11:27.924029
log_23_1692952259.xes.gz,drift_3,log_id,1,log_23_1692952259.xes.gz
log_23_1692952259.xes.gz,drift_3,drift_id,1,3
log_23_1692952259.xes.gz,drift_3,process_perspective,1,control-flow
log_23_1692952259.xes.gz,drift_3,process_complexity,1,simple
log_23_1692952259.xes.gz,drift_3,drift_type,1,sudden
log_23_1692952259.xes.gz,drift_3,process_trees_1,0,"+( 'a', ->( *( 'b', ->( 'c', 'e' ) ), 'd' ) )"
log_23_1692952259.xes.gz,drift_3,process_trees_2,1,"+( 'a', ->( *( 'b', ->( 'c', 'e', 'Random activity 1' ) ), 'd' ) )"
log_23_1692952259.xes.gz,drift_3,change_info_1,change_type,sudden
log_23_1692952259.xes.gz,drift_3,change_info_1,change_trace_index,[12811]
log_23_1692952259.xes.gz,drift_3,change_info_1,process_tree_before,"+( 'a', ->( *( 'b', ->( 'c', 'e' ) ), 'd' ) )"
log_23_1692952259.xes.gz,drift_3,change_info_1,process_tree_after,"+( 'a', ->( *( 'b', ->( 'c', 'e', 'Random activity 1' ) ), 'd' ) )"
log_23_1692952259.xes.gz,drift_3,change_info_1,activities_deleted,[]
log_23_1692952259.xes.gz,drift_3,change_info_1,activities_added,[Random activity 1]
log_23_1692952259.xes.gz,drift_3,change_info_1,activities_moved,[]
log_23_1692952259.xes.gz,drift_3,change_info_1,change_start,2036-02-11 14:56:09.088792
log_23_1692952259.xes.gz,drift_3,change_info_1,change_end,2036-02-11 14:56:09.088792
log_24_1692952266.xes.gz,drift_1,log_id,1,log_24_1692952266.xes.gz
log_24_1692952266.xes.gz,drift_1,drift_id,1,1
log_24_1692952266.xes.gz,drift_1,process_perspective,1,control-flow
log_24_1692952266.xes.gz,drift_1,process_complexity,1,simple
log_24_1692952266.xes.gz,drift_1,drift_type,1,sudden
log_24_1692952266.xes.gz,drift_1,process_trees_1,0,"->( ->( 'a', ->( 'c', 'd' ) ), ->( ->( 'b', 'g' ), ->( 'e', 'f' ) ) )"
log_24_1692952266.xes.gz,drift_1,process_trees_2,1,"->( ->( 'a', ->( 'c', 'd' ) ), ->( ->( 'b', 'g' ), ->( 'e', 'f' ), 'Random activity 1' ) )"
log_24_1692952266.xes.gz,drift_1,change_info_1,change_type,sudden
log_24_1692952266.xes.gz,drift_1,change_info_1,change_trace_index,[1144]
log_24_1692952266.xes.gz,drift_1,change_info_1,process_tree_before,"->( ->( 'a', ->( 'c', 'd' ) ), ->( ->( 'b', 'g' ), ->( 'e', 'f' ) ) )"
log_24_1692952266.xes.gz,drift_1,change_info_1,process_tree_after,"->( ->( 'a', ->( 'c', 'd' ) ), ->( ->( 'b', 'g' ), ->( 'e', 'f' ), 'Random activity 1' ) )"
log_24_1692952266.xes.gz,drift_1,change_info_1,activities_deleted,[]
log_24_1692952266.xes.gz,drift_1,change_info_1,activities_added,[Random activity 1]
log_24_1692952266.xes.gz,drift_1,change_info_1,activities_moved,[]
log_24_1692952266.xes.gz,drift_1,change_info_1,change_start,2021-06-11 12:47:58.359045
log_24_1692952266.xes.gz,drift_1,change_info_1,change_end,2021-06-11 12:47:58.359045
log_24_1692952266.xes.gz,drift_2,log_id,1,log_24_1692952266.xes.gz
log_24_1692952266.xes.gz,drift_2,drift_id,1,2
log_24_1692952266.xes.gz,drift_2,process_perspective,1,control-flow
log_24_1692952266.xes.gz,drift_2,process_complexity,1,simple
log_24_1692952266.xes.gz,drift_2,drift_type,1,gradual
log_24_1692952266.xes.gz,drift_2,process_trees_1,0,"->( ->( 'a', ->( 'c', 'd' ) ), ->( ->( 'b', 'g' ), ->( 'e', 'f' ) ) )"
log_24_1692952266.xes.gz,drift_2,process_trees_2,1,"->( ->( 'a', ->( 'c', 'd' ) ), ->( ->( 'b', 'g', 'Random activity 1' ), ->( 'e', 'f' ) ) )"
log_24_1692952266.xes.gz,drift_2,change_info_1,change_type,gradual
log_24_1692952266.xes.gz,drift_2,change_info_1,change_trace_index,"[2334, 3230]"
log_24_1692952266.xes.gz,drift_2,change_info_1,process_tree_before,"->( ->( 'a', ->( 'c', 'd' ) ), ->( ->( 'b', 'g' ), ->( 'e', 'f' ) ) )"
log_24_1692952266.xes.gz,drift_2,change_info_1,process_tree_after,"->( ->( 'a', ->( 'c', 'd' ) ), ->( ->( 'b', 'g', 'Random activity 1' ), ->( 'e', 'f' ) ) )"
log_24_1692952266.xes.gz,drift_2,change_info_1,activities_deleted,[]
log_24_1692952266.xes.gz,drift_2,change_info_1,activities_added,[Random activity 1]
log_24_1692952266.xes.gz,drift_2,change_info_1,activities_moved,[]
log_24_1692952266.xes.gz,drift_2,change_info_1,change_start,2022-11-18 00:02:32.355052
log_24_1692952266.xes.gz,drift_2,change_info_1,change_end,2023-12-24 14:41:48.630137
log_24_1692952266.xes.gz,drift_3,log_id,1,log_24_1692952266.xes.gz
log_24_1692952266.xes.gz,drift_3,drift_id,1,3
log_24_1692952266.xes.gz,drift_3,process_perspective,1,control-flow
log_24_1692952266.xes.gz,drift_3,process_complexity,1,simple
log_24_1692952266.xes.gz,drift_3,drift_type,1,sudden
log_24_1692952266.xes.gz,drift_3,process_trees_1,0,"->( ->( 'a', ->( 'c', 'd' ) ), ->( ->( 'b', 'g' ), ->( 'e', 'f' ) ) )"
log_24_1692952266.xes.gz,drift_3,process_trees_2,1,"->( ->( 'a', ->( 'c', 'd' ) ), ->( ->( 'b', *tau* ), ->( 'e', 'f' ) ) )"
log_24_1692952266.xes.gz,drift_3,change_info_1,change_type,sudden
log_24_1692952266.xes.gz,drift_3,change_info_1,change_trace_index,[4730]
log_24_1692952266.xes.gz,drift_3,change_info_1,process_tree_before,"->( ->( 'a', ->( 'c', 'd' ) ), ->( ->( 'b', 'g' ), ->( 'e', 'f' ) ) )"
log_24_1692952266.xes.gz,drift_3,change_info_1,process_tree_after,"->( ->( 'a', ->( 'c', 'd' ) ), ->( ->( 'b', *tau* ), ->( 'e', 'f' ) ) )"
log_24_1692952266.xes.gz,drift_3,change_info_1,activities_deleted,[g]
log_24_1692952266.xes.gz,drift_3,change_info_1,activities_added,[]
log_24_1692952266.xes.gz,drift_3,change_info_1,activities_moved,[]
log_24_1692952266.xes.gz,drift_3,change_info_1,change_start,2025-11-04 21:58:08.782391
log_24_1692952266.xes.gz,drift_3,change_info_1,change_end,2025-11-04 21:58:08.782391
log_25_1692952268.xes.gz,drift_1,log_id,1,log_25_1692952268.xes.gz
log_25_1692952268.xes.gz,drift_1,drift_id,1,1
log_25_1692952268.xes.gz,drift_1,process_perspective,1,control-flow
log_25_1692952268.xes.gz,drift_1,process_complexity,1,middle
log_25_1692952268.xes.gz,drift_1,drift_type,1,recurring
log_25_1692952268.xes.gz,drift_1,process_trees_1,0,"X( +( +( 'a', X( 'g', 'h' ) ), 'e' ), +( 'b', +( +( ->( 'c', 'i' ), 'f' ), ->( 'd', 'j' ) ) ) )"
log_25_1692952268.xes.gz,drift_1,process_trees_2,1,"X( +( +( 'a', +( 'g', 'h' ) ), 'e' ), +( 'b', +( +( ->( 'c', 'i' ), 'f' ), ->( 'd', 'j' ) ) ) )"
log_25_1692952268.xes.gz,drift_1,process_trees_3,2,"X( +( +( 'a', X( 'g', 'h' ) ), 'e' ), +( 'b', +( +( ->( 'c', 'i' ), 'f' ), ->( 'd', 'j' ) ) ) )"
log_25_1692952268.xes.gz,drift_1,process_trees_4,3,"X( +( +( 'a', +( 'g', 'h' ) ), 'e' ), +( 'b', +( +( ->( 'c', 'i' ), 'f' ), ->( 'd', 'j' ) ) ) )"
log_25_1692952268.xes.gz,drift_1,change_info_1,change_type,gradual
log_25_1692952268.xes.gz,drift_1,change_info_1,change_trace_index,"[1268, 1983]"
log_25_1692952268.xes.gz,drift_1,change_info_1,process_tree_before,"X( +( +( 'a', X( 'g', 'h' ) ), 'e' ), +( 'b', +( +( ->( 'c', 'i' ), 'f' ), ->( 'd', 'j' ) ) ) )"
log_25_1692952268.xes.gz,drift_1,change_info_1,process_tree_after,"X( +( +( 'a', +( 'g', 'h' ) ), 'e' ), +( 'b', +( +( ->( 'c', 'i' ), 'f' ), ->( 'd', 'j' ) ) ) )"
log_25_1692952268.xes.gz,drift_1,change_info_1,activities_deleted,[]
log_25_1692952268.xes.gz,drift_1,change_info_1,activities_added,[]
log_25_1692952268.xes.gz,drift_1,change_info_1,activities_moved,"[g, h]"
log_25_1692952268.xes.gz,drift_1,change_info_1,change_start,2021-07-01 03:15:44.169935
log_25_1692952268.xes.gz,drift_1,change_info_1,change_end,2022-04-30 00:09:50.354448
log_25_1692952268.xes.gz,drift_1,change_info_2,change_type,gradual
log_25_1692952268.xes.gz,drift_1,change_info_2,change_trace_index,"[3460, 4362]"
log_25_1692952268.xes.gz,drift_1,change_info_2,process_tree_before,"X( +( +( 'a', +( 'g', 'h' ) ), 'e' ), +( 'b', +( +( ->( 'c', 'i' ), 'f' ), ->( 'd', 'j' ) ) ) )"
log_25_1692952268.xes.gz,drift_1,change_info_2,process_tree_after,"X( +( +( 'a', X( 'g', 'h' ) ), 'e' ), +( 'b', +( +( ->( 'c', 'i' ), 'f' ), ->( 'd', 'j' ) ) ) )"
log_25_1692952268.xes.gz,drift_1,change_info_2,activities_deleted,[]
log_25_1692952268.xes.gz,drift_1,change_info_2,activities_added,[]
log_25_1692952268.xes.gz,drift_1,change_info_2,activities_moved,"[g, h]"
log_25_1692952268.xes.gz,drift_1,change_info_2,change_start,2024-03-12 05:12:01.953047
log_25_1692952268.xes.gz,drift_1,change_info_2,change_end,2025-05-05 02:11:43.601357
log_25_1692952268.xes.gz,drift_1,change_info_3,change_type,gradual
log_25_1692952268.xes.gz,drift_1,change_info_3,change_trace_index,"[5712, 6676]"
log_25_1692952268.xes.gz,drift_1,change_info_3,process_tree_before,"X( +( +( 'a', X( 'g', 'h' ) ), 'e' ), +( 'b', +( +( ->( 'c', 'i' ), 'f' ), ->( 'd', 'j' ) ) ) )"
log_25_1692952268.xes.gz,drift_1,change_info_3,process_tree_after,"X( +( +( 'a', +( 'g', 'h' ) ), 'e' ), +( 'b', +( +( ->( 'c', 'i' ), 'f' ), ->( 'd', 'j' ) ) ) )"
log_25_1692952268.xes.gz,drift_1,change_info_3,activities_deleted,[]
log_25_1692952268.xes.gz,drift_1,change_info_3,activities_added,[]
log_25_1692952268.xes.gz,drift_1,change_info_3,activities_moved,"[g, h]"
log_25_1692952268.xes.gz,drift_1,change_info_3,change_start,2027-01-24 22:22:57.676126
log_25_1692952268.xes.gz,drift_1,change_info_3,change_end,2028-03-25 01:48:59.397175
log_25_1692952268.xes.gz,drift_2,log_id,1,log_25_1692952268.xes.gz
log_25_1692952268.xes.gz,drift_2,drift_id,1,2
log_25_1692952268.xes.gz,drift_2,process_perspective,1,control-flow
log_25_1692952268.xes.gz,drift_2,process_complexity,1,middle
log_25_1692952268.xes.gz,drift_2,drift_type,1,gradual
log_25_1692952268.xes.gz,drift_2,process_trees_1,0,"X( +( +( 'a', X( 'g', 'h' ) ), 'e' ), +( 'b', +( +( ->( 'c', 'i' ), 'f' ), ->( 'd', 'j' ) ) ) )"
log_25_1692952268.xes.gz,drift_2,process_trees_2,1,"X( +( +( 'a', X( 'g', 'h' ) ), 'e' ), +( 'b', +( X( ->( 'c', 'i' ), 'f' ), ->( 'd', 'j' ) ) ) )"
log_25_1692952268.xes.gz,drift_2,change_info_1,change_type,gradual
log_25_1692952268.xes.gz,drift_2,change_info_1,change_trace_index,"[7809, 8764]"
log_25_1692952268.xes.gz,drift_2,change_info_1,process_tree_before,"X( +( +( 'a', X( 'g', 'h' ) ), 'e' ), +( 'b', +( +( ->( 'c', 'i' ), 'f' ), ->( 'd', 'j' ) ) ) )"
log_25_1692952268.xes.gz,drift_2,change_info_1,process_tree_after,"X( +( +( 'a', X( 'g', 'h' ) ), 'e' ), +( 'b', +( X( ->( 'c', 'i' ), 'f' ), ->( 'd', 'j' ) ) ) )"
log_25_1692952268.xes.gz,drift_2,change_info_1,activities_deleted,[]
log_25_1692952268.xes.gz,drift_2,change_info_1,activities_added,[]
log_25_1692952268.xes.gz,drift_2,change_info_1,activities_moved,"[f, c, i]"
log_25_1692952268.xes.gz,drift_2,change_info_1,change_start,2029-08-30 22:03:00.120345
log_25_1692952268.xes.gz,drift_2,change_info_1,change_end,2030-11-05 15:23:36.839203
log_25_1692952268.xes.gz,drift_3,log_id,1,log_25_1692952268.xes.gz
log_25_1692952268.xes.gz,drift_3,drift_id,1,3
log_25_1692952268.xes.gz,drift_3,process_perspective,1,control-flow
log_25_1692952268.xes.gz,drift_3,process_complexity,1,middle
log_25_1692952268.xes.gz,drift_3,drift_type,1,gradual
log_25_1692952268.xes.gz,drift_3,process_trees_1,0,"X( +( +( 'a', X( 'g', 'h' ) ), 'e' ), +( 'b', +( +( ->( 'c', 'i' ), 'f' ), ->( 'd', 'j' ) ) ) )"
log_25_1692952268.xes.gz,drift_3,process_trees_2,1,"X( +( *tau*, 'e' ), +( 'b', +( +( ->( 'c', 'i', +( 'a', X( 'g', 'h' ) ) ), 'f' ), ->( 'd', 'j' ) ) ) )"
log_25_1692952268.xes.gz,drift_3,change_info_1,change_type,gradual
log_25_1692952268.xes.gz,drift_3,change_info_1,change_trace_index,"[10077, 10808]"
log_25_1692952268.xes.gz,drift_3,change_info_1,process_tree_before,"X( +( +( 'a', X( 'g', 'h' ) ), 'e' ), +( 'b', +( +( ->( 'c', 'i' ), 'f' ), ->( 'd', 'j' ) ) ) )"
log_25_1692952268.xes.gz,drift_3,change_info_1,process_tree_after,"X( +( *tau*, 'e' ), +( 'b', +( +( ->( 'c', 'i', +( 'a', X( 'g', 'h' ) ) ), 'f' ), ->( 'd', 'j' ) ) ) )"
log_25_1692952268.xes.gz,drift_3,change_info_1,activities_deleted,[]
log_25_1692952268.xes.gz,drift_3,change_info_1,activities_added,[]
log_25_1692952268.xes.gz,drift_3,change_info_1,activities_moved,"[a, g, h]"
log_25_1692952268.xes.gz,drift_3,change_info_1,change_start,2032-07-13 20:11:45.998967
log_25_1692952268.xes.gz,drift_3,change_info_1,change_end,2033-06-16 04:22:30.218489
log_26_1692952272.xes.gz,drift_1,log_id,1,log_26_1692952272.xes.gz
log_26_1692952272.xes.gz,drift_1,drift_id,1,1
log_26_1692952272.xes.gz,drift_1,process_perspective,1,control-flow
log_26_1692952272.xes.gz,drift_1,process_complexity,1,complex
log_26_1692952272.xes.gz,drift_1,drift_type,1,recurring
log_26_1692952272.xes.gz,drift_1,process_trees_1,0,"->( +( ->( *( ->( X( 'a', ->( *( 'j', 'n' ), 'o' ) ), X( 'g', X( 'i', 'p' ) ) ), X( ->( *( 'd', 'k' ), 'l' ), 'h' ) ), 'e' ), +( 'c', 'f' ) ), +( 'b', 'm' ) )"
log_26_1692952272.xes.gz,drift_1,process_trees_2,1,"->( +( ->( *( ->( X( 'a', ->( *( 'j', 'n', *( 'd', 'k' ) ), 'o' ) ), X( 'g', X( 'i', 'p' ) ) ), X( ->( *tau*, 'l' ), 'h' ) ), 'e' ), +( 'c', 'f' ) ), +( 'b', 'm' ) )"
log_26_1692952272.xes.gz,drift_1,process_trees_3,2,"->( +( ->( *( ->( X( 'a', ->( *( 'j', 'n' ), 'o' ) ), X( 'g', X( 'i', 'p' ) ) ), X( ->( *( 'd', 'k' ), 'l' ), 'h' ) ), 'e' ), +( 'c', 'f' ) ), +( 'b', 'm' ) )"
log_26_1692952272.xes.gz,drift_1,process_trees_4,3,"->( +( ->( *( ->( X( 'a', ->( *( 'j', 'n', *( 'd', 'k' ) ), 'o' ) ), X( 'g', X( 'i', 'p' ) ) ), X( ->( *tau*, 'l' ), 'h' ) ), 'e' ), +( 'c', 'f' ) ), +( 'b', 'm' ) )"
log_26_1692952272.xes.gz,drift_1,change_info_1,change_type,gradual
log_26_1692952272.xes.gz,drift_1,change_info_1,change_trace_index,"[1263, 1769]"
log_26_1692952272.xes.gz,drift_1,change_info_1,process_tree_before,"->( +( ->( *( ->( X( 'a', ->( *( 'j', 'n' ), 'o' ) ), X( 'g', X( 'i', 'p' ) ) ), X( ->( *( 'd', 'k' ), 'l' ), 'h' ) ), 'e' ), +( 'c', 'f' ) ), +( 'b', 'm' ) )"
log_26_1692952272.xes.gz,drift_1,change_info_1,process_tree_after,"->( +( ->( *( ->( X( 'a', ->( *( 'j', 'n', *( 'd', 'k' ) ), 'o' ) ), X( 'g', X( 'i', 'p' ) ) ), X( ->( *tau*, 'l' ), 'h' ) ), 'e' ), +( 'c', 'f' ) ), +( 'b', 'm' ) )"
log_26_1692952272.xes.gz,drift_1,change_info_1,activities_deleted,[]
log_26_1692952272.xes.gz,drift_1,change_info_1,activities_added,[]
log_26_1692952272.xes.gz,drift_1,change_info_1,activities_moved,"[d, k]"
log_26_1692952272.xes.gz,drift_1,change_info_1,change_start,2021-07-27 16:13:37.199727
log_26_1692952272.xes.gz,drift_1,change_info_1,change_end,2022-03-21 04:30:30.646899
log_26_1692952272.xes.gz,drift_1,change_info_2,change_type,gradual
log_26_1692952272.xes.gz,drift_1,change_info_2,change_trace_index,"[2996, 3623]"
log_26_1692952272.xes.gz,drift_1,change_info_2,process_tree_before,"->( +( ->( *( ->( X( 'a', ->( *( 'j', 'n', *( 'd', 'k' ) ), 'o' ) ), X( 'g', X( 'i', 'p' ) ) ), X( ->( *tau*, 'l' ), 'h' ) ), 'e' ), +( 'c', 'f' ) ), +( 'b', 'm' ) )"
log_26_1692952272.xes.gz,drift_1,change_info_2,process_tree_after,"->( +( ->( *( ->( X( 'a', ->( *( 'j', 'n' ), 'o' ) ), X( 'g', X( 'i', 'p' ) ) ), X( ->( *( 'd', 'k' ), 'l' ), 'h' ) ), 'e' ), +( 'c', 'f' ) ), +( 'b', 'm' ) )"
log_26_1692952272.xes.gz,drift_1,change_info_2,activities_deleted,[]
log_26_1692952272.xes.gz,drift_1,change_info_2,activities_added,[]
log_26_1692952272.xes.gz,drift_1,change_info_2,activities_moved,"[d, k]"
log_26_1692952272.xes.gz,drift_1,change_info_2,change_start,2023-09-25 19:36:59.429496
log_26_1692952272.xes.gz,drift_1,change_info_2,change_end,2024-07-18 09:02:32.401393
log_26_1692952272.xes.gz,drift_1,change_info_3,change_type,gradual
log_26_1692952272.xes.gz,drift_1,change_info_3,change_trace_index,"[4914, 5584]"
log_26_1692952272.xes.gz,drift_1,change_info_3,process_tree_before,"->( +( ->( *( ->( X( 'a', ->( *( 'j', 'n' ), 'o' ) ), X( 'g', X( 'i', 'p' ) ) ), X( ->( *( 'd', 'k' ), 'l' ), 'h' ) ), 'e' ), +( 'c', 'f' ) ), +( 'b', 'm' ) )"
log_26_1692952272.xes.gz,drift_1,change_info_3,process_tree_after,"->( +( ->( *( ->( X( 'a', ->( *( 'j', 'n', *( 'd', 'k' ) ), 'o' ) ), X( 'g', X( 'i', 'p' ) ) ), X( ->( *tau*, 'l' ), 'h' ) ), 'e' ), +( 'c', 'f' ) ), +( 'b', 'm' ) )"
log_26_1692952272.xes.gz,drift_1,change_info_3,activities_deleted,[]
log_26_1692952272.xes.gz,drift_1,change_info_3,activities_added,[]
log_26_1692952272.xes.gz,drift_1,change_info_3,activities_moved,"[d, k]"
log_26_1692952272.xes.gz,drift_1,change_info_3,change_start,2026-03-15 19:14:45.401000
log_26_1692952272.xes.gz,drift_1,change_info_3,change_end,2027-02-10 04:06:08.933013
log_26_1692952272.xes.gz,drift_2,log_id,1,log_26_1692952272.xes.gz
log_26_1692952272.xes.gz,drift_2,drift_id,1,2
log_26_1692952272.xes.gz,drift_2,process_perspective,1,control-flow
log_26_1692952272.xes.gz,drift_2,process_complexity,1,complex
log_26_1692952272.xes.gz,drift_2,drift_type,1,recurring
log_26_1692952272.xes.gz,drift_2,process_trees_1,0,"->( +( ->( *( ->( X( 'a', ->( *( 'j', 'n' ), 'o' ) ), X( 'g', X( 'i', 'p' ) ) ), X( ->( *( 'd', 'k' ), 'l' ), 'h' ) ), 'e' ), +( 'c', 'f' ) ), +( 'b', 'm' ) )"
log_26_1692952272.xes.gz,drift_2,process_trees_2,1,"->( +( ->( *( ->( X( 'a', ->( *( 'j', 'n' ), 'o' ) ), X( 'g', X( 'i', 'p' ) ) ), *( 'Random activity 1', X( ->( *( 'd', 'k' ), 'l' ), 'h' ) ) ), 'e' ), +( 'c', 'f' ) ), +( 'b', *tau* ) )"
log_26_1692952272.xes.gz,drift_2,process_trees_3,2,"->( +( ->( *( ->( X( 'a', ->( *( 'j', 'n' ), 'o' ) ), X( 'g', X( 'i', 'p' ) ) ), X( ->( *( 'd', 'k' ), 'l' ), 'h' ) ), 'e' ), +( 'c', 'f' ) ), +( 'b', 'm' ) )"
log_26_1692952272.xes.gz,drift_2,process_trees_4,3,"->( +( ->( *( ->( X( 'a', ->( *( 'j', 'n' ), 'o' ) ), X( 'g', X( 'i', 'p' ) ) ), *( 'Random activity 1', X( ->( *( 'd', 'k' ), 'l' ), 'h' ) ) ), 'e' ), +( 'c', 'f' ) ), +( 'b', *tau* ) )"
log_26_1692952272.xes.gz,drift_2,change_info_1,change_type,gradual
log_26_1692952272.xes.gz,drift_2,change_info_1,change_trace_index,"[6650, 7268]"
log_26_1692952272.xes.gz,drift_2,change_info_1,process_tree_before,"->( +( ->( *( ->( X( 'a', ->( *( 'j', 'n' ), 'o' ) ), X( 'g', X( 'i', 'p' ) ) ), X( ->( *( 'd', 'k' ), 'l' ), 'h' ) ), 'e' ), +( 'c', 'f' ) ), +( 'b', 'm' ) )"
log_26_1692952272.xes.gz,drift_2,change_info_1,process_tree_after,"->( +( ->( *( ->( X( 'a', ->( *( 'j', 'n' ), 'o' ) ), X( 'g', X( 'i', 'p' ) ) ), *( 'Random activity 1', X( ->( *( 'd', 'k' ), 'l' ), 'h' ) ) ), 'e' ), +( 'c', 'f' ) ), +( 'b', *tau* ) )"
log_26_1692952272.xes.gz,drift_2,change_info_1,activities_deleted,[m]
log_26_1692952272.xes.gz,drift_2,change_info_1,activities_added,[Random activity 1]
log_26_1692952272.xes.gz,drift_2,change_info_1,activities_moved,"[h, l, d, k]"
log_26_1692952272.xes.gz,drift_2,change_info_1,change_start,2028-06-23 10:22:48.750733
log_26_1692952272.xes.gz,drift_2,change_info_1,change_end,2029-03-31 18:38:24.007421
log_26_1692952272.xes.gz,drift_2,change_info_2,change_type,gradual
log_26_1692952272.xes.gz,drift_2,change_info_2,change_trace_index,"[8328, 9041]"
log_26_1692952272.xes.gz,drift_2,change_info_2,process_tree_before,"->( +( ->( *( ->( X( 'a', ->( *( 'j', 'n' ), 'o' ) ), X( 'g', X( 'i', 'p' ) ) ), *( 'Random activity 1', X( ->( *( 'd', 'k' ), 'l' ), 'h' ) ) ), 'e' ), +( 'c', 'f' ) ), +( 'b', *tau* ) )"
log_26_1692952272.xes.gz,drift_2,change_info_2,process_tree_after,"->( +( ->( *( ->( X( 'a', ->( *( 'j', 'n' ), 'o' ) ), X( 'g', X( 'i', 'p' ) ) ), X( ->( *( 'd', 'k' ), 'l' ), 'h' ) ), 'e' ), +( 'c', 'f' ) ), +( 'b', 'm' ) )"
log_26_1692952272.xes.gz,drift_2,change_info_2,activities_deleted,[Random activity 1]
log_26_1692952272.xes.gz,drift_2,change_info_2,activities_added,[m]
log_26_1692952272.xes.gz,drift_2,change_info_2,activities_moved,"[h, l, d, k]"
log_26_1692952272.xes.gz,drift_2,change_info_2,change_start,2030-08-22 13:33:55.768122
log_26_1692952272.xes.gz,drift_2,change_info_2,change_end,2031-07-22 08:54:48.384652
log_26_1692952272.xes.gz,drift_2,change_info_3,change_type,sudden
log_26_1692952272.xes.gz,drift_2,change_info_3,change_trace_index,[10411]
log_26_1692952272.xes.gz,drift_2,change_info_3,process_tree_before,"->( +( ->( *( ->( X( 'a', ->( *( 'j', 'n' ), 'o' ) ), X( 'g', X( 'i', 'p' ) ) ), X( ->( *( 'd', 'k' ), 'l' ), 'h' ) ), 'e' ), +( 'c', 'f' ) ), +( 'b', 'm' ) )"
log_26_1692952272.xes.gz,drift_2,change_info_3,process_tree_after,"->( +( ->( *( ->( X( 'a', ->( *( 'j', 'n' ), 'o' ) ), X( 'g', X( 'i', 'p' ) ) ), *( 'Random activity 1', X( ->( *( 'd', 'k' ), 'l' ), 'h' ) ) ), 'e' ), +( 'c', 'f' ) ), +( 'b', *tau* ) )"
log_26_1692952272.xes.gz,drift_2,change_info_3,activities_deleted,[m]
log_26_1692952272.xes.gz,drift_2,change_info_3,activities_added,[Random activity 1]
log_26_1692952272.xes.gz,drift_2,change_info_3,activities_moved,"[h, l, d, k]"
log_26_1692952272.xes.gz,drift_2,change_info_3,change_start,2033-04-05 07:06:27.146106
log_26_1692952272.xes.gz,drift_2,change_info_3,change_end,2033-04-05 07:06:27.146106
log_26_1692952272.xes.gz,drift_3,log_id,1,log_26_1692952272.xes.gz
log_26_1692952272.xes.gz,drift_3,drift_id,1,3
log_26_1692952272.xes.gz,drift_3,process_perspective,1,control-flow
log_26_1692952272.xes.gz,drift_3,process_complexity,1,complex
log_26_1692952272.xes.gz,drift_3,drift_type,1,gradual
log_26_1692952272.xes.gz,drift_3,process_trees_1,0,"->( +( ->( *( ->( X( 'a', ->( *( 'j', 'n' ), 'o' ) ), X( 'g', X( 'i', 'p' ) ) ), X( ->( *( 'd', 'k' ), 'l' ), 'h' ) ), 'e' ), +( 'c', 'f' ) ), +( 'b', 'm' ) )"
log_26_1692952272.xes.gz,drift_3,process_trees_2,1,"->( +( ->( *( ->( X( 'a', ->( *( 'j', 'n' ), 'o' ) ), X( 'g', X( 'i', 'p' ) ) ), +( 'c', 'f' ) ), 'e' ), X( ->( *( 'd', 'k' ), 'l' ), 'h' ) ), +( 'b', 'm' ) )"
log_26_1692952272.xes.gz,drift_3,change_info_1,change_type,gradual
log_26_1692952272.xes.gz,drift_3,change_info_1,change_trace_index,"[11880, 12742]"
log_26_1692952272.xes.gz,drift_3,change_info_1,process_tree_before,"->( +( ->( *( ->( X( 'a', ->( *( 'j', 'n' ), 'o' ) ), X( 'g', X( 'i', 'p' ) ) ), X( ->( *( 'd', 'k' ), 'l' ), 'h' ) ), 'e' ), +( 'c', 'f' ) ), +( 'b', 'm' ) )"
log_26_1692952272.xes.gz,drift_3,change_info_1,process_tree_after,"->( +( ->( *( ->( X( 'a', ->( *( 'j', 'n' ), 'o' ) ), X( 'g', X( 'i', 'p' ) ) ), +( 'c', 'f' ) ), 'e' ), X( ->( *( 'd', 'k' ), 'l' ), 'h' ) ), +( 'b', 'm' ) )"
log_26_1692952272.xes.gz,drift_3,change_info_1,activities_deleted,[]
log_26_1692952272.xes.gz,drift_3,change_info_1,activities_added,[]
log_26_1692952272.xes.gz,drift_3,change_info_1,activities_moved,"[c, f, h, l, d, k]"
log_26_1692952272.xes.gz,drift_3,change_info_1,change_start,2035-03-13 00:07:15.115063
log_26_1692952272.xes.gz,drift_3,change_info_1,change_end,2036-04-16 10:17:44.974943
log_27_1692952285.xes.gz,drift_1,log_id,1,log_27_1692952285.xes.gz
log_27_1692952285.xes.gz,drift_1,drift_id,1,1
log_27_1692952285.xes.gz,drift_1,process_perspective,1,control-flow
log_27_1692952285.xes.gz,drift_1,process_complexity,1,simple
log_27_1692952285.xes.gz,drift_1,drift_type,1,gradual
log_27_1692952285.xes.gz,drift_1,process_trees_1,0,"+( ->( ->( 'a', X( 'd', 'e' ) ), ->( 'c', 'f' ) ), 'b' )"
log_27_1692952285.xes.gz,drift_1,process_trees_2,1,"+( ->( ->( 'a', X( 'd', 'e' ) ), ->( 'c', *tau* ), 'Random activity 1' ), 'b' )"
log_27_1692952285.xes.gz,drift_1,change_info_1,change_type,gradual
log_27_1692952285.xes.gz,drift_1,change_info_1,change_trace_index,"[1464, 2463]"
log_27_1692952285.xes.gz,drift_1,change_info_1,process_tree_before,"+( ->( ->( 'a', X( 'd', 'e' ) ), ->( 'c', 'f' ) ), 'b' )"
log_27_1692952285.xes.gz,drift_1,change_info_1,process_tree_after,"+( ->( ->( 'a', X( 'd', 'e' ) ), ->( 'c', *tau* ), 'Random activity 1' ), 'b' )"
log_27_1692952285.xes.gz,drift_1,change_info_1,activities_deleted,[f]
log_27_1692952285.xes.gz,drift_1,change_info_1,activities_added,[Random activity 1]
log_27_1692952285.xes.gz,drift_1,change_info_1,activities_moved,[]
log_27_1692952285.xes.gz,drift_1,change_info_1,change_start,2021-11-23 00:48:31.373398
log_27_1692952285.xes.gz,drift_1,change_info_1,change_end,2023-03-21 13:17:43.124376
log_27_1692952285.xes.gz,drift_2,log_id,1,log_27_1692952285.xes.gz
log_27_1692952285.xes.gz,drift_2,drift_id,1,2
log_27_1692952285.xes.gz,drift_2,process_perspective,1,control-flow
log_27_1692952285.xes.gz,drift_2,process_complexity,1,simple
log_27_1692952285.xes.gz,drift_2,drift_type,1,sudden
log_27_1692952285.xes.gz,drift_2,process_trees_1,0,"+( ->( ->( 'a', X( 'd', 'e' ) ), ->( 'c', 'f' ) ), 'b' )"
log_27_1692952285.xes.gz,drift_2,process_trees_2,1,"+( ->( ->( 'a', X( 'd', 'e' ) ), ->( 'c', 'f' ), 'Random activity 1' ), *tau* )"
log_27_1692952285.xes.gz,drift_2,change_info_1,change_type,sudden
log_27_1692952285.xes.gz,drift_2,change_info_1,change_trace_index,[3948]
log_27_1692952285.xes.gz,drift_2,change_info_1,process_tree_before,"+( ->( ->( 'a', X( 'd', 'e' ) ), ->( 'c', 'f' ) ), 'b' )"
log_27_1692952285.xes.gz,drift_2,change_info_1,process_tree_after,"+( ->( ->( 'a', X( 'd', 'e' ) ), ->( 'c', 'f' ), 'Random activity 1' ), *tau* )"
log_27_1692952285.xes.gz,drift_2,change_info_1,activities_deleted,[b]
log_27_1692952285.xes.gz,drift_2,change_info_1,activities_added,[Random activity 1]
log_27_1692952285.xes.gz,drift_2,change_info_1,activities_moved,[]
log_27_1692952285.xes.gz,drift_2,change_info_1,change_start,2025-02-20 04:56:57.642423
log_27_1692952285.xes.gz,drift_2,change_info_1,change_end,2025-02-20 04:56:57.642423
log_27_1692952285.xes.gz,drift_3,log_id,1,log_27_1692952285.xes.gz
log_27_1692952285.xes.gz,drift_3,drift_id,1,3
log_27_1692952285.xes.gz,drift_3,process_perspective,1,control-flow
log_27_1692952285.xes.gz,drift_3,process_complexity,1,simple
log_27_1692952285.xes.gz,drift_3,drift_type,1,gradual
log_27_1692952285.xes.gz,drift_3,process_trees_1,0,"+( ->( ->( 'a', X( 'd', 'e' ) ), ->( 'c', 'f' ) ), 'b' )"
log_27_1692952285.xes.gz,drift_3,process_trees_2,1,"+( ->( ->( 'a', X( 'd', 'e' ), 'Random activity 1' ), ->( 'c', 'f' ) ), *tau* )"
log_27_1692952285.xes.gz,drift_3,change_info_1,change_type,gradual
log_27_1692952285.xes.gz,drift_3,change_info_1,change_trace_index,"[5054, 5848]"
log_27_1692952285.xes.gz,drift_3,change_info_1,process_tree_before,"+( ->( ->( 'a', X( 'd', 'e' ) ), ->( 'c', 'f' ) ), 'b' )"
log_27_1692952285.xes.gz,drift_3,change_info_1,process_tree_after,"+( ->( ->( 'a', X( 'd', 'e' ), 'Random activity 1' ), ->( 'c', 'f' ) ), *tau* )"
log_27_1692952285.xes.gz,drift_3,change_info_1,activities_deleted,[b]
log_27_1692952285.xes.gz,drift_3,change_info_1,activities_added,[Random activity 1]
log_27_1692952285.xes.gz,drift_3,change_info_1,activities_moved,[]
log_27_1692952285.xes.gz,drift_3,change_info_1,change_start,2026-07-23 05:55:48.959340
log_27_1692952285.xes.gz,drift_3,change_info_1,change_end,2027-07-24 08:16:33.337476
log_28_1692952287.xes.gz,drift_1,log_id,1,log_28_1692952287.xes.gz
log_28_1692952287.xes.gz,drift_1,drift_id,1,1
log_28_1692952287.xes.gz,drift_1,process_perspective,1,control-flow
log_28_1692952287.xes.gz,drift_1,process_complexity,1,complex
log_28_1692952287.xes.gz,drift_1,drift_type,1,recurring
log_28_1692952287.xes.gz,drift_1,process_trees_1,0,"->( *( X( ->( *( 'a', ->( *( +( 'e', 'o' ), 'm' ), 'n' ) ), 'f' ), ->( *( ->( *( ->( 'd', 'l' ), 'j' ), 'k' ), 'g' ), 'h' ) ), 'b' ), ->( 'c', +( 'i', 'p' ) ) )"
log_28_1692952287.xes.gz,drift_1,process_trees_2,1,"->( *( X( ->( *( 'a', ->( *( +( 'e', 'o' ), 'm' ), 'n' ) ), *tau* ), ->( *( ->( *( ->( 'd', 'l' ), 'j' ), 'k' ), 'g', 'Random activity 1' ), 'h' ) ), 'b' ), ->( 'c', +( 'i', 'p' ) ) )"
log_28_1692952287.xes.gz,drift_1,process_trees_3,2,"->( *( X( ->( *( 'a', ->( *( +( 'e', 'o' ), 'm' ), 'n' ) ), 'f' ), ->( *( ->( *( ->( 'd', 'l' ), 'j' ), 'k' ), 'g' ), 'h' ) ), 'b' ), ->( 'c', +( 'i', 'p' ) ) )"
log_28_1692952287.xes.gz,drift_1,process_trees_4,3,"->( *( X( ->( *( 'a', ->( *( +( 'e', 'o' ), 'm' ), 'n' ) ), *tau* ), ->( *( ->( *( ->( 'd', 'l' ), 'j' ), 'k' ), 'g', 'Random activity 1' ), 'h' ) ), 'b' ), ->( 'c', +( 'i', 'p' ) ) )"
log_28_1692952287.xes.gz,drift_1,change_info_1,change_type,sudden
log_28_1692952287.xes.gz,drift_1,change_info_1,change_trace_index,[1456]
log_28_1692952287.xes.gz,drift_1,change_info_1,process_tree_before,"->( *( X( ->( *( 'a', ->( *( +( 'e', 'o' ), 'm' ), 'n' ) ), 'f' ), ->( *( ->( *( ->( 'd', 'l' ), 'j' ), 'k' ), 'g' ), 'h' ) ), 'b' ), ->( 'c', +( 'i', 'p' ) ) )"
log_28_1692952287.xes.gz,drift_1,change_info_1,process_tree_after,"->( *( X( ->( *( 'a', ->( *( +( 'e', 'o' ), 'm' ), 'n' ) ), *tau* ), ->( *( ->( *( ->( 'd', 'l' ), 'j' ), 'k' ), 'g', 'Random activity 1' ), 'h' ) ), 'b' ), ->( 'c', +( 'i', 'p' ) ) )"
log_28_1692952287.xes.gz,drift_1,change_info_1,activities_deleted,[f]
log_28_1692952287.xes.gz,drift_1,change_info_1,activities_added,[Random activity 1]
log_28_1692952287.xes.gz,drift_1,change_info_1,activities_moved,[]
log_28_1692952287.xes.gz,drift_1,change_info_1,change_start,2021-10-14 02:13:45.887708
log_28_1692952287.xes.gz,drift_1,change_info_1,change_end,2021-10-14 02:13:45.887708
log_28_1692952287.xes.gz,drift_1,change_info_2,change_type,sudden
log_28_1692952287.xes.gz,drift_1,change_info_2,change_trace_index,[2546]
log_28_1692952287.xes.gz,drift_1,change_info_2,process_tree_before,"->( *( X( ->( *( 'a', ->( *( +( 'e', 'o' ), 'm' ), 'n' ) ), *tau* ), ->( *( ->( *( ->( 'd', 'l' ), 'j' ), 'k' ), 'g', 'Random activity 1' ), 'h' ) ), 'b' ), ->( 'c', +( 'i', 'p' ) ) )"
log_28_1692952287.xes.gz,drift_1,change_info_2,process_tree_after,"->( *( X( ->( *( 'a', ->( *( +( 'e', 'o' ), 'm' ), 'n' ) ), 'f' ), ->( *( ->( *( ->( 'd', 'l' ), 'j' ), 'k' ), 'g' ), 'h' ) ), 'b' ), ->( 'c', +( 'i', 'p' ) ) )"
log_28_1692952287.xes.gz,drift_1,change_info_2,activities_deleted,[Random activity 1]
log_28_1692952287.xes.gz,drift_1,change_info_2,activities_added,[f]
log_28_1692952287.xes.gz,drift_1,change_info_2,activities_moved,[]
log_28_1692952287.xes.gz,drift_1,change_info_2,change_start,2023-03-11 03:14:03.767896
log_28_1692952287.xes.gz,drift_1,change_info_2,change_end,2023-03-11 03:14:03.767896
log_28_1692952287.xes.gz,drift_1,change_info_3,change_type,gradual
log_28_1692952287.xes.gz,drift_1,change_info_3,change_trace_index,"[3808, 4591]"
log_28_1692952287.xes.gz,drift_1,change_info_3,process_tree_before,"->( *( X( ->( *( 'a', ->( *( +( 'e', 'o' ), 'm' ), 'n' ) ), 'f' ), ->( *( ->( *( ->( 'd', 'l' ), 'j' ), 'k' ), 'g' ), 'h' ) ), 'b' ), ->( 'c', +( 'i', 'p' ) ) )"
log_28_1692952287.xes.gz,drift_1,change_info_3,process_tree_after,"->( *( X( ->( *( 'a', ->( *( +( 'e', 'o' ), 'm' ), 'n' ) ), *tau* ), ->( *( ->( *( ->( 'd', 'l' ), 'j' ), 'k' ), 'g', 'Random activity 1' ), 'h' ) ), 'b' ), ->( 'c', +( 'i', 'p' ) ) )"
log_28_1692952287.xes.gz,drift_1,change_info_3,activities_deleted,[f]
log_28_1692952287.xes.gz,drift_1,change_info_3,activities_added,[Random activity 1]
log_28_1692952287.xes.gz,drift_1,change_info_3,activities_moved,[]
log_28_1692952287.xes.gz,drift_1,change_info_3,change_start,2024-10-20 12:43:05.273039
log_28_1692952287.xes.gz,drift_1,change_info_3,change_end,2025-10-17 07:45:33.412384
log_28_1692952287.xes.gz,drift_2,log_id,1,log_28_1692952287.xes.gz
log_28_1692952287.xes.gz,drift_2,drift_id,1,2
log_28_1692952287.xes.gz,drift_2,process_perspective,1,control-flow
log_28_1692952287.xes.gz,drift_2,process_complexity,1,complex
log_28_1692952287.xes.gz,drift_2,drift_type,1,sudden
log_28_1692952287.xes.gz,drift_2,process_trees_1,0,"->( *( X( ->( *( 'a', ->( *( +( 'e', 'o' ), 'm' ), 'n' ) ), 'f' ), ->( *( ->( *( ->( 'd', 'l' ), 'j' ), 'k' ), 'g' ), 'h' ) ), 'b' ), ->( 'c', +( 'i', 'p' ) ) )"
log_28_1692952287.xes.gz,drift_2,process_trees_2,1,"->( *( X( ->( *tau*, 'f' ), ->( *( ->( *( ->( 'd', 'l', *( 'a', ->( *( *tau*, 'm' ), 'n' ) ) ), 'j' ), 'k' ), 'g' ), 'h' ) ), 'b' ), ->( 'c', +( 'i', *tau* ), +( 'e', 'o' ) ) )"
log_28_1692952287.xes.gz,drift_2,change_info_1,change_type,sudden
log_28_1692952287.xes.gz,drift_2,change_info_1,change_trace_index,[5837]
log_28_1692952287.xes.gz,drift_2,change_info_1,process_tree_before,"->( *( X( ->( *( 'a', ->( *( +( 'e', 'o' ), 'm' ), 'n' ) ), 'f' ), ->( *( ->( *( ->( 'd', 'l' ), 'j' ), 'k' ), 'g' ), 'h' ) ), 'b' ), ->( 'c', +( 'i', 'p' ) ) )"
log_28_1692952287.xes.gz,drift_2,change_info_1,process_tree_after,"->( *( X( ->( *tau*, 'f' ), ->( *( ->( *( ->( 'd', 'l', *( 'a', ->( *( *tau*, 'm' ), 'n' ) ) ), 'j' ), 'k' ), 'g' ), 'h' ) ), 'b' ), ->( 'c', +( 'i', *tau* ), +( 'e', 'o' ) ) )"
log_28_1692952287.xes.gz,drift_2,change_info_1,activities_deleted,[p]
log_28_1692952287.xes.gz,drift_2,change_info_1,activities_added,[]
log_28_1692952287.xes.gz,drift_2,change_info_1,activities_moved,"[e, o, a, n, m]"
log_28_1692952287.xes.gz,drift_2,change_info_1,change_start,2027-05-03 09:14:40.298773
log_28_1692952287.xes.gz,drift_2,change_info_1,change_end,2027-05-03 09:14:40.298773
log_29_1692952298.xes.gz,drift_1,log_id,1,log_29_1692952298.xes.gz
log_29_1692952298.xes.gz,drift_1,drift_id,1,1
log_29_1692952298.xes.gz,drift_1,process_perspective,1,control-flow
log_29_1692952298.xes.gz,drift_1,process_complexity,1,complex
log_29_1692952298.xes.gz,drift_1,drift_type,1,incremental
log_29_1692952298.xes.gz,drift_1,process_trees_1,0,"X( +( 'a', 'i' ), ->( +( 'b', 'j' ), ->( X( ->( 'c', +( 'g', ->( ->( *( 'h', 'm' ), 'n' ), 'l' ) ) ), 'f' ), X( 'd', +( 'e', 'k' ) ) ) ) )"
log_29_1692952298.xes.gz,drift_1,process_trees_2,1,"X( +( 'a', *tau* ), ->( +( 'b', 'j' ), ->( X( ->( 'c', +( 'g', ->( ->( *( 'h', 'm' ), 'n' ), 'l' ) ) ), 'f' ), X( 'd', +( 'e', 'k' ) ) ) ) )"
log_29_1692952298.xes.gz,drift_1,process_trees_3,2,"X( +( 'a', *tau* ), ->( +( 'b', 'j', 'Random activity 1' ), ->( X( ->( 'c', +( 'g', ->( ->( *( 'h', 'm' ), 'n' ), 'l' ) ) ), 'f' ), X( 'd', +( 'e', 'k' ) ) ) ) )"
log_29_1692952298.xes.gz,drift_1,process_trees_4,3,"X( +( 'a', *tau* ), ->( +( 'b', 'j', 'Random activity 1' ), ->( X( ->( 'c', +( 'g', ->( ->( *( 'h', 'm' ), 'n' ), 'l' ) ) ), 'f' ), X( 'd', +( 'e', 'k' ) ) ), 'Random activity 2' ) )"
log_29_1692952298.xes.gz,drift_1,change_info_1,change_type,gradual
log_29_1692952298.xes.gz,drift_1,change_info_1,change_trace_index,"[1213, 1756]"
log_29_1692952298.xes.gz,drift_1,change_info_1,process_tree_before,"X( +( 'a', 'i' ), ->( +( 'b', 'j' ), ->( X( ->( 'c', +( 'g', ->( ->( *( 'h', 'm' ), 'n' ), 'l' ) ) ), 'f' ), X( 'd', +( 'e', 'k' ) ) ) ) )"
log_29_1692952298.xes.gz,drift_1,change_info_1,process_tree_after,"X( +( 'a', *tau* ), ->( +( 'b', 'j' ), ->( X( ->( 'c', +( 'g', ->( ->( *( 'h', 'm' ), 'n' ), 'l' ) ) ), 'f' ), X( 'd', +( 'e', 'k' ) ) ) ) )"
log_29_1692952298.xes.gz,drift_1,change_info_1,activities_deleted,[i]
log_29_1692952298.xes.gz,drift_1,change_info_1,activities_added,[]
log_29_1692952298.xes.gz,drift_1,change_info_1,activities_moved,[]
log_29_1692952298.xes.gz,drift_1,change_info_1,change_start,2021-08-14 12:51:47.895778
log_29_1692952298.xes.gz,drift_1,change_info_1,change_end,2022-04-28 21:13:05.936519
log_29_1692952298.xes.gz,drift_1,change_info_2,change_type,sudden
log_29_1692952298.xes.gz,drift_1,change_info_2,change_trace_index,[2868]
log_29_1692952298.xes.gz,drift_1,change_info_2,process_tree_before,"X( +( 'a', *tau* ), ->( +( 'b', 'j' ), ->( X( ->( 'c', +( 'g', ->( ->( *( 'h', 'm' ), 'n' ), 'l' ) ) ), 'f' ), X( 'd', +( 'e', 'k' ) ) ) ) )"
log_29_1692952298.xes.gz,drift_1,change_info_2,process_tree_after,"X( +( 'a', *tau* ), ->( +( 'b', 'j', 'Random activity 1' ), ->( X( ->( 'c', +( 'g', ->( ->( *( 'h', 'm' ), 'n' ), 'l' ) ) ), 'f' ), X( 'd', +( 'e', 'k' ) ) ) ) )"
log_29_1692952298.xes.gz,drift_1,change_info_2,activities_deleted,[]
log_29_1692952298.xes.gz,drift_1,change_info_2,activities_added,[Random activity 1]
log_29_1692952298.xes.gz,drift_1,change_info_2,activities_moved,[]
log_29_1692952298.xes.gz,drift_1,change_info_2,change_start,2023-10-02 21:20:55.861076
log_29_1692952298.xes.gz,drift_1,change_info_2,change_end,2023-10-02 21:20:55.861076
log_29_1692952298.xes.gz,drift_1,change_info_3,change_type,gradual
log_29_1692952298.xes.gz,drift_1,change_info_3,change_trace_index,"[4306, 5136]"
log_29_1692952298.xes.gz,drift_1,change_info_3,process_tree_before,"X( +( 'a', *tau* ), ->( +( 'b', 'j', 'Random activity 1' ), ->( X( ->( 'c', +( 'g', ->( ->( *( 'h', 'm' ), 'n' ), 'l' ) ) ), 'f' ), X( 'd', +( 'e', 'k' ) ) ) ) )"
log_29_1692952298.xes.gz,drift_1,change_info_3,process_tree_after,"X( +( 'a', *tau* ), ->( +( 'b', 'j', 'Random activity 1' ), ->( X( ->( 'c', +( 'g', ->( ->( *( 'h', 'm' ), 'n' ), 'l' ) ) ), 'f' ), X( 'd', +( 'e', 'k' ) ) ), 'Random activity 2' ) )"
log_29_1692952298.xes.gz,drift_1,change_info_3,activities_deleted,[]
log_29_1692952298.xes.gz,drift_1,change_info_3,activities_added,[Random activity 2]
log_29_1692952298.xes.gz,drift_1,change_info_3,activities_moved,[]
log_29_1692952298.xes.gz,drift_1,change_info_3,change_start,2025-07-12 11:38:13.655265
log_29_1692952298.xes.gz,drift_1,change_info_3,change_end,2026-08-06 18:24:06.227292
log_29_1692952298.xes.gz,drift_2,log_id,1,log_29_1692952298.xes.gz
log_29_1692952298.xes.gz,drift_2,drift_id,1,2
log_29_1692952298.xes.gz,drift_2,process_perspective,1,control-flow
log_29_1692952298.xes.gz,drift_2,process_complexity,1,complex
log_29_1692952298.xes.gz,drift_2,drift_type,1,recurring
log_29_1692952298.xes.gz,drift_2,process_trees_1,0,"X( +( 'a', 'i' ), ->( +( 'b', 'j' ), ->( X( ->( 'c', +( 'g', ->( ->( *( 'h', 'm' ), 'n' ), 'l' ) ) ), 'f' ), X( 'd', +( 'e', 'k' ) ) ) ) )"
log_29_1692952298.xes.gz,drift_2,process_trees_2,1,"X( +( 'a', 'i' ), ->( +( 'b', 'j' ), ->( X( ->( 'c', +( 'g', ->( ->( *( 'h', 'm' ), 'n' ), 'l' ) ) ), 'f' ), X( 'd', +( 'e', *tau* ) ), 'Random activity 1' ) ) )"
log_29_1692952298.xes.gz,drift_2,process_trees_3,2,"X( +( 'a', 'i' ), ->( +( 'b', 'j' ), ->( X( ->( 'c', +( 'g', ->( ->( *( 'h', 'm' ), 'n' ), 'l' ) ) ), 'f' ), X( 'd', +( 'e', 'k' ) ) ) ) )"
log_29_1692952298.xes.gz,drift_2,process_trees_4,3,"X( +( 'a', 'i' ), ->( +( 'b', 'j' ), ->( X( ->( 'c', +( 'g', ->( ->( *( 'h', 'm' ), 'n' ), 'l' ) ) ), 'f' ), X( 'd', +( 'e', *tau* ) ), 'Random activity 1' ) ) )"
log_29_1692952298.xes.gz,drift_2,change_info_1,change_type,sudden
log_29_1692952298.xes.gz,drift_2,change_info_1,change_trace_index,[6404]
log_29_1692952298.xes.gz,drift_2,change_info_1,process_tree_before,"X( +( 'a', 'i' ), ->( +( 'b', 'j' ), ->( X( ->( 'c', +( 'g', ->( ->( *( 'h', 'm' ), 'n' ), 'l' ) ) ), 'f' ), X( 'd', +( 'e', 'k' ) ) ) ) )"
log_29_1692952298.xes.gz,drift_2,change_info_1,process_tree_after,"X( +( 'a', 'i' ), ->( +( 'b', 'j' ), ->( X( ->( 'c', +( 'g', ->( ->( *( 'h', 'm' ), 'n' ), 'l' ) ) ), 'f' ), X( 'd', +( 'e', *tau* ) ), 'Random activity 1' ) ) )"
log_29_1692952298.xes.gz,drift_2,change_info_1,activities_deleted,[k]
log_29_1692952298.xes.gz,drift_2,change_info_1,activities_added,[Random activity 1]
log_29_1692952298.xes.gz,drift_2,change_info_1,activities_moved,[]
log_29_1692952298.xes.gz,drift_2,change_info_1,change_start,2028-03-15 05:51:56.509414
log_29_1692952298.xes.gz,drift_2,change_info_1,change_end,2028-03-15 05:51:56.509414
log_29_1692952298.xes.gz,drift_2,change_info_2,change_type,sudden
log_29_1692952298.xes.gz,drift_2,change_info_2,change_trace_index,[7812]
log_29_1692952298.xes.gz,drift_2,change_info_2,process_tree_before,"X( +( 'a', 'i' ), ->( +( 'b', 'j' ), ->( X( ->( 'c', +( 'g', ->( ->( *( 'h', 'm' ), 'n' ), 'l' ) ) ), 'f' ), X( 'd', +( 'e', *tau* ) ), 'Random activity 1' ) ) )"
log_29_1692952298.xes.gz,drift_2,change_info_2,process_tree_after,"X( +( 'a', 'i' ), ->( +( 'b', 'j' ), ->( X( ->( 'c', +( 'g', ->( ->( *( 'h', 'm' ), 'n' ), 'l' ) ) ), 'f' ), X( 'd', +( 'e', 'k' ) ) ) ) )"
log_29_1692952298.xes.gz,drift_2,change_info_2,activities_deleted,[Random activity 1]
log_29_1692952298.xes.gz,drift_2,change_info_2,activities_added,[k]
log_29_1692952298.xes.gz,drift_2,change_info_2,activities_moved,[]
log_29_1692952298.xes.gz,drift_2,change_info_2,change_start,2029-12-07 20:04:52.269222
log_29_1692952298.xes.gz,drift_2,change_info_2,change_end,2029-12-07 20:04:52.269222
log_29_1692952298.xes.gz,drift_2,change_info_3,change_type,sudden
log_29_1692952298.xes.gz,drift_2,change_info_3,change_trace_index,[9139]
log_29_1692952298.xes.gz,drift_2,change_info_3,process_tree_before,"X( +( 'a', 'i' ), ->( +( 'b', 'j' ), ->( X( ->( 'c', +( 'g', ->( ->( *( 'h', 'm' ), 'n' ), 'l' ) ) ), 'f' ), X( 'd', +( 'e', 'k' ) ) ) ) )"
log_29_1692952298.xes.gz,drift_2,change_info_3,process_tree_after,"X( +( 'a', 'i' ), ->( +( 'b', 'j' ), ->( X( ->( 'c', +( 'g', ->( ->( *( 'h', 'm' ), 'n' ), 'l' ) ) ), 'f' ), X( 'd', +( 'e', *tau* ) ), 'Random activity 1' ) ) )"
log_29_1692952298.xes.gz,drift_2,change_info_3,activities_deleted,[k]
log_29_1692952298.xes.gz,drift_2,change_info_3,activities_added,[Random activity 1]
log_29_1692952298.xes.gz,drift_2,change_info_3,activities_moved,[]
log_29_1692952298.xes.gz,drift_2,change_info_3,change_start,2031-08-06 22:11:05.444862
log_29_1692952298.xes.gz,drift_2,change_info_3,change_end,2031-08-06 22:11:05.444862
log_29_1692952298.xes.gz,drift_3,log_id,1,log_29_1692952298.xes.gz
log_29_1692952298.xes.gz,drift_3,drift_id,1,3
log_29_1692952298.xes.gz,drift_3,process_perspective,1,control-flow
log_29_1692952298.xes.gz,drift_3,process_complexity,1,complex
log_29_1692952298.xes.gz,drift_3,drift_type,1,recurring
log_29_1692952298.xes.gz,drift_3,process_trees_1,0,"X( +( 'a', 'i' ), ->( +( 'b', 'j' ), ->( X( ->( 'c', +( 'g', ->( ->( *( 'h', 'm' ), 'n' ), 'l' ) ) ), 'f' ), X( 'd', +( 'e', 'k' ) ) ) ) )"
log_29_1692952298.xes.gz,drift_3,process_trees_2,1,"X( +( 'a', 'i', 'Random activity 1' ), ->( +( 'b', 'j' ), ->( X( ->( 'c', +( 'g', ->( ->( ->( 'Random activity 2', *( 'h', 'm' ) ), 'n' ), 'l' ) ) ), 'f' ), X( 'd', +( 'e', 'k' ) ) ) ) )"
log_29_1692952298.xes.gz,drift_3,process_trees_3,2,"X( +( 'a', 'i' ), ->( +( 'b', 'j' ), ->( X( ->( 'c', +( 'g', ->( ->( *( 'h', 'm' ), 'n' ), 'l' ) ) ), 'f' ), X( 'd', +( 'e', 'k' ) ) ) ) )"
log_29_1692952298.xes.gz,drift_3,process_trees_4,3,"X( +( 'a', 'i', 'Random activity 1' ), ->( +( 'b', 'j' ), ->( X( ->( 'c', +( 'g', ->( ->( ->( 'Random activity 2', *( 'h', 'm' ) ), 'n' ), 'l' ) ) ), 'f' ), X( 'd', +( 'e', 'k' ) ) ) ) )"
log_29_1692952298.xes.gz,drift_3,change_info_1,change_type,sudden
log_29_1692952298.xes.gz,drift_3,change_info_1,change_trace_index,[10570]
log_29_1692952298.xes.gz,drift_3,change_info_1,process_tree_before,"X( +( 'a', 'i' ), ->( +( 'b', 'j' ), ->( X( ->( 'c', +( 'g', ->( ->( *( 'h', 'm' ), 'n' ), 'l' ) ) ), 'f' ), X( 'd', +( 'e', 'k' ) ) ) ) )"
log_29_1692952298.xes.gz,drift_3,change_info_1,process_tree_after,"X( +( 'a', 'i', 'Random activity 1' ), ->( +( 'b', 'j' ), ->( X( ->( 'c', +( 'g', ->( ->( ->( 'Random activity 2', *( 'h', 'm' ) ), 'n' ), 'l' ) ) ), 'f' ), X( 'd', +( 'e', 'k' ) ) ) ) )"
log_29_1692952298.xes.gz,drift_3,change_info_1,activities_deleted,[]
log_29_1692952298.xes.gz,drift_3,change_info_1,activities_added,"[Random activity 1, Random activity 2]"
log_29_1692952298.xes.gz,drift_3,change_info_1,activities_moved,"[h, m]"
log_29_1692952298.xes.gz,drift_3,change_info_1,change_start,2033-05-14 14:13:13.638982
log_29_1692952298.xes.gz,drift_3,change_info_1,change_end,2033-05-14 14:13:13.638982
log_29_1692952298.xes.gz,drift_3,change_info_2,change_type,gradual
log_29_1692952298.xes.gz,drift_3,change_info_2,change_trace_index,"[11620, 12291]"
log_29_1692952298.xes.gz,drift_3,change_info_2,process_tree_before,"X( +( 'a', 'i', 'Random activity 1' ), ->( +( 'b', 'j' ), ->( X( ->( 'c', +( 'g', ->( ->( ->( 'Random activity 2', *( 'h', 'm' ) ), 'n' ), 'l' ) ) ), 'f' ), X( 'd', +( 'e', 'k' ) ) ) ) )"
log_29_1692952298.xes.gz,drift_3,change_info_2,process_tree_after,"X( +( 'a', 'i' ), ->( +( 'b', 'j' ), ->( X( ->( 'c', +( 'g', ->( ->( *( 'h', 'm' ), 'n' ), 'l' ) ) ), 'f' ), X( 'd', +( 'e', 'k' ) ) ) ) )"
log_29_1692952298.xes.gz,drift_3,change_info_2,activities_deleted,"[Random activity 1, Random activity 2]"
log_29_1692952298.xes.gz,drift_3,change_info_2,activities_added,[]
log_29_1692952298.xes.gz,drift_3,change_info_2,activities_moved,"[h, m]"
log_29_1692952298.xes.gz,drift_3,change_info_2,change_start,2034-09-02 19:59:20.483959
log_29_1692952298.xes.gz,drift_3,change_info_2,change_end,2035-06-29 09:09:19.281919
log_29_1692952298.xes.gz,drift_3,change_info_3,change_type,sudden
log_29_1692952298.xes.gz,drift_3,change_info_3,change_trace_index,[13397]
log_29_1692952298.xes.gz,drift_3,change_info_3,process_tree_before,"X( +( 'a', 'i' ), ->( +( 'b', 'j' ), ->( X( ->( 'c', +( 'g', ->( ->( *( 'h', 'm' ), 'n' ), 'l' ) ) ), 'f' ), X( 'd', +( 'e', 'k' ) ) ) ) )"
log_29_1692952298.xes.gz,drift_3,change_info_3,process_tree_after,"X( +( 'a', 'i', 'Random activity 1' ), ->( +( 'b', 'j' ), ->( X( ->( 'c', +( 'g', ->( ->( ->( 'Random activity 2', *( 'h', 'm' ) ), 'n' ), 'l' ) ) ), 'f' ), X( 'd', +( 'e', 'k' ) ) ) ) )"
log_29_1692952298.xes.gz,drift_3,change_info_3,activities_deleted,[]
log_29_1692952298.xes.gz,drift_3,change_info_3,activities_added,"[Random activity 1, Random activity 2]"
log_29_1692952298.xes.gz,drift_3,change_info_3,activities_moved,"[h, m]"
log_29_1692952298.xes.gz,drift_3,change_info_3,change_start,2036-12-19 08:57:11.909438
log_29_1692952298.xes.gz,drift_3,change_info_3,change_end,2036-12-19 08:57:11.909438
log_30_1692952304.xes.gz,drift_1,log_id,1,log_30_1692952304.xes.gz
log_30_1692952304.xes.gz,drift_1,drift_id,1,1
log_30_1692952304.xes.gz,drift_1,process_perspective,1,control-flow
log_30_1692952304.xes.gz,drift_1,process_complexity,1,simple
log_30_1692952304.xes.gz,drift_1,drift_type,1,gradual
log_30_1692952304.xes.gz,drift_1,process_trees_1,0,"->( ->( ->( ->( 'a', 'f' ), 'e' ), 'c' ), ->( 'b', 'd' ) )"
log_30_1692952304.xes.gz,drift_1,process_trees_2,1,"->( ->( ->( ->( 'a', 'f' ), 'e' ), 'c' ), ->( 'b', *tau* ) )"
log_30_1692952304.xes.gz,drift_1,change_info_1,change_type,gradual
log_30_1692952304.xes.gz,drift_1,change_info_1,change_trace_index,"[1241, 2080]"
log_30_1692952304.xes.gz,drift_1,change_info_1,process_tree_before,"->( ->( ->( ->( 'a', 'f' ), 'e' ), 'c' ), ->( 'b', 'd' ) )"
log_30_1692952304.xes.gz,drift_1,change_info_1,process_tree_after,"->( ->( ->( ->( 'a', 'f' ), 'e' ), 'c' ), ->( 'b', *tau* ) )"
log_30_1692952304.xes.gz,drift_1,change_info_1,activities_deleted,[d]
log_30_1692952304.xes.gz,drift_1,change_info_1,activities_added,[]
log_30_1692952304.xes.gz,drift_1,change_info_1,activities_moved,[]
log_30_1692952304.xes.gz,drift_1,change_info_1,change_start,2021-09-13 14:05:05.691342
log_30_1692952304.xes.gz,drift_1,change_info_1,change_end,2022-10-02 22:53:36.155744
log_31_1692952304.xes.gz,drift_1,log_id,1,log_31_1692952304.xes.gz
log_31_1692952304.xes.gz,drift_1,drift_id,1,1
log_31_1692952304.xes.gz,drift_1,process_perspective,1,control-flow
log_31_1692952304.xes.gz,drift_1,process_complexity,1,complex
log_31_1692952304.xes.gz,drift_1,drift_type,1,recurring
log_31_1692952304.xes.gz,drift_1,process_trees_1,0,"X( ->( *( X( 'a', ->( *( 'g', 'k' ), 'l' ) ), 'e' ), X( ->( *( +( 'f', 'r' ), 'p' ), 'q' ), ->( *( X( 'h', 'o' ), 'm' ), 'n' ) ) ), ->( *( ->( *( 'b', 'i' ), 'j' ), 'c' ), 'd' ) )"
log_31_1692952304.xes.gz,drift_1,process_trees_2,1,"X( ->( *( X( 'a', ->( *tau*, 'l' ) ), 'e' ), X( ->( *( +( 'f', 'r' ), 'p' ), 'q' ), ->( *( X( 'h', 'o' ), 'm', 'Random activity 1' ), 'n' ), *( 'g', 'k' ) ), 'Random activity 2' ), ->( *( ->( *( 'b', 'i' ), 'j' ), 'c' ), 'd' ) )"
log_31_1692952304.xes.gz,drift_1,process_trees_3,2,"X( ->( *( X( 'a', ->( *( 'g', 'k' ), 'l' ) ), 'e' ), X( ->( *( +( 'f', 'r' ), 'p' ), 'q' ), ->( *( X( 'h', 'o' ), 'm' ), 'n' ) ) ), ->( *( ->( *( 'b', 'i' ), 'j' ), 'c' ), 'd' ) )"
log_31_1692952304.xes.gz,drift_1,process_trees_4,3,"X( ->( *( X( 'a', ->( *tau*, 'l' ) ), 'e' ), X( ->( *( +( 'f', 'r' ), 'p' ), 'q' ), ->( *( X( 'h', 'o' ), 'm', 'Random activity 1' ), 'n' ), *( 'g', 'k' ) ), 'Random activity 2' ), ->( *( ->( *( 'b', 'i' ), 'j' ), 'c' ), 'd' ) )"
log_31_1692952304.xes.gz,drift_1,change_info_1,change_type,sudden
log_31_1692952304.xes.gz,drift_1,change_info_1,change_trace_index,[1438]
log_31_1692952304.xes.gz,drift_1,change_info_1,process_tree_before,"X( ->( *( X( 'a', ->( *( 'g', 'k' ), 'l' ) ), 'e' ), X( ->( *( +( 'f', 'r' ), 'p' ), 'q' ), ->( *( X( 'h', 'o' ), 'm' ), 'n' ) ) ), ->( *( ->( *( 'b', 'i' ), 'j' ), 'c' ), 'd' ) )"
log_31_1692952304.xes.gz,drift_1,change_info_1,process_tree_after,"X( ->( *( X( 'a', ->( *tau*, 'l' ) ), 'e' ), X( ->( *( +( 'f', 'r' ), 'p' ), 'q' ), ->( *( X( 'h', 'o' ), 'm', 'Random activity 1' ), 'n' ), *( 'g', 'k' ) ), 'Random activity 2' ), ->( *( ->( *( 'b', 'i' ), 'j' ), 'c' ), 'd' ) )"
log_31_1692952304.xes.gz,drift_1,change_info_1,activities_deleted,[]
log_31_1692952304.xes.gz,drift_1,change_info_1,activities_added,"[Random activity 1, Random activity 2]"
log_31_1692952304.xes.gz,drift_1,change_info_1,activities_moved,"[g, k]"
log_31_1692952304.xes.gz,drift_1,change_info_1,change_start,2021-11-21 05:42:02.234563
log_31_1692952304.xes.gz,drift_1,change_info_1,change_end,2021-11-21 05:42:02.234563
log_31_1692952304.xes.gz,drift_1,change_info_2,change_type,gradual
log_31_1692952304.xes.gz,drift_1,change_info_2,change_trace_index,"[2870, 3391]"
log_31_1692952304.xes.gz,drift_1,change_info_2,process_tree_before,"X( ->( *( X( 'a', ->( *tau*, 'l' ) ), 'e' ), X( ->( *( +( 'f', 'r' ), 'p' ), 'q' ), ->( *( X( 'h', 'o' ), 'm', 'Random activity 1' ), 'n' ), *( 'g', 'k' ) ), 'Random activity 2' ), ->( *( ->( *( 'b', 'i' ), 'j' ), 'c' ), 'd' ) )"
log_31_1692952304.xes.gz,drift_1,change_info_2,process_tree_after,"X( ->( *( X( 'a', ->( *( 'g', 'k' ), 'l' ) ), 'e' ), X( ->( *( +( 'f', 'r' ), 'p' ), 'q' ), ->( *( X( 'h', 'o' ), 'm' ), 'n' ) ) ), ->( *( ->( *( 'b', 'i' ), 'j' ), 'c' ), 'd' ) )"
log_31_1692952304.xes.gz,drift_1,change_info_2,activities_deleted,"[Random activity 1, Random activity 2]"
log_31_1692952304.xes.gz,drift_1,change_info_2,activities_added,[]
log_31_1692952304.xes.gz,drift_1,change_info_2,activities_moved,"[g, k]"
log_31_1692952304.xes.gz,drift_1,change_info_2,change_start,2023-09-19 07:35:41.740776
log_31_1692952304.xes.gz,drift_1,change_info_2,change_end,2024-05-13 11:09:40.302633
log_31_1692952304.xes.gz,drift_1,change_info_3,change_type,sudden
log_31_1692952304.xes.gz,drift_1,change_info_3,change_trace_index,[4545]
log_31_1692952304.xes.gz,drift_1,change_info_3,process_tree_before,"X( ->( *( X( 'a', ->( *( 'g', 'k' ), 'l' ) ), 'e' ), X( ->( *( +( 'f', 'r' ), 'p' ), 'q' ), ->( *( X( 'h', 'o' ), 'm' ), 'n' ) ) ), ->( *( ->( *( 'b', 'i' ), 'j' ), 'c' ), 'd' ) )"
log_31_1692952304.xes.gz,drift_1,change_info_3,process_tree_after,"X( ->( *( X( 'a', ->( *tau*, 'l' ) ), 'e' ), X( ->( *( +( 'f', 'r' ), 'p' ), 'q' ), ->( *( X( 'h', 'o' ), 'm', 'Random activity 1' ), 'n' ), *( 'g', 'k' ) ), 'Random activity 2' ), ->( *( ->( *( 'b', 'i' ), 'j' ), 'c' ), 'd' ) )"
log_31_1692952304.xes.gz,drift_1,change_info_3,activities_deleted,[]
log_31_1692952304.xes.gz,drift_1,change_info_3,activities_added,"[Random activity 1, Random activity 2]"
log_31_1692952304.xes.gz,drift_1,change_info_3,activities_moved,"[g, k]"
log_31_1692952304.xes.gz,drift_1,change_info_3,change_start,2025-11-17 01:10:58.825294
log_31_1692952304.xes.gz,drift_1,change_info_3,change_end,2025-11-17 01:10:58.825294
log_31_1692952304.xes.gz,drift_2,log_id,1,log_31_1692952304.xes.gz
log_31_1692952304.xes.gz,drift_2,drift_id,1,2
log_31_1692952304.xes.gz,drift_2,process_perspective,1,control-flow
log_31_1692952304.xes.gz,drift_2,process_complexity,1,complex
log_31_1692952304.xes.gz,drift_2,drift_type,1,sudden
log_31_1692952304.xes.gz,drift_2,process_trees_1,0,"X( ->( *( X( 'a', ->( *( 'g', 'k' ), 'l' ) ), 'e' ), X( ->( *( +( 'f', 'r' ), 'p' ), 'q' ), ->( *( X( 'h', 'o' ), 'm' ), 'n' ) ) ), ->( *( ->( *( 'b', 'i' ), 'j' ), 'c' ), 'd' ) )"
log_31_1692952304.xes.gz,drift_2,process_trees_2,1,"X( ->( *( X( 'a', ->( *tau*, 'l' ) ), 'e' ), X( ->( *( +( 'f', 'r' ), 'p' ), 'q' ), ->( *( X( 'h', 'o' ), 'm' ), 'n' ) ) ), ->( *( ->( *( 'b', 'i' ), 'j' ), 'c' ), 'd' ), 'Random activity 1' )"
log_31_1692952304.xes.gz,drift_2,change_info_1,change_type,sudden
log_31_1692952304.xes.gz,drift_2,change_info_1,change_trace_index,[5871]
log_31_1692952304.xes.gz,drift_2,change_info_1,process_tree_before,"X( ->( *( X( 'a', ->( *( 'g', 'k' ), 'l' ) ), 'e' ), X( ->( *( +( 'f', 'r' ), 'p' ), 'q' ), ->( *( X( 'h', 'o' ), 'm' ), 'n' ) ) ), ->( *( ->( *( 'b', 'i' ), 'j' ), 'c' ), 'd' ) )"
log_31_1692952304.xes.gz,drift_2,change_info_1,process_tree_after,"X( ->( *( X( 'a', ->( *tau*, 'l' ) ), 'e' ), X( ->( *( +( 'f', 'r' ), 'p' ), 'q' ), ->( *( X( 'h', 'o' ), 'm' ), 'n' ) ) ), ->( *( ->( *( 'b', 'i' ), 'j' ), 'c' ), 'd' ), 'Random activity 1' )"
log_31_1692952304.xes.gz,drift_2,change_info_1,activities_deleted,"[g, k]"
log_31_1692952304.xes.gz,drift_2,change_info_1,activities_added,[Random activity 1]
log_31_1692952304.xes.gz,drift_2,change_info_1,activities_moved,[]
log_31_1692952304.xes.gz,drift_2,change_info_1,change_start,2027-07-16 18:48:23.168725
log_31_1692952304.xes.gz,drift_2,change_info_1,change_end,2027-07-16 18:48:23.168725
log_32_1692952308.xes.gz,drift_1,log_id,1,log_32_1692952308.xes.gz
log_32_1692952308.xes.gz,drift_1,drift_id,1,1
log_32_1692952308.xes.gz,drift_1,process_perspective,1,control-flow
log_32_1692952308.xes.gz,drift_1,process_complexity,1,complex
log_32_1692952308.xes.gz,drift_1,drift_type,1,recurring
log_32_1692952308.xes.gz,drift_1,process_trees_1,0,"X( ->( *( 'a', X( +( X( 'c', ->( *( 'h', ->( *( 'i', 'l' ), 'm' ) ), 'j' ) ), ->( 'g', 'k' ) ), 'f' ) ), X( 'd', X( 'e', 'n' ) ) ), 'b' )"
log_32_1692952308.xes.gz,drift_1,process_trees_2,1,"X( ->( *( 'a', X( +( X( 'c', ->( *( 'h', ->( *( 'i', 'l' ), 'm' ) ), 'j' ) ), X( 'g', 'k' ) ), 'f' ) ), X( 'd', ->( 'e', 'n' ), 'Random activity 1' ) ), 'b' )"
log_32_1692952308.xes.gz,drift_1,process_trees_3,2,"X( ->( *( 'a', X( +( X( 'c', ->( *( 'h', ->( *( 'i', 'l' ), 'm' ) ), 'j' ) ), ->( 'g', 'k' ) ), 'f' ) ), X( 'd', X( 'e', 'n' ) ) ), 'b' )"
log_32_1692952308.xes.gz,drift_1,process_trees_4,3,"X( ->( *( 'a', X( +( X( 'c', ->( *( 'h', ->( *( 'i', 'l' ), 'm' ) ), 'j' ) ), X( 'g', 'k' ) ), 'f' ) ), X( 'd', ->( 'e', 'n' ), 'Random activity 1' ) ), 'b' )"
log_32_1692952308.xes.gz,drift_1,change_info_1,change_type,gradual
log_32_1692952308.xes.gz,drift_1,change_info_1,change_trace_index,"[1486, 2272]"
log_32_1692952308.xes.gz,drift_1,change_info_1,process_tree_before,"X( ->( *( 'a', X( +( X( 'c', ->( *( 'h', ->( *( 'i', 'l' ), 'm' ) ), 'j' ) ), ->( 'g', 'k' ) ), 'f' ) ), X( 'd', X( 'e', 'n' ) ) ), 'b' )"
log_32_1692952308.xes.gz,drift_1,change_info_1,process_tree_after,"X( ->( *( 'a', X( +( X( 'c', ->( *( 'h', ->( *( 'i', 'l' ), 'm' ) ), 'j' ) ), X( 'g', 'k' ) ), 'f' ) ), X( 'd', ->( 'e', 'n' ), 'Random activity 1' ) ), 'b' )"
log_32_1692952308.xes.gz,drift_1,change_info_1,activities_deleted,[]
log_32_1692952308.xes.gz,drift_1,change_info_1,activities_added,[Random activity 1]
log_32_1692952308.xes.gz,drift_1,change_info_1,activities_moved,"[g, k, e, n]"
log_32_1692952308.xes.gz,drift_1,change_info_1,change_start,2021-11-20 23:09:42.967713
log_32_1692952308.xes.gz,drift_1,change_info_1,change_end,2022-12-11 06:42:54.944472
log_32_1692952308.xes.gz,drift_1,change_info_2,change_type,gradual
log_32_1692952308.xes.gz,drift_1,change_info_2,change_trace_index,"[3660, 4340]"
log_32_1692952308.xes.gz,drift_1,change_info_2,process_tree_before,"X( ->( *( 'a', X( +( X( 'c', ->( *( 'h', ->( *( 'i', 'l' ), 'm' ) ), 'j' ) ), X( 'g', 'k' ) ), 'f' ) ), X( 'd', ->( 'e', 'n' ), 'Random activity 1' ) ), 'b' )"
log_32_1692952308.xes.gz,drift_1,change_info_2,process_tree_after,"X( ->( *( 'a', X( +( X( 'c', ->( *( 'h', ->( *( 'i', 'l' ), 'm' ) ), 'j' ) ), ->( 'g', 'k' ) ), 'f' ) ), X( 'd', X( 'e', 'n' ) ) ), 'b' )"
log_32_1692952308.xes.gz,drift_1,change_info_2,activities_deleted,[Random activity 1]
log_32_1692952308.xes.gz,drift_1,change_info_2,activities_added,[]
log_32_1692952308.xes.gz,drift_1,change_info_2,activities_moved,"[g, k, e, n]"
log_32_1692952308.xes.gz,drift_1,change_info_2,change_start,2024-09-04 14:00:50.603820
log_32_1692952308.xes.gz,drift_1,change_info_2,change_end,2025-07-22 19:38:24.031171
log_32_1692952308.xes.gz,drift_1,change_info_3,change_type,gradual
log_32_1692952308.xes.gz,drift_1,change_info_3,change_trace_index,"[5709, 6587]"
log_32_1692952308.xes.gz,drift_1,change_info_3,process_tree_before,"X( ->( *( 'a', X( +( X( 'c', ->( *( 'h', ->( *( 'i', 'l' ), 'm' ) ), 'j' ) ), ->( 'g', 'k' ) ), 'f' ) ), X( 'd', X( 'e', 'n' ) ) ), 'b' )"
log_32_1692952308.xes.gz,drift_1,change_info_3,process_tree_after,"X( ->( *( 'a', X( +( X( 'c', ->( *( 'h', ->( *( 'i', 'l' ), 'm' ) ), 'j' ) ), X( 'g', 'k' ) ), 'f' ) ), X( 'd', ->( 'e', 'n' ), 'Random activity 1' ) ), 'b' )"
log_32_1692952308.xes.gz,drift_1,change_info_3,activities_deleted,[]
log_32_1692952308.xes.gz,drift_1,change_info_3,activities_added,[Random activity 1]
log_32_1692952308.xes.gz,drift_1,change_info_3,activities_moved,"[g, k, e, n]"
log_32_1692952308.xes.gz,drift_1,change_info_3,change_start,2027-05-14 05:55:17.429437
log_32_1692952308.xes.gz,drift_1,change_info_3,change_end,2028-07-11 15:38:12.121704
log_32_1692952308.xes.gz,drift_2,log_id,1,log_32_1692952308.xes.gz
log_32_1692952308.xes.gz,drift_2,drift_id,1,2
log_32_1692952308.xes.gz,drift_2,process_perspective,1,control-flow
log_32_1692952308.xes.gz,drift_2,process_complexity,1,complex
log_32_1692952308.xes.gz,drift_2,drift_type,1,recurring
log_32_1692952308.xes.gz,drift_2,process_trees_1,0,"X( ->( *( 'a', X( +( X( 'c', ->( *( 'h', ->( *( 'i', 'l' ), 'm' ) ), 'j' ) ), ->( 'g', 'k' ) ), 'f' ) ), X( 'd', X( 'e', 'n' ) ) ), 'b' )"
log_32_1692952308.xes.gz,drift_2,process_trees_2,1,"X( ->( *( 'a', X( +( X( 'Random activity 1', ->( *( 'h', ->( *( 'i', 'l' ), 'm' ) ), 'j' ) ), ->( 'g', 'k' ) ), 'f' ) ), X( 'd', X( 'e', 'n' ) ) ), 'b' )"
log_32_1692952308.xes.gz,drift_2,process_trees_3,2,"X( ->( *( 'a', X( +( X( 'c', ->( *( 'h', ->( *( 'i', 'l' ), 'm' ) ), 'j' ) ), ->( 'g', 'k' ) ), 'f' ) ), X( 'd', X( 'e', 'n' ) ) ), 'b' )"
log_32_1692952308.xes.gz,drift_2,process_trees_4,3,"X( ->( *( 'a', X( +( X( 'Random activity 1', ->( *( 'h', ->( *( 'i', 'l' ), 'm' ) ), 'j' ) ), ->( 'g', 'k' ) ), 'f' ) ), X( 'd', X( 'e', 'n' ) ) ), 'b' )"
log_32_1692952308.xes.gz,drift_2,change_info_1,change_type,gradual
log_32_1692952308.xes.gz,drift_2,change_info_1,change_trace_index,"[7907, 8621]"
log_32_1692952308.xes.gz,drift_2,change_info_1,process_tree_before,"X( ->( *( 'a', X( +( X( 'c', ->( *( 'h', ->( *( 'i', 'l' ), 'm' ) ), 'j' ) ), ->( 'g', 'k' ) ), 'f' ) ), X( 'd', X( 'e', 'n' ) ) ), 'b' )"
log_32_1692952308.xes.gz,drift_2,change_info_1,process_tree_after,"X( ->( *( 'a', X( +( X( 'Random activity 1', ->( *( 'h', ->( *( 'i', 'l' ), 'm' ) ), 'j' ) ), ->( 'g', 'k' ) ), 'f' ) ), X( 'd', X( 'e', 'n' ) ) ), 'b' )"
log_32_1692952308.xes.gz,drift_2,change_info_1,activities_deleted,[c]
log_32_1692952308.xes.gz,drift_2,change_info_1,activities_added,[Random activity 1]
log_32_1692952308.xes.gz,drift_2,change_info_1,activities_moved,[]
log_32_1692952308.xes.gz,drift_2,change_info_1,change_start,2030-04-03 02:21:25.199016
log_32_1692952308.xes.gz,drift_2,change_info_1,change_end,2031-02-24 18:07:57.842405
log_32_1692952308.xes.gz,drift_2,change_info_2,change_type,gradual
log_32_1692952308.xes.gz,drift_2,change_info_2,change_trace_index,"[9625, 10324]"
log_32_1692952308.xes.gz,drift_2,change_info_2,process_tree_before,"X( ->( *( 'a', X( +( X( 'Random activity 1', ->( *( 'h', ->( *( 'i', 'l' ), 'm' ) ), 'j' ) ), ->( 'g', 'k' ) ), 'f' ) ), X( 'd', X( 'e', 'n' ) ) ), 'b' )"
log_32_1692952308.xes.gz,drift_2,change_info_2,process_tree_after,"X( ->( *( 'a', X( +( X( 'c', ->( *( 'h', ->( *( 'i', 'l' ), 'm' ) ), 'j' ) ), ->( 'g', 'k' ) ), 'f' ) ), X( 'd', X( 'e', 'n' ) ) ), 'b' )"
log_32_1692952308.xes.gz,drift_2,change_info_2,activities_deleted,[Random activity 1]
log_32_1692952308.xes.gz,drift_2,change_info_2,activities_added,[c]
log_32_1692952308.xes.gz,drift_2,change_info_2,activities_moved,[]
log_32_1692952308.xes.gz,drift_2,change_info_2,change_start,2032-05-10 04:09:49.944237
log_32_1692952308.xes.gz,drift_2,change_info_2,change_end,2033-03-31 17:05:44.823202
log_32_1692952308.xes.gz,drift_2,change_info_3,change_type,sudden
log_32_1692952308.xes.gz,drift_2,change_info_3,change_trace_index,[11599]
log_32_1692952308.xes.gz,drift_2,change_info_3,process_tree_before,"X( ->( *( 'a', X( +( X( 'c', ->( *( 'h', ->( *( 'i', 'l' ), 'm' ) ), 'j' ) ), ->( 'g', 'k' ) ), 'f' ) ), X( 'd', X( 'e', 'n' ) ) ), 'b' )"
log_32_1692952308.xes.gz,drift_2,change_info_3,process_tree_after,"X( ->( *( 'a', X( +( X( 'Random activity 1', ->( *( 'h', ->( *( 'i', 'l' ), 'm' ) ), 'j' ) ), ->( 'g', 'k' ) ), 'f' ) ), X( 'd', X( 'e', 'n' ) ) ), 'b' )"
log_32_1692952308.xes.gz,drift_2,change_info_3,activities_deleted,[c]
log_32_1692952308.xes.gz,drift_2,change_info_3,activities_added,[Random activity 1]
log_32_1692952308.xes.gz,drift_2,change_info_3,activities_moved,[]
log_32_1692952308.xes.gz,drift_2,change_info_3,change_start,2034-11-05 06:25:09.540639
log_32_1692952308.xes.gz,drift_2,change_info_3,change_end,2034-11-05 06:25:09.540639
log_33_1692952312.xes.gz,drift_1,log_id,1,log_33_1692952312.xes.gz
log_33_1692952312.xes.gz,drift_1,drift_id,1,1
log_33_1692952312.xes.gz,drift_1,process_perspective,1,control-flow
log_33_1692952312.xes.gz,drift_1,process_complexity,1,middle
log_33_1692952312.xes.gz,drift_1,drift_type,1,incremental
log_33_1692952312.xes.gz,drift_1,process_trees_1,0,"+( 'a', ->( *( 'b', ->( *( ->( *( 'c', +( 'h', 'k' ) ), ->( *( 'i', 'l' ), 'm' ) ), 'e' ), X( 'f', 'j' ) ) ), X( 'd', 'g' ) ) )"
log_33_1692952312.xes.gz,drift_1,process_trees_2,1,"+( 'a', ->( *( 'b', ->( *( ->( *( 'c', +( 'h', 'k' ) ), ->( *( 'i', 'l' ), 'm' ) ), 'e' ), X( 'f', 'j' ) ) ), X( 'd', 'g' ) ), 'Random activity 1' )"
log_33_1692952312.xes.gz,drift_1,process_trees_3,2,"+( 'a', ->( *( 'b', ->( *( ->( *( 'c', +( 'h', 'k' ) ), ->( *( 'i', 'l' ), 'm', 'Random activity 2' ) ), 'e' ), X( 'f', 'j' ) ) ), X( 'd', 'g' ) ), 'Random activity 1' )"
log_33_1692952312.xes.gz,drift_1,process_trees_4,3,"+( *tau*, ->( *( 'b', ->( *( ->( *( 'c', +( 'h', 'k' ) ), ->( *( 'i', 'l' ), 'm', 'Random activity 2' ) ), 'e' ), X( 'f', 'j' ) ) ), X( 'd', 'g' ) ), 'Random activity 1' )"
log_33_1692952312.xes.gz,drift_1,change_info_1,change_type,sudden
log_33_1692952312.xes.gz,drift_1,change_info_1,change_trace_index,[1422]
log_33_1692952312.xes.gz,drift_1,change_info_1,process_tree_before,"+( 'a', ->( *( 'b', ->( *( ->( *( 'c', +( 'h', 'k' ) ), ->( *( 'i', 'l' ), 'm' ) ), 'e' ), X( 'f', 'j' ) ) ), X( 'd', 'g' ) ) )"
log_33_1692952312.xes.gz,drift_1,change_info_1,process_tree_after,"+( 'a', ->( *( 'b', ->( *( ->( *( 'c', +( 'h', 'k' ) ), ->( *( 'i', 'l' ), 'm' ) ), 'e' ), X( 'f', 'j' ) ) ), X( 'd', 'g' ) ), 'Random activity 1' )"
log_33_1692952312.xes.gz,drift_1,change_info_1,activities_deleted,[]
log_33_1692952312.xes.gz,drift_1,change_info_1,activities_added,[Random activity 1]
log_33_1692952312.xes.gz,drift_1,change_info_1,activities_moved,[]
log_33_1692952312.xes.gz,drift_1,change_info_1,change_start,2021-09-29 18:30:35.262853
log_33_1692952312.xes.gz,drift_1,change_info_1,change_end,2021-09-29 18:30:35.262853
log_33_1692952312.xes.gz,drift_1,change_info_2,change_type,gradual
log_33_1692952312.xes.gz,drift_1,change_info_2,change_trace_index,"[2484, 3325]"
log_33_1692952312.xes.gz,drift_1,change_info_2,process_tree_before,"+( 'a', ->( *( 'b', ->( *( ->( *( 'c', +( 'h', 'k' ) ), ->( *( 'i', 'l' ), 'm' ) ), 'e' ), X( 'f', 'j' ) ) ), X( 'd', 'g' ) ), 'Random activity 1' )"
log_33_1692952312.xes.gz,drift_1,change_info_2,process_tree_after,"+( 'a', ->( *( 'b', ->( *( ->( *( 'c', +( 'h', 'k' ) ), ->( *( 'i', 'l' ), 'm', 'Random activity 2' ) ), 'e' ), X( 'f', 'j' ) ) ), X( 'd', 'g' ) ), 'Random activity 1' )"
log_33_1692952312.xes.gz,drift_1,change_info_2,activities_deleted,[]
log_33_1692952312.xes.gz,drift_1,change_info_2,activities_added,[Random activity 2]
log_33_1692952312.xes.gz,drift_1,change_info_2,activities_moved,[]
log_33_1692952312.xes.gz,drift_1,change_info_2,change_start,2023-02-01 10:14:19.289073
log_33_1692952312.xes.gz,drift_1,change_info_2,change_end,2024-02-21 17:49:43.339071
log_33_1692952312.xes.gz,drift_1,change_info_3,change_type,gradual
log_33_1692952312.xes.gz,drift_1,change_info_3,change_trace_index,"[4734, 5708]"
log_33_1692952312.xes.gz,drift_1,change_info_3,process_tree_before,"+( 'a', ->( *( 'b', ->( *( ->( *( 'c', +( 'h', 'k' ) ), ->( *( 'i', 'l' ), 'm', 'Random activity 2' ) ), 'e' ), X( 'f', 'j' ) ) ), X( 'd', 'g' ) ), 'Random activity 1' )"
log_33_1692952312.xes.gz,drift_1,change_info_3,process_tree_after,"+( *tau*, ->( *( 'b', ->( *( ->( *( 'c', +( 'h', 'k' ) ), ->( *( 'i', 'l' ), 'm', 'Random activity 2' ) ), 'e' ), X( 'f', 'j' ) ) ), X( 'd', 'g' ) ), 'Random activity 1' )"
log_33_1692952312.xes.gz,drift_1,change_info_3,activities_deleted,[a]
log_33_1692952312.xes.gz,drift_1,change_info_3,activities_added,[]
log_33_1692952312.xes.gz,drift_1,change_info_3,activities_moved,[]
log_33_1692952312.xes.gz,drift_1,change_info_3,change_start,2025-11-12 23:49:35.543314
log_33_1692952312.xes.gz,drift_1,change_info_3,change_end,2027-02-10 08:46:45.428232
log_33_1692952312.xes.gz,drift_2,log_id,1,log_33_1692952312.xes.gz
log_33_1692952312.xes.gz,drift_2,drift_id,1,2
log_33_1692952312.xes.gz,drift_2,process_perspective,1,control-flow
log_33_1692952312.xes.gz,drift_2,process_complexity,1,middle
log_33_1692952312.xes.gz,drift_2,drift_type,1,sudden
log_33_1692952312.xes.gz,drift_2,process_trees_1,0,"+( 'a', ->( *( 'b', ->( *( ->( *( 'c', +( 'h', 'k' ) ), ->( *( 'i', 'l' ), 'm' ) ), 'e' ), X( 'f', 'j' ) ) ), X( 'd', 'g' ) ) )"
log_33_1692952312.xes.gz,drift_2,process_trees_2,1,"+( 'a', ->( *( 'b', ->( *( ->( *( 'c', +( 'h', 'k' ) ), ->( *( 'i', 'l' ), 'm' ) ), 'Random activity 1' ), X( 'f', 'j' ) ) ), X( 'd', 'g' ) ) )"
log_33_1692952312.xes.gz,drift_2,change_info_1,change_type,sudden
log_33_1692952312.xes.gz,drift_2,change_info_1,change_trace_index,[6899]
log_33_1692952312.xes.gz,drift_2,change_info_1,process_tree_before,"+( 'a', ->( *( 'b', ->( *( ->( *( 'c', +( 'h', 'k' ) ), ->( *( 'i', 'l' ), 'm' ) ), 'e' ), X( 'f', 'j' ) ) ), X( 'd', 'g' ) ) )"
log_33_1692952312.xes.gz,drift_2,change_info_1,process_tree_after,"+( 'a', ->( *( 'b', ->( *( ->( *( 'c', +( 'h', 'k' ) ), ->( *( 'i', 'l' ), 'm' ) ), 'Random activity 1' ), X( 'f', 'j' ) ) ), X( 'd', 'g' ) ) )"
log_33_1692952312.xes.gz,drift_2,change_info_1,activities_deleted,[e]
log_33_1692952312.xes.gz,drift_2,change_info_1,activities_added,[Random activity 1]
log_33_1692952312.xes.gz,drift_2,change_info_1,activities_moved,[]
log_33_1692952312.xes.gz,drift_2,change_info_1,change_start,2028-08-31 23:37:07.060452
log_33_1692952312.xes.gz,drift_2,change_info_1,change_end,2028-08-31 23:37:07.060452
log_34_1692952321.xes.gz,drift_1,log_id,1,log_34_1692952321.xes.gz
log_34_1692952321.xes.gz,drift_1,drift_id,1,1
log_34_1692952321.xes.gz,drift_1,process_perspective,1,control-flow
log_34_1692952321.xes.gz,drift_1,process_complexity,1,simple
log_34_1692952321.xes.gz,drift_1,drift_type,1,sudden
log_34_1692952321.xes.gz,drift_1,process_trees_1,0,"->( 'a', ->( 'b', ->( 'c', ->( 'd', 'e' ) ) ) )"
log_34_1692952321.xes.gz,drift_1,process_trees_2,1,"->( 'a', ->( *tau*, ->( 'c', ->( 'd', 'e' ) ) ) )"
log_34_1692952321.xes.gz,drift_1,change_info_1,change_type,sudden
log_34_1692952321.xes.gz,drift_1,change_info_1,change_trace_index,[1165]
log_34_1692952321.xes.gz,drift_1,change_info_1,process_tree_before,"->( 'a', ->( 'b', ->( 'c', ->( 'd', 'e' ) ) ) )"
log_34_1692952321.xes.gz,drift_1,change_info_1,process_tree_after,"->( 'a', ->( *tau*, ->( 'c', ->( 'd', 'e' ) ) ) )"
log_34_1692952321.xes.gz,drift_1,change_info_1,activities_deleted,[b]
log_34_1692952321.xes.gz,drift_1,change_info_1,activities_added,[]
log_34_1692952321.xes.gz,drift_1,change_info_1,activities_moved,[]
log_34_1692952321.xes.gz,drift_1,change_info_1,change_start,2021-06-19 21:39:27.240065
log_34_1692952321.xes.gz,drift_1,change_info_1,change_end,2021-06-19 21:39:27.240065
log_34_1692952321.xes.gz,drift_2,log_id,1,log_34_1692952321.xes.gz
log_34_1692952321.xes.gz,drift_2,drift_id,1,2
log_34_1692952321.xes.gz,drift_2,process_perspective,1,control-flow
log_34_1692952321.xes.gz,drift_2,process_complexity,1,simple
log_34_1692952321.xes.gz,drift_2,drift_type,1,gradual
log_34_1692952321.xes.gz,drift_2,process_trees_1,0,"->( 'a', ->( 'b', ->( 'c', ->( 'd', 'e' ) ) ) )"
log_34_1692952321.xes.gz,drift_2,process_trees_2,1,"->( 'a', ->( 'b', ->( *tau*, ->( 'd', 'e' ) ) ), 'Random activity 1' )"
log_34_1692952321.xes.gz,drift_2,change_info_1,change_type,gradual
log_34_1692952321.xes.gz,drift_2,change_info_1,change_trace_index,"[2205, 2867]"
log_34_1692952321.xes.gz,drift_2,change_info_1,process_tree_before,"->( 'a', ->( 'b', ->( 'c', ->( 'd', 'e' ) ) ) )"
log_34_1692952321.xes.gz,drift_2,change_info_1,process_tree_after,"->( 'a', ->( 'b', ->( *tau*, ->( 'd', 'e' ) ) ), 'Random activity 1' )"
log_34_1692952321.xes.gz,drift_2,change_info_1,activities_deleted,[c]
log_34_1692952321.xes.gz,drift_2,change_info_1,activities_added,[Random activity 1]
log_34_1692952321.xes.gz,drift_2,change_info_1,activities_moved,[]
log_34_1692952321.xes.gz,drift_2,change_info_1,change_start,2022-11-20 04:10:23.664585
log_34_1692952321.xes.gz,drift_2,change_info_1,change_end,2023-09-28 03:27:09.609433
log_35_1692952322.xes.gz,drift_1,log_id,1,log_35_1692952322.xes.gz
log_35_1692952322.xes.gz,drift_1,drift_id,1,1
log_35_1692952322.xes.gz,drift_1,process_perspective,1,control-flow
log_35_1692952322.xes.gz,drift_1,process_complexity,1,complex
log_35_1692952322.xes.gz,drift_1,drift_type,1,incremental
log_35_1692952322.xes.gz,drift_1,process_trees_1,0,"->( *( X( 'a', ->( *( 'j', 'o' ), 'p' ) ), ->( *( ->( *( ->( *( 'b', 'k' ), 'l' ), ->( 'g', 'r' ) ), 'h' ), 'd' ), ->( ->( ->( *( 'e', 'm' ), X( 'n', 'q' ) ), 'i' ), 'f' ) ) ), 'c' )"
log_35_1692952322.xes.gz,drift_1,process_trees_2,1,"->( *( X( 'a', ->( *( 'j', 'o' ), 'p' ) ), ->( *( ->( *( ->( *( 'b', 'k' ), 'l', 'Random activity 1' ), ->( 'g', 'r' ) ), 'h' ), 'd' ), ->( ->( ->( *( 'e', 'm' ), X( 'n', 'q' ) ), 'i' ), 'f' ) ) ), 'c' )"
log_35_1692952322.xes.gz,drift_1,process_trees_3,2,"->( *( X( 'a', ->( *( 'j', 'o' ), 'p' ) ), ->( *( ->( *( ->( *( 'b', 'k' ), 'l', 'Random activity 1' ), ->( 'g', 'r', 'Random activity 2' ) ), 'h' ), 'd' ), ->( ->( ->( *( 'e', 'm' ), X( 'n', 'q' ) ), 'i' ), 'f' ) ) ), 'c' )"
log_35_1692952322.xes.gz,drift_1,process_trees_4,3,"->( *( X( 'a', ->( *( 'j', 'o' ), 'p' ) ), ->( *( ->( *( ->( *( 'b', 'k' ), 'l', 'Random activity 1' ), ->( 'g', 'i', 'Random activity 2' ) ), 'h' ), 'd' ), ->( ->( ->( *( 'e', 'm' ), X( 'n', 'q' ) ), 'r' ), 'f' ) ) ), 'c' )"
log_35_1692952322.xes.gz,drift_1,change_info_1,change_type,sudden
log_35_1692952322.xes.gz,drift_1,change_info_1,change_trace_index,[1452]
log_35_1692952322.xes.gz,drift_1,change_info_1,process_tree_before,"->( *( X( 'a', ->( *( 'j', 'o' ), 'p' ) ), ->( *( ->( *( ->( *( 'b', 'k' ), 'l' ), ->( 'g', 'r' ) ), 'h' ), 'd' ), ->( ->( ->( *( 'e', 'm' ), X( 'n', 'q' ) ), 'i' ), 'f' ) ) ), 'c' )"
log_35_1692952322.xes.gz,drift_1,change_info_1,process_tree_after,"->( *( X( 'a', ->( *( 'j', 'o' ), 'p' ) ), ->( *( ->( *( ->( *( 'b', 'k' ), 'l', 'Random activity 1' ), ->( 'g', 'r' ) ), 'h' ), 'd' ), ->( ->( ->( *( 'e', 'm' ), X( 'n', 'q' ) ), 'i' ), 'f' ) ) ), 'c' )"
log_35_1692952322.xes.gz,drift_1,change_info_1,activities_deleted,[]
log_35_1692952322.xes.gz,drift_1,change_info_1,activities_added,[Random activity 1]
log_35_1692952322.xes.gz,drift_1,change_info_1,activities_moved,[]
log_35_1692952322.xes.gz,drift_1,change_info_1,change_start,2021-10-21 07:01:02.640514
log_35_1692952322.xes.gz,drift_1,change_info_1,change_end,2021-10-21 07:01:02.640514
log_35_1692952322.xes.gz,drift_1,change_info_2,change_type,gradual
log_35_1692952322.xes.gz,drift_1,change_info_2,change_trace_index,"[2862, 3554]"
log_35_1692952322.xes.gz,drift_1,change_info_2,process_tree_before,"->( *( X( 'a', ->( *( 'j', 'o' ), 'p' ) ), ->( *( ->( *( ->( *( 'b', 'k' ), 'l', 'Random activity 1' ), ->( 'g', 'r' ) ), 'h' ), 'd' ), ->( ->( ->( *( 'e', 'm' ), X( 'n', 'q' ) ), 'i' ), 'f' ) ) ), 'c' )"
log_35_1692952322.xes.gz,drift_1,change_info_2,process_tree_after,"->( *( X( 'a', ->( *( 'j', 'o' ), 'p' ) ), ->( *( ->( *( ->( *( 'b', 'k' ), 'l', 'Random activity 1' ), ->( 'g', 'r', 'Random activity 2' ) ), 'h' ), 'd' ), ->( ->( ->( *( 'e', 'm' ), X( 'n', 'q' ) ), 'i' ), 'f' ) ) ), 'c' )"
log_35_1692952322.xes.gz,drift_1,change_info_2,activities_deleted,[]
log_35_1692952322.xes.gz,drift_1,change_info_2,activities_added,[Random activity 2]
log_35_1692952322.xes.gz,drift_1,change_info_2,activities_moved,[]
log_35_1692952322.xes.gz,drift_1,change_info_2,change_start,2023-07-25 09:14:16.850315
log_35_1692952322.xes.gz,drift_1,change_info_2,change_end,2024-06-11 11:57:05.577106
log_35_1692952322.xes.gz,drift_1,change_info_3,change_type,sudden
log_35_1692952322.xes.gz,drift_1,change_info_3,change_trace_index,[4954]
log_35_1692952322.xes.gz,drift_1,change_info_3,process_tree_before,"->( *( X( 'a', ->( *( 'j', 'o' ), 'p' ) ), ->( *( ->( *( ->( *( 'b', 'k' ), 'l', 'Random activity 1' ), ->( 'g', 'r', 'Random activity 2' ) ), 'h' ), 'd' ), ->( ->( ->( *( 'e', 'm' ), X( 'n', 'q' ) ), 'i' ), 'f' ) ) ), 'c' )"
log_35_1692952322.xes.gz,drift_1,change_info_3,process_tree_after,"->( *( X( 'a', ->( *( 'j', 'o' ), 'p' ) ), ->( *( ->( *( ->( *( 'b', 'k' ), 'l', 'Random activity 1' ), ->( 'g', 'i', 'Random activity 2' ) ), 'h' ), 'd' ), ->( ->( ->( *( 'e', 'm' ), X( 'n', 'q' ) ), 'r' ), 'f' ) ) ), 'c' )"
log_35_1692952322.xes.gz,drift_1,change_info_3,activities_deleted,[]
log_35_1692952322.xes.gz,drift_1,change_info_3,activities_added,[]
log_35_1692952322.xes.gz,drift_1,change_info_3,activities_moved,"[r, i]"
log_35_1692952322.xes.gz,drift_1,change_info_3,change_start,2026-03-01 18:16:19.649250
log_35_1692952322.xes.gz,drift_1,change_info_3,change_end,2026-03-01 18:16:19.649250
log_35_1692952322.xes.gz,drift_2,log_id,1,log_35_1692952322.xes.gz
log_35_1692952322.xes.gz,drift_2,drift_id,1,2
log_35_1692952322.xes.gz,drift_2,process_perspective,1,control-flow
log_35_1692952322.xes.gz,drift_2,process_complexity,1,complex
log_35_1692952322.xes.gz,drift_2,drift_type,1,incremental
log_35_1692952322.xes.gz,drift_2,process_trees_1,0,"->( *( X( 'a', ->( *( 'j', 'o' ), 'p' ) ), ->( *( ->( *( ->( *( 'b', 'k' ), 'l' ), ->( 'g', 'r' ) ), 'h' ), 'd' ), ->( ->( ->( *( 'e', 'm' ), X( 'n', 'q' ) ), 'i' ), 'f' ) ) ), 'c' )"
log_35_1692952322.xes.gz,drift_2,process_trees_2,1,"->( *( X( 'a', ->( *( 'j', 'o' ), 'p' ) ), ->( *( ->( *( ->( *( 'b', 'k' ), 'l' ), ->( *tau*, 'r' ) ), 'h' ), 'd' ), ->( ->( ->( *( 'e', 'm' ), X( 'n', 'q' ) ), 'i' ), 'f' ) ) ), 'c' )"
log_35_1692952322.xes.gz,drift_2,process_trees_3,2,"->( *( X( 'a', ->( *( 'j', 'o' ), *tau* ) ), ->( *( ->( *( ->( *( 'b', 'k' ), 'l' ), ->( *tau*, 'r' ) ), 'h' ), 'd' ), ->( ->( ->( *( 'e', 'm' ), X( 'n', 'q' ) ), 'i' ), 'f' ) ) ), 'c' )"
log_35_1692952322.xes.gz,drift_2,process_trees_4,3,"->( *( X( 'a', ->( *( 'j', *tau* ), *tau* ) ), ->( *( ->( *( ->( *( 'b', 'k' ), 'l' ), ->( *tau*, 'r' ) ), 'h' ), 'd' ), ->( ->( ->( *( 'e', 'm' ), X( 'n', *tau* ) ), 'i' ), 'f' ) ) ), 'c' )"
log_35_1692952322.xes.gz,drift_2,change_info_1,change_type,gradual
log_35_1692952322.xes.gz,drift_2,change_info_1,change_trace_index,"[6341, 7205]"
log_35_1692952322.xes.gz,drift_2,change_info_1,process_tree_before,"->( *( X( 'a', ->( *( 'j', 'o' ), 'p' ) ), ->( *( ->( *( ->( *( 'b', 'k' ), 'l' ), ->( 'g', 'r' ) ), 'h' ), 'd' ), ->( ->( ->( *( 'e', 'm' ), X( 'n', 'q' ) ), 'i' ), 'f' ) ) ), 'c' )"
log_35_1692952322.xes.gz,drift_2,change_info_1,process_tree_after,"->( *( X( 'a', ->( *( 'j', 'o' ), 'p' ) ), ->( *( ->( *( ->( *( 'b', 'k' ), 'l' ), ->( *tau*, 'r' ) ), 'h' ), 'd' ), ->( ->( ->( *( 'e', 'm' ), X( 'n', 'q' ) ), 'i' ), 'f' ) ) ), 'c' )"
log_35_1692952322.xes.gz,drift_2,change_info_1,activities_deleted,[g]
log_35_1692952322.xes.gz,drift_2,change_info_1,activities_added,[]
log_35_1692952322.xes.gz,drift_2,change_info_1,activities_moved,[]
log_35_1692952322.xes.gz,drift_2,change_info_1,change_start,2027-12-03 11:30:50.323164
log_35_1692952322.xes.gz,drift_2,change_info_1,change_end,2029-01-27 19:51:14.038729
log_35_1692952322.xes.gz,drift_2,change_info_2,change_type,gradual
log_35_1692952322.xes.gz,drift_2,change_info_2,change_trace_index,"[8282, 8926]"
log_35_1692952322.xes.gz,drift_2,change_info_2,process_tree_before,"->( *( X( 'a', ->( *( 'j', 'o' ), 'p' ) ), ->( *( ->( *( ->( *( 'b', 'k' ), 'l' ), ->( *tau*, 'r' ) ), 'h' ), 'd' ), ->( ->( ->( *( 'e', 'm' ), X( 'n', 'q' ) ), 'i' ), 'f' ) ) ), 'c' )"
log_35_1692952322.xes.gz,drift_2,change_info_2,process_tree_after,"->( *( X( 'a', ->( *( 'j', 'o' ), *tau* ) ), ->( *( ->( *( ->( *( 'b', 'k' ), 'l' ), ->( *tau*, 'r' ) ), 'h' ), 'd' ), ->( ->( ->( *( 'e', 'm' ), X( 'n', 'q' ) ), 'i' ), 'f' ) ) ), 'c' )"
log_35_1692952322.xes.gz,drift_2,change_info_2,activities_deleted,[p]
log_35_1692952322.xes.gz,drift_2,change_info_2,activities_added,[]
log_35_1692952322.xes.gz,drift_2,change_info_2,activities_moved,[]
log_35_1692952322.xes.gz,drift_2,change_info_2,change_start,2030-06-04 10:36:18.139973
log_35_1692952322.xes.gz,drift_2,change_info_2,change_end,2031-03-26 19:39:16.515002
log_35_1692952322.xes.gz,drift_2,change_info_3,change_type,gradual
log_35_1692952322.xes.gz,drift_2,change_info_3,change_trace_index,"[10355, 11253]"
log_35_1692952322.xes.gz,drift_2,change_info_3,process_tree_before,"->( *( X( 'a', ->( *( 'j', 'o' ), *tau* ) ), ->( *( ->( *( ->( *( 'b', 'k' ), 'l' ), ->( *tau*, 'r' ) ), 'h' ), 'd' ), ->( ->( ->( *( 'e', 'm' ), X( 'n', 'q' ) ), 'i' ), 'f' ) ) ), 'c' )"
log_35_1692952322.xes.gz,drift_2,change_info_3,process_tree_after,"->( *( X( 'a', ->( *( 'j', *tau* ), *tau* ) ), ->( *( ->( *( ->( *( 'b', 'k' ), 'l' ), ->( *tau*, 'r' ) ), 'h' ), 'd' ), ->( ->( ->( *( 'e', 'm' ), X( 'n', *tau* ) ), 'i' ), 'f' ) ) ), 'c' )"
log_35_1692952322.xes.gz,drift_2,change_info_3,activities_deleted,"[q, o]"
log_35_1692952322.xes.gz,drift_2,change_info_3,activities_added,[]
log_35_1692952322.xes.gz,drift_2,change_info_3,activities_moved,[]
log_35_1692952322.xes.gz,drift_2,change_info_3,change_start,2033-01-08 07:06:56.846103
log_35_1692952322.xes.gz,drift_2,change_info_3,change_end,2034-03-28 15:15:10.854756
log_35_1692952322.xes.gz,drift_3,log_id,1,log_35_1692952322.xes.gz
log_35_1692952322.xes.gz,drift_3,drift_id,1,3
log_35_1692952322.xes.gz,drift_3,process_perspective,1,control-flow
log_35_1692952322.xes.gz,drift_3,process_complexity,1,complex
log_35_1692952322.xes.gz,drift_3,drift_type,1,gradual
log_35_1692952322.xes.gz,drift_3,process_trees_1,0,"->( *( X( 'a', ->( *( 'j', 'o' ), 'p' ) ), ->( *( ->( *( ->( *( 'b', 'k' ), 'l' ), ->( 'g', 'r' ) ), 'h' ), 'd' ), ->( ->( ->( *( 'e', 'm' ), X( 'n', 'q' ) ), 'i' ), 'f' ) ) ), 'c' )"
log_35_1692952322.xes.gz,drift_3,process_trees_2,1,"->( *( X( 'a', ->( *( 'j', 'o' ), 'p' ) ), ->( *( ->( *( ->( *( 'b', 'k' ), 'l' ), *( 'e', 'm' ) ), 'h' ), 'd' ), ->( ->( ->( ->( 'g', 'r' ), X( 'n', 'q' ) ), 'i' ), 'f' ) ) ), 'c' )"
log_35_1692952322.xes.gz,drift_3,change_info_1,change_type,gradual
log_35_1692952322.xes.gz,drift_3,change_info_1,change_trace_index,"[12328, 13284]"
log_35_1692952322.xes.gz,drift_3,change_info_1,process_tree_before,"->( *( X( 'a', ->( *( 'j', 'o' ), 'p' ) ), ->( *( ->( *( ->( *( 'b', 'k' ), 'l' ), ->( 'g', 'r' ) ), 'h' ), 'd' ), ->( ->( ->( *( 'e', 'm' ), X( 'n', 'q' ) ), 'i' ), 'f' ) ) ), 'c' )"
log_35_1692952322.xes.gz,drift_3,change_info_1,process_tree_after,"->( *( X( 'a', ->( *( 'j', 'o' ), 'p' ) ), ->( *( ->( *( ->( *( 'b', 'k' ), 'l' ), *( 'e', 'm' ) ), 'h' ), 'd' ), ->( ->( ->( ->( 'g', 'r' ), X( 'n', 'q' ) ), 'i' ), 'f' ) ) ), 'c' )"
log_35_1692952322.xes.gz,drift_3,change_info_1,activities_deleted,[]
log_35_1692952322.xes.gz,drift_3,change_info_1,activities_added,[]
log_35_1692952322.xes.gz,drift_3,change_info_1,activities_moved,"[e, m, g, r]"
log_35_1692952322.xes.gz,drift_3,change_info_1,change_start,2035-07-30 23:07:45.424755
log_35_1692952322.xes.gz,drift_3,change_info_1,change_end,2036-09-23 08:41:04.149390
log_36_1692952355.xes.gz,drift_1,log_id,1,log_36_1692952355.xes.gz
log_36_1692952355.xes.gz,drift_1,drift_id,1,1
log_36_1692952355.xes.gz,drift_1,process_perspective,1,control-flow
log_36_1692952355.xes.gz,drift_1,process_complexity,1,simple
log_36_1692952355.xes.gz,drift_1,drift_type,1,incremental
log_36_1692952355.xes.gz,drift_1,process_trees_1,0,"->( ->( *( 'a', 'c' ), ->( 'd', 'e' ) ), ->( 'b', 'f' ) )"
log_36_1692952355.xes.gz,drift_1,process_trees_2,1,"->( ->( *( 'a', 'c' ), ->( 'd', 'e', 'Random activity 1' ) ), ->( 'b', 'f' ) )"
log_36_1692952355.xes.gz,drift_1,process_trees_3,2,"->( ->( *( 'a', 'c' ), ->( 'd', 'e', 'Random activity 1' ) ), ->( 'b', *tau* ) )"
log_36_1692952355.xes.gz,drift_1,process_trees_4,3,"->( ->( *( 'a', 'c' ), ->( *tau*, 'e', 'Random activity 1' ) ), ->( 'b', *tau* ) )"
log_36_1692952355.xes.gz,drift_1,change_info_1,change_type,sudden
log_36_1692952355.xes.gz,drift_1,change_info_1,change_trace_index,[1333]
log_36_1692952355.xes.gz,drift_1,change_info_1,process_tree_before,"->( ->( *( 'a', 'c' ), ->( 'd', 'e' ) ), ->( 'b', 'f' ) )"
log_36_1692952355.xes.gz,drift_1,change_info_1,process_tree_after,"->( ->( *( 'a', 'c' ), ->( 'd', 'e', 'Random activity 1' ) ), ->( 'b', 'f' ) )"
log_36_1692952355.xes.gz,drift_1,change_info_1,activities_deleted,[]
log_36_1692952355.xes.gz,drift_1,change_info_1,activities_added,[Random activity 1]
log_36_1692952355.xes.gz,drift_1,change_info_1,activities_moved,[]
log_36_1692952355.xes.gz,drift_1,change_info_1,change_start,2021-08-27 01:58:24.317839
log_36_1692952355.xes.gz,drift_1,change_info_1,change_end,2021-08-27 01:58:24.317839
log_36_1692952355.xes.gz,drift_1,change_info_2,change_type,sudden
log_36_1692952355.xes.gz,drift_1,change_info_2,change_trace_index,[2559]
log_36_1692952355.xes.gz,drift_1,change_info_2,process_tree_before,"->( ->( *( 'a', 'c' ), ->( 'd', 'e', 'Random activity 1' ) ), ->( 'b', 'f' ) )"
log_36_1692952355.xes.gz,drift_1,change_info_2,process_tree_after,"->( ->( *( 'a', 'c' ), ->( 'd', 'e', 'Random activity 1' ) ), ->( 'b', *tau* ) )"
log_36_1692952355.xes.gz,drift_1,change_info_2,activities_deleted,[f]
log_36_1692952355.xes.gz,drift_1,change_info_2,activities_added,[]
log_36_1692952355.xes.gz,drift_1,change_info_2,activities_moved,[]
log_36_1692952355.xes.gz,drift_1,change_info_2,change_start,2023-04-03 23:50:57.571684
log_36_1692952355.xes.gz,drift_1,change_info_2,change_end,2023-04-03 23:50:57.571684
log_36_1692952355.xes.gz,drift_1,change_info_3,change_type,gradual
log_36_1692952355.xes.gz,drift_1,change_info_3,change_trace_index,"[3693, 4416]"
log_36_1692952355.xes.gz,drift_1,change_info_3,process_tree_before,"->( ->( *( 'a', 'c' ), ->( 'd', 'e', 'Random activity 1' ) ), ->( 'b', *tau* ) )"
log_36_1692952355.xes.gz,drift_1,change_info_3,process_tree_after,"->( ->( *( 'a', 'c' ), ->( *tau*, 'e', 'Random activity 1' ) ), ->( 'b', *tau* ) )"
log_36_1692952355.xes.gz,drift_1,change_info_3,activities_deleted,[d]
log_36_1692952355.xes.gz,drift_1,change_info_3,activities_added,[]
log_36_1692952355.xes.gz,drift_1,change_info_3,activities_moved,[]
log_36_1692952355.xes.gz,drift_1,change_info_3,change_start,2024-09-23 03:35:42.785180
log_36_1692952355.xes.gz,drift_1,change_info_3,change_end,2025-08-17 21:29:47.403968
log_36_1692952355.xes.gz,drift_2,log_id,1,log_36_1692952355.xes.gz
log_36_1692952355.xes.gz,drift_2,drift_id,1,2
log_36_1692952355.xes.gz,drift_2,process_perspective,1,control-flow
log_36_1692952355.xes.gz,drift_2,process_complexity,1,simple
log_36_1692952355.xes.gz,drift_2,drift_type,1,recurring
log_36_1692952355.xes.gz,drift_2,process_trees_1,0,"->( ->( *( 'a', 'c' ), ->( 'd', 'e' ) ), ->( 'b', 'f' ) )"
log_36_1692952355.xes.gz,drift_2,process_trees_2,1,"->( ->( *( 'a', 'c' ), ->( 'd', 'e' ) ), ->( *tau*, 'f' ) )"
log_36_1692952355.xes.gz,drift_2,process_trees_3,2,"->( ->( *( 'a', 'c' ), ->( 'd', 'e' ) ), ->( 'b', 'f' ) )"
log_36_1692952355.xes.gz,drift_2,process_trees_4,3,"->( ->( *( 'a', 'c' ), ->( 'd', 'e' ) ), ->( *tau*, 'f' ) )"
log_36_1692952355.xes.gz,drift_2,change_info_1,change_type,gradual
log_36_1692952355.xes.gz,drift_2,change_info_1,change_trace_index,"[5763, 6390]"
log_36_1692952355.xes.gz,drift_2,change_info_1,process_tree_before,"->( ->( *( 'a', 'c' ), ->( 'd', 'e' ) ), ->( 'b', 'f' ) )"
log_36_1692952355.xes.gz,drift_2,change_info_1,process_tree_after,"->( ->( *( 'a', 'c' ), ->( 'd', 'e' ) ), ->( *tau*, 'f' ) )"
log_36_1692952355.xes.gz,drift_2,change_info_1,activities_deleted,[b]
log_36_1692952355.xes.gz,drift_2,change_info_1,activities_added,[]
log_36_1692952355.xes.gz,drift_2,change_info_1,activities_moved,[]
log_36_1692952355.xes.gz,drift_2,change_info_1,change_start,2027-04-25 02:46:59.463514
log_36_1692952355.xes.gz,drift_2,change_info_1,change_end,2028-02-18 17:27:23.104651
log_36_1692952355.xes.gz,drift_2,change_info_2,change_type,gradual
log_36_1692952355.xes.gz,drift_2,change_info_2,change_trace_index,"[7822, 8817]"
log_36_1692952355.xes.gz,drift_2,change_info_2,process_tree_before,"->( ->( *( 'a', 'c' ), ->( 'd', 'e' ) ), ->( *tau*, 'f' ) )"
log_36_1692952355.xes.gz,drift_2,change_info_2,process_tree_after,"->( ->( *( 'a', 'c' ), ->( 'd', 'e' ) ), ->( 'b', 'f' ) )"
log_36_1692952355.xes.gz,drift_2,change_info_2,activities_deleted,[]
log_36_1692952355.xes.gz,drift_2,change_info_2,activities_added,[b]
log_36_1692952355.xes.gz,drift_2,change_info_2,activities_moved,[]
log_36_1692952355.xes.gz,drift_2,change_info_2,change_start,2029-11-21 08:07:44.066459
log_36_1692952355.xes.gz,drift_2,change_info_2,change_end,2031-03-12 13:06:08.622775
log_36_1692952355.xes.gz,drift_2,change_info_3,change_type,sudden
log_36_1692952355.xes.gz,drift_2,change_info_3,change_trace_index,[10269]
log_36_1692952355.xes.gz,drift_2,change_info_3,process_tree_before,"->( ->( *( 'a', 'c' ), ->( 'd', 'e' ) ), ->( 'b', 'f' ) )"
log_36_1692952355.xes.gz,drift_2,change_info_3,process_tree_after,"->( ->( *( 'a', 'c' ), ->( 'd', 'e' ) ), ->( *tau*, 'f' ) )"
log_36_1692952355.xes.gz,drift_2,change_info_3,activities_deleted,[b]
log_36_1692952355.xes.gz,drift_2,change_info_3,activities_added,[]
log_36_1692952355.xes.gz,drift_2,change_info_3,activities_moved,[]
log_36_1692952355.xes.gz,drift_2,change_info_3,change_start,2033-01-09 11:05:31.463009
log_36_1692952355.xes.gz,drift_2,change_info_3,change_end,2033-01-09 11:05:31.463009
log_36_1692952355.xes.gz,drift_3,log_id,1,log_36_1692952355.xes.gz
log_36_1692952355.xes.gz,drift_3,drift_id,1,3
log_36_1692952355.xes.gz,drift_3,process_perspective,1,control-flow
log_36_1692952355.xes.gz,drift_3,process_complexity,1,simple
log_36_1692952355.xes.gz,drift_3,drift_type,1,recurring
log_36_1692952355.xes.gz,drift_3,process_trees_1,0,"->( ->( *( 'a', 'c' ), ->( 'd', 'e' ) ), ->( 'b', 'f' ) )"
log_36_1692952355.xes.gz,drift_3,process_trees_2,1,"->( ->( *( 'a', 'c', 'Random activity 1' ), ->( 'd', 'e' ) ), ->( 'b', 'f' ) )"
log_36_1692952355.xes.gz,drift_3,process_trees_3,2,"->( ->( *( 'a', 'c' ), ->( 'd', 'e' ) ), ->( 'b', 'f' ) )"
log_36_1692952355.xes.gz,drift_3,process_trees_4,3,"->( ->( *( 'a', 'c', 'Random activity 1' ), ->( 'd', 'e' ) ), ->( 'b', 'f' ) )"
log_36_1692952355.xes.gz,drift_3,change_info_1,change_type,sudden
log_36_1692952355.xes.gz,drift_3,change_info_1,change_trace_index,[11730]
log_36_1692952355.xes.gz,drift_3,change_info_1,process_tree_before,"->( ->( *( 'a', 'c' ), ->( 'd', 'e' ) ), ->( 'b', 'f' ) )"
log_36_1692952355.xes.gz,drift_3,change_info_1,process_tree_after,"->( ->( *( 'a', 'c', 'Random activity 1' ), ->( 'd', 'e' ) ), ->( 'b', 'f' ) )"
log_36_1692952355.xes.gz,drift_3,change_info_1,activities_deleted,[]
log_36_1692952355.xes.gz,drift_3,change_info_1,activities_added,[Random activity 1]
log_36_1692952355.xes.gz,drift_3,change_info_1,activities_moved,[]
log_36_1692952355.xes.gz,drift_3,change_info_1,change_start,2034-11-26 04:57:33.114940
log_36_1692952355.xes.gz,drift_3,change_info_1,change_end,2034-11-26 04:57:33.114940
log_36_1692952355.xes.gz,drift_3,change_info_2,change_type,sudden
log_36_1692952355.xes.gz,drift_3,change_info_2,change_trace_index,[12843]
log_36_1692952355.xes.gz,drift_3,change_info_2,process_tree_before,"->( ->( *( 'a', 'c', 'Random activity 1' ), ->( 'd', 'e' ) ), ->( 'b', 'f' ) )"
log_36_1692952355.xes.gz,drift_3,change_info_2,process_tree_after,"->( ->( *( 'a', 'c' ), ->( 'd', 'e' ) ), ->( 'b', 'f' ) )"
log_36_1692952355.xes.gz,drift_3,change_info_2,activities_deleted,[Random activity 1]
log_36_1692952355.xes.gz,drift_3,change_info_2,activities_added,[]
log_36_1692952355.xes.gz,drift_3,change_info_2,activities_moved,[]
log_36_1692952355.xes.gz,drift_3,change_info_2,change_start,2036-05-30 10:38:11.171667
log_36_1692952355.xes.gz,drift_3,change_info_2,change_end,2036-05-30 10:38:11.171667
log_36_1692952355.xes.gz,drift_3,change_info_3,change_type,gradual
log_36_1692952355.xes.gz,drift_3,change_info_3,change_trace_index,"[13947, 14938]"
log_36_1692952355.xes.gz,drift_3,change_info_3,process_tree_before,"->( ->( *( 'a', 'c' ), ->( 'd', 'e' ) ), ->( 'b', 'f' ) )"
log_36_1692952355.xes.gz,drift_3,change_info_3,process_tree_after,"->( ->( *( 'a', 'c', 'Random activity 1' ), ->( 'd', 'e' ) ), ->( 'b', 'f' ) )"
log_36_1692952355.xes.gz,drift_3,change_info_3,activities_deleted,[]
log_36_1692952355.xes.gz,drift_3,change_info_3,activities_added,[Random activity 1]
log_36_1692952355.xes.gz,drift_3,change_info_3,activities_moved,[]
log_36_1692952355.xes.gz,drift_3,change_info_3,change_start,2037-11-21 18:51:14.944719
log_36_1692952355.xes.gz,drift_3,change_info_3,change_end,2039-03-09 22:37:05.035739
log_37_1692952363.xes.gz,drift_1,log_id,1,log_37_1692952363.xes.gz
log_37_1692952363.xes.gz,drift_1,drift_id,1,1
log_37_1692952363.xes.gz,drift_1,process_perspective,1,control-flow
log_37_1692952363.xes.gz,drift_1,process_complexity,1,middle
log_37_1692952363.xes.gz,drift_1,drift_type,1,sudden
log_37_1692952363.xes.gz,drift_1,process_trees_1,0,"->( *( 'a', ->( X( X( X( ->( *( 'b', 'k' ), 'l' ), 'j' ), 'f' ), X( 'e', ->( *( 'g', 'h' ), 'i' ) ) ), 'd' ) ), 'c' )"
log_37_1692952363.xes.gz,drift_1,process_trees_2,1,"->( *( 'a', ->( X( X( X( ->( X( 'b', 'k' ), 'l' ), 'j' ), 'f' ), X( 'e', ->( *( 'g', 'h', 'Random activity 1' ), 'i' ) ) ), 'd' ) ), 'c' )"
log_37_1692952363.xes.gz,drift_1,change_info_1,change_type,sudden
log_37_1692952363.xes.gz,drift_1,change_info_1,change_trace_index,[1282]
log_37_1692952363.xes.gz,drift_1,change_info_1,process_tree_before,"->( *( 'a', ->( X( X( X( ->( *( 'b', 'k' ), 'l' ), 'j' ), 'f' ), X( 'e', ->( *( 'g', 'h' ), 'i' ) ) ), 'd' ) ), 'c' )"
log_37_1692952363.xes.gz,drift_1,change_info_1,process_tree_after,"->( *( 'a', ->( X( X( X( ->( X( 'b', 'k' ), 'l' ), 'j' ), 'f' ), X( 'e', ->( *( 'g', 'h', 'Random activity 1' ), 'i' ) ) ), 'd' ) ), 'c' )"
log_37_1692952363.xes.gz,drift_1,change_info_1,activities_deleted,[]
log_37_1692952363.xes.gz,drift_1,change_info_1,activities_added,[Random activity 1]
log_37_1692952363.xes.gz,drift_1,change_info_1,activities_moved,"[b, k]"
log_37_1692952363.xes.gz,drift_1,change_info_1,change_start,2021-08-22 02:38:42.447737
log_37_1692952363.xes.gz,drift_1,change_info_1,change_end,2021-08-22 02:38:42.447737
log_37_1692952363.xes.gz,drift_2,log_id,1,log_37_1692952363.xes.gz
log_37_1692952363.xes.gz,drift_2,drift_id,1,2
log_37_1692952363.xes.gz,drift_2,process_perspective,1,control-flow
log_37_1692952363.xes.gz,drift_2,process_complexity,1,middle
log_37_1692952363.xes.gz,drift_2,drift_type,1,sudden
log_37_1692952363.xes.gz,drift_2,process_trees_1,0,"->( *( 'a', ->( X( X( X( ->( *( 'b', 'k' ), 'l' ), 'j' ), 'f' ), X( 'e', ->( *( 'g', 'h' ), 'i' ) ) ), 'd' ) ), 'c' )"
log_37_1692952363.xes.gz,drift_2,process_trees_2,1,"->( *( 'a', ->( X( X( X( ->( ->( 'b', 'k' ), 'l' ), 'j' ), 'f' ), X( 'e', ->( *( 'g', 'h' ), 'i' ) ) ), 'd' ) ), *tau* )"
log_37_1692952363.xes.gz,drift_2,change_info_1,change_type,sudden
log_37_1692952363.xes.gz,drift_2,change_info_1,change_trace_index,[2321]
log_37_1692952363.xes.gz,drift_2,change_info_1,process_tree_before,"->( *( 'a', ->( X( X( X( ->( *( 'b', 'k' ), 'l' ), 'j' ), 'f' ), X( 'e', ->( *( 'g', 'h' ), 'i' ) ) ), 'd' ) ), 'c' )"
log_37_1692952363.xes.gz,drift_2,change_info_1,process_tree_after,"->( *( 'a', ->( X( X( X( ->( ->( 'b', 'k' ), 'l' ), 'j' ), 'f' ), X( 'e', ->( *( 'g', 'h' ), 'i' ) ) ), 'd' ) ), *tau* )"
log_37_1692952363.xes.gz,drift_2,change_info_1,activities_deleted,[c]
log_37_1692952363.xes.gz,drift_2,change_info_1,activities_added,[]
log_37_1692952363.xes.gz,drift_2,change_info_1,activities_moved,"[b, k]"
log_37_1692952363.xes.gz,drift_2,change_info_1,change_start,2022-12-31 13:57:00.940625
log_37_1692952363.xes.gz,drift_2,change_info_1,change_end,2022-12-31 13:57:00.940625
log_38_1692952364.xes.gz,drift_1,log_id,1,log_38_1692952364.xes.gz
log_38_1692952364.xes.gz,drift_1,drift_id,1,1
log_38_1692952364.xes.gz,drift_1,process_perspective,1,control-flow
log_38_1692952364.xes.gz,drift_1,process_complexity,1,simple
log_38_1692952364.xes.gz,drift_1,drift_type,1,gradual
log_38_1692952364.xes.gz,drift_1,process_trees_1,0,"->( ->( 'a', +( ->( 'c', ->( *( 'e', 'f' ), 'g' ) ), 'd' ) ), 'b' )"
log_38_1692952364.xes.gz,drift_1,process_trees_2,1,"->( ->( 'Random activity 1', +( ->( 'c', ->( *( 'e', 'f', 'Random activity 2' ), 'g' ) ), 'd' ) ), 'b' )"
log_38_1692952364.xes.gz,drift_1,change_info_1,change_type,gradual
log_38_1692952364.xes.gz,drift_1,change_info_1,change_trace_index,"[1028, 1851]"
log_38_1692952364.xes.gz,drift_1,change_info_1,process_tree_before,"->( ->( 'a', +( ->( 'c', ->( *( 'e', 'f' ), 'g' ) ), 'd' ) ), 'b' )"
log_38_1692952364.xes.gz,drift_1,change_info_1,process_tree_after,"->( ->( 'Random activity 1', +( ->( 'c', ->( *( 'e', 'f', 'Random activity 2' ), 'g' ) ), 'd' ) ), 'b' )"
log_38_1692952364.xes.gz,drift_1,change_info_1,activities_deleted,[a]
log_38_1692952364.xes.gz,drift_1,change_info_1,activities_added,"[Random activity 1, Random activity 2]"
log_38_1692952364.xes.gz,drift_1,change_info_1,activities_moved,[]
log_38_1692952364.xes.gz,drift_1,change_info_1,change_start,2021-04-28 15:26:42.905971
log_38_1692952364.xes.gz,drift_1,change_info_1,change_end,2022-05-13 02:20:15.804532
log_38_1692952364.xes.gz,drift_2,log_id,1,log_38_1692952364.xes.gz
log_38_1692952364.xes.gz,drift_2,drift_id,1,2
log_38_1692952364.xes.gz,drift_2,process_perspective,1,control-flow
log_38_1692952364.xes.gz,drift_2,process_complexity,1,simple
log_38_1692952364.xes.gz,drift_2,drift_type,1,sudden
log_38_1692952364.xes.gz,drift_2,process_trees_1,0,"->( ->( 'a', +( ->( 'c', ->( *( 'e', 'f' ), 'g' ) ), 'd' ) ), 'b' )"
log_38_1692952364.xes.gz,drift_2,process_trees_2,1,"->( ->( 'a', +( ->( 'c', ->( *( *tau*, 'f' ), 'g' ) ), 'd' ) ), *tau* )"
log_38_1692952364.xes.gz,drift_2,change_info_1,change_type,sudden
log_38_1692952364.xes.gz,drift_2,change_info_1,change_trace_index,[3000]
log_38_1692952364.xes.gz,drift_2,change_info_1,process_tree_before,"->( ->( 'a', +( ->( 'c', ->( *( 'e', 'f' ), 'g' ) ), 'd' ) ), 'b' )"
log_38_1692952364.xes.gz,drift_2,change_info_1,process_tree_after,"->( ->( 'a', +( ->( 'c', ->( *( *tau*, 'f' ), 'g' ) ), 'd' ) ), *tau* )"
log_38_1692952364.xes.gz,drift_2,change_info_1,activities_deleted,"[e, b]"
log_38_1692952364.xes.gz,drift_2,change_info_1,activities_added,[]
log_38_1692952364.xes.gz,drift_2,change_info_1,activities_moved,[]
log_38_1692952364.xes.gz,drift_2,change_info_1,change_start,2023-10-18 00:30:55.090897
log_38_1692952364.xes.gz,drift_2,change_info_1,change_end,2023-10-18 00:30:55.090897
log_38_1692952364.xes.gz,drift_3,log_id,1,log_38_1692952364.xes.gz
log_38_1692952364.xes.gz,drift_3,drift_id,1,3
log_38_1692952364.xes.gz,drift_3,process_perspective,1,control-flow
log_38_1692952364.xes.gz,drift_3,process_complexity,1,simple
log_38_1692952364.xes.gz,drift_3,drift_type,1,incremental
log_38_1692952364.xes.gz,drift_3,process_trees_1,0,"->( ->( 'a', +( ->( 'c', ->( *( 'e', 'f' ), 'g' ) ), 'd' ) ), 'b' )"
log_38_1692952364.xes.gz,drift_3,process_trees_2,1,"->( ->( 'a', +( ->( 'c', ->( *( *tau*, 'f' ), 'g' ) ), 'd' ) ), 'b' )"
log_38_1692952364.xes.gz,drift_3,process_trees_3,2,"->( ->( 'a', +( ->( 'c', ->( *( *tau*, 'f' ), 'g' ) ), 'd', 'Random activity 1' ) ), 'b' )"
log_38_1692952364.xes.gz,drift_3,process_trees_4,3,"->( ->( 'a', +( ->( 'c', ->( *( *tau*, 'f' ), 'g' ) ), 'd', 'Random activity 1' ) ), 'b', 'Random activity 2' )"
log_38_1692952364.xes.gz,drift_3,change_info_1,change_type,gradual
log_38_1692952364.xes.gz,drift_3,change_info_1,change_trace_index,"[4010, 4915]"
log_38_1692952364.xes.gz,drift_3,change_info_1,process_tree_before,"->( ->( 'a', +( ->( 'c', ->( *( 'e', 'f' ), 'g' ) ), 'd' ) ), 'b' )"
log_38_1692952364.xes.gz,drift_3,change_info_1,process_tree_after,"->( ->( 'a', +( ->( 'c', ->( *( *tau*, 'f' ), 'g' ) ), 'd' ) ), 'b' )"
log_38_1692952364.xes.gz,drift_3,change_info_1,activities_deleted,[e]
log_38_1692952364.xes.gz,drift_3,change_info_1,activities_added,[]
log_38_1692952364.xes.gz,drift_3,change_info_1,activities_moved,[]
log_38_1692952364.xes.gz,drift_3,change_info_1,change_start,2025-02-04 07:59:37.561598
log_38_1692952364.xes.gz,drift_3,change_info_1,change_end,2026-03-28 12:51:31.406698
log_38_1692952364.xes.gz,drift_3,change_info_2,change_type,gradual
log_38_1692952364.xes.gz,drift_3,change_info_2,change_trace_index,"[6335, 7206]"
log_38_1692952364.xes.gz,drift_3,change_info_2,process_tree_before,"->( ->( 'a', +( ->( 'c', ->( *( *tau*, 'f' ), 'g' ) ), 'd' ) ), 'b' )"
log_38_1692952364.xes.gz,drift_3,change_info_2,process_tree_after,"->( ->( 'a', +( ->( 'c', ->( *( *tau*, 'f' ), 'g' ) ), 'd', 'Random activity 1' ) ), 'b' )"
log_38_1692952364.xes.gz,drift_3,change_info_2,activities_deleted,[]
log_38_1692952364.xes.gz,drift_3,change_info_2,activities_added,[Random activity 1]
log_38_1692952364.xes.gz,drift_3,change_info_2,activities_moved,[]
log_38_1692952364.xes.gz,drift_3,change_info_2,change_start,2028-01-07 12:13:38.174430
log_38_1692952364.xes.gz,drift_3,change_info_2,change_end,2029-02-26 16:07:57.449518
log_38_1692952364.xes.gz,drift_3,change_info_3,change_type,gradual
log_38_1692952364.xes.gz,drift_3,change_info_3,change_trace_index,"[8449, 9115]"
log_38_1692952364.xes.gz,drift_3,change_info_3,process_tree_before,"->( ->( 'a', +( ->( 'c', ->( *( *tau*, 'f' ), 'g' ) ), 'd', 'Random activity 1' ) ), 'b' )"
log_38_1692952364.xes.gz,drift_3,change_info_3,process_tree_after,"->( ->( 'a', +( ->( 'c', ->( *( *tau*, 'f' ), 'g' ) ), 'd', 'Random activity 1' ) ), 'b', 'Random activity 2' )"
log_38_1692952364.xes.gz,drift_3,change_info_3,activities_deleted,[]
log_38_1692952364.xes.gz,drift_3,change_info_3,activities_added,[Random activity 2]
log_38_1692952364.xes.gz,drift_3,change_info_3,activities_moved,[]
log_38_1692952364.xes.gz,drift_3,change_info_3,change_start,2030-11-04 01:48:22.733036
log_38_1692952364.xes.gz,drift_3,change_info_3,change_end,2031-09-06 03:36:50.237459
log_39_1692952369.xes.gz,drift_1,log_id,1,log_39_1692952369.xes.gz
log_39_1692952369.xes.gz,drift_1,drift_id,1,1
log_39_1692952369.xes.gz,drift_1,process_perspective,1,control-flow
log_39_1692952369.xes.gz,drift_1,process_complexity,1,middle
log_39_1692952369.xes.gz,drift_1,drift_type,1,recurring
log_39_1692952369.xes.gz,drift_1,process_trees_1,0,"X( +( 'a', +( 'd', ->( 'e', +( 'f', ->( 'g', 'i' ) ) ) ) ), X( 'b', +( 'c', ->( +( 'h', 'k' ), 'j' ) ) ) )"
log_39_1692952369.xes.gz,drift_1,process_trees_2,1,"X( +( 'a', +( 'd', ->( ->( 'g', 'i' ), +( 'f', 'e' ) ) ) ), X( 'b', +( 'c', ->( +( 'h', 'k' ), 'j' ) ) ) )"
log_39_1692952369.xes.gz,drift_1,process_trees_3,2,"X( +( 'a', +( 'd', ->( 'e', +( 'f', ->( 'g', 'i' ) ) ) ) ), X( 'b', +( 'c', ->( +( 'h', 'k' ), 'j' ) ) ) )"
log_39_1692952369.xes.gz,drift_1,process_trees_4,3,"X( +( 'a', +( 'd', ->( ->( 'g', 'i' ), +( 'f', 'e' ) ) ) ), X( 'b', +( 'c', ->( +( 'h', 'k' ), 'j' ) ) ) )"
log_39_1692952369.xes.gz,drift_1,change_info_1,change_type,sudden
log_39_1692952369.xes.gz,drift_1,change_info_1,change_trace_index,[1365]
log_39_1692952369.xes.gz,drift_1,change_info_1,process_tree_before,"X( +( 'a', +( 'd', ->( 'e', +( 'f', ->( 'g', 'i' ) ) ) ) ), X( 'b', +( 'c', ->( +( 'h', 'k' ), 'j' ) ) ) )"
log_39_1692952369.xes.gz,drift_1,change_info_1,process_tree_after,"X( +( 'a', +( 'd', ->( ->( 'g', 'i' ), +( 'f', 'e' ) ) ) ), X( 'b', +( 'c', ->( +( 'h', 'k' ), 'j' ) ) ) )"
log_39_1692952369.xes.gz,drift_1,change_info_1,activities_deleted,[]
log_39_1692952369.xes.gz,drift_1,change_info_1,activities_added,[]
log_39_1692952369.xes.gz,drift_1,change_info_1,activities_moved,"[e, g, i]"
log_39_1692952369.xes.gz,drift_1,change_info_1,change_start,2021-09-19 23:44:58.093625
log_39_1692952369.xes.gz,drift_1,change_info_1,change_end,2021-09-19 23:44:58.093625
log_39_1692952369.xes.gz,drift_1,change_info_2,change_type,gradual
log_39_1692952369.xes.gz,drift_1,change_info_2,change_trace_index,"[2662, 3350]"
log_39_1692952369.xes.gz,drift_1,change_info_2,process_tree_before,"X( +( 'a', +( 'd', ->( ->( 'g', 'i' ), +( 'f', 'e' ) ) ) ), X( 'b', +( 'c', ->( +( 'h', 'k' ), 'j' ) ) ) )"
log_39_1692952369.xes.gz,drift_1,change_info_2,process_tree_after,"X( +( 'a', +( 'd', ->( 'e', +( 'f', ->( 'g', 'i' ) ) ) ) ), X( 'b', +( 'c', ->( +( 'h', 'k' ), 'j' ) ) ) )"
log_39_1692952369.xes.gz,drift_1,change_info_2,activities_deleted,[]
log_39_1692952369.xes.gz,drift_1,change_info_2,activities_added,[]
log_39_1692952369.xes.gz,drift_1,change_info_2,activities_moved,"[e, g, i]"
log_39_1692952369.xes.gz,drift_1,change_info_2,change_start,2023-04-26 02:55:57.636292
log_39_1692952369.xes.gz,drift_1,change_info_2,change_end,2024-03-30 22:49:36.416111
log_39_1692952369.xes.gz,drift_1,change_info_3,change_type,sudden
log_39_1692952369.xes.gz,drift_1,change_info_3,change_trace_index,[4753]
log_39_1692952369.xes.gz,drift_1,change_info_3,process_tree_before,"X( +( 'a', +( 'd', ->( 'e', +( 'f', ->( 'g', 'i' ) ) ) ) ), X( 'b', +( 'c', ->( +( 'h', 'k' ), 'j' ) ) ) )"
log_39_1692952369.xes.gz,drift_1,change_info_3,process_tree_after,"X( +( 'a', +( 'd', ->( ->( 'g', 'i' ), +( 'f', 'e' ) ) ) ), X( 'b', +( 'c', ->( +( 'h', 'k' ), 'j' ) ) ) )"
log_39_1692952369.xes.gz,drift_1,change_info_3,activities_deleted,[]
log_39_1692952369.xes.gz,drift_1,change_info_3,activities_added,[]
log_39_1692952369.xes.gz,drift_1,change_info_3,activities_moved,"[e, g, i]"
log_39_1692952369.xes.gz,drift_1,change_info_3,change_start,2026-01-30 14:09:38.399641
log_39_1692952369.xes.gz,drift_1,change_info_3,change_end,2026-01-30 14:09:38.399641
log_40_1692952371.xes.gz,drift_1,log_id,1,log_40_1692952371.xes.gz
log_40_1692952371.xes.gz,drift_1,drift_id,1,1
log_40_1692952371.xes.gz,drift_1,process_perspective,1,control-flow
log_40_1692952371.xes.gz,drift_1,process_complexity,1,middle
log_40_1692952371.xes.gz,drift_1,drift_type,1,incremental
log_40_1692952371.xes.gz,drift_1,process_trees_1,0,"->( +( ->( X( 'a', +( X( 'e', 'j' ), 'i' ) ), 'd' ), +( +( ->( X( 'c', 'k' ), 'h' ), 'g' ), 'f' ) ), 'b' )"
log_40_1692952371.xes.gz,drift_1,process_trees_2,1,"->( +( ->( X( 'a', +( X( 'e', 'j' ), 'i' ) ), 'd' ), +( +( ->( X( 'c', *tau* ), 'h' ), 'g' ), 'f' ) ), 'b' )"
log_40_1692952371.xes.gz,drift_1,process_trees_3,2,"->( +( ->( X( 'a', +( X( 'e', 'j' ), 'i' ) ), 'd' ), +( +( ->( X( 'c', *tau* ), 'h' ), 'g' ), 'f' ) ), 'b', 'Random activity 1' )"
log_40_1692952371.xes.gz,drift_1,process_trees_4,3,"->( +( ->( X( 'a', +( X( 'e', 'j' ), 'i' ) ), 'd' ), +( +( ->( X( 'c', *tau* ), 'h' ), 'g' ), 'f' ) ), *tau*, 'Random activity 1' )"
log_40_1692952371.xes.gz,drift_1,change_info_1,change_type,gradual
log_40_1692952371.xes.gz,drift_1,change_info_1,change_trace_index,"[1129, 1871]"
log_40_1692952371.xes.gz,drift_1,change_info_1,process_tree_before,"->( +( ->( X( 'a', +( X( 'e', 'j' ), 'i' ) ), 'd' ), +( +( ->( X( 'c', 'k' ), 'h' ), 'g' ), 'f' ) ), 'b' )"
log_40_1692952371.xes.gz,drift_1,change_info_1,process_tree_after,"->( +( ->( X( 'a', +( X( 'e', 'j' ), 'i' ) ), 'd' ), +( +( ->( X( 'c', *tau* ), 'h' ), 'g' ), 'f' ) ), 'b' )"
log_40_1692952371.xes.gz,drift_1,change_info_1,activities_deleted,[k]
log_40_1692952371.xes.gz,drift_1,change_info_1,activities_added,[]
log_40_1692952371.xes.gz,drift_1,change_info_1,activities_moved,[]
log_40_1692952371.xes.gz,drift_1,change_info_1,change_start,2021-06-02 13:37:51.338454
log_40_1692952371.xes.gz,drift_1,change_info_1,change_end,2022-05-14 11:58:46.332278
log_40_1692952371.xes.gz,drift_1,change_info_2,change_type,sudden
log_40_1692952371.xes.gz,drift_1,change_info_2,change_trace_index,[3306]
log_40_1692952371.xes.gz,drift_1,change_info_2,process_tree_before,"->( +( ->( X( 'a', +( X( 'e', 'j' ), 'i' ) ), 'd' ), +( +( ->( X( 'c', *tau* ), 'h' ), 'g' ), 'f' ) ), 'b' )"
log_40_1692952371.xes.gz,drift_1,change_info_2,process_tree_after,"->( +( ->( X( 'a', +( X( 'e', 'j' ), 'i' ) ), 'd' ), +( +( ->( X( 'c', *tau* ), 'h' ), 'g' ), 'f' ) ), 'b', 'Random activity 1' )"
log_40_1692952371.xes.gz,drift_1,change_info_2,activities_deleted,[]
log_40_1692952371.xes.gz,drift_1,change_info_2,activities_added,[Random activity 1]
log_40_1692952371.xes.gz,drift_1,change_info_2,activities_moved,[]
log_40_1692952371.xes.gz,drift_1,change_info_2,change_start,2024-04-01 11:28:07.220675
log_40_1692952371.xes.gz,drift_1,change_info_2,change_end,2024-04-01 11:28:07.220675
log_40_1692952371.xes.gz,drift_1,change_info_3,change_type,gradual
log_40_1692952371.xes.gz,drift_1,change_info_3,change_trace_index,"[4382, 5293]"
log_40_1692952371.xes.gz,drift_1,change_info_3,process_tree_before,"->( +( ->( X( 'a', +( X( 'e', 'j' ), 'i' ) ), 'd' ), +( +( ->( X( 'c', *tau* ), 'h' ), 'g' ), 'f' ) ), 'b', 'Random activity 1' )"
log_40_1692952371.xes.gz,drift_1,change_info_3,process_tree_after,"->( +( ->( X( 'a', +( X( 'e', 'j' ), 'i' ) ), 'd' ), +( +( ->( X( 'c', *tau* ), 'h' ), 'g' ), 'f' ) ), *tau*, 'Random activity 1' )"
log_40_1692952371.xes.gz,drift_1,change_info_3,activities_deleted,[b]
log_40_1692952371.xes.gz,drift_1,change_info_3,activities_added,[]
log_40_1692952371.xes.gz,drift_1,change_info_3,activities_moved,[]
log_40_1692952371.xes.gz,drift_1,change_info_3,change_start,2025-08-12 11:18:57.716131
log_40_1692952371.xes.gz,drift_1,change_info_3,change_end,2026-10-10 03:07:55.630105
log_41_1692952374.xes.gz,drift_1,log_id,1,log_41_1692952374.xes.gz
log_41_1692952374.xes.gz,drift_1,drift_id,1,1
log_41_1692952374.xes.gz,drift_1,process_perspective,1,control-flow
log_41_1692952374.xes.gz,drift_1,process_complexity,1,complex
log_41_1692952374.xes.gz,drift_1,drift_type,1,recurring
log_41_1692952374.xes.gz,drift_1,process_trees_1,0,"X( +( 'a', 'o' ), ->( X( 'b', X( ->( *( +( 'd', 'l' ), 'f' ), 'g' ), ->( ->( 'e', ->( *( 'i', 'm' ), 'n' ) ), 'h' ) ) ), ->( *( 'c', 'j' ), 'k' ) ) )"
log_41_1692952374.xes.gz,drift_1,process_trees_2,1,"X( +( 'a', 'o' ), ->( X( 'b', X( ->( *( *( 'd', 'l' ), 'f' ), 'g' ), ->( ->( 'e', ->( +( 'i', 'm' ), 'n' ) ), 'h' ) ) ), ->( *( 'c', 'j' ), 'k' ), 'Random activity 1' ) )"
log_41_1692952374.xes.gz,drift_1,process_trees_3,2,"X( +( 'a', 'o' ), ->( X( 'b', X( ->( *( +( 'd', 'l' ), 'f' ), 'g' ), ->( ->( 'e', ->( *( 'i', 'm' ), 'n' ) ), 'h' ) ) ), ->( *( 'c', 'j' ), 'k' ) ) )"
log_41_1692952374.xes.gz,drift_1,process_trees_4,3,"X( +( 'a', 'o' ), ->( X( 'b', X( ->( *( *( 'd', 'l' ), 'f' ), 'g' ), ->( ->( 'e', ->( +( 'i', 'm' ), 'n' ) ), 'h' ) ) ), ->( *( 'c', 'j' ), 'k' ), 'Random activity 1' ) )"
log_41_1692952374.xes.gz,drift_1,change_info_1,change_type,gradual
log_41_1692952374.xes.gz,drift_1,change_info_1,change_trace_index,"[1249, 1950]"
log_41_1692952374.xes.gz,drift_1,change_info_1,process_tree_before,"X( +( 'a', 'o' ), ->( X( 'b', X( ->( *( +( 'd', 'l' ), 'f' ), 'g' ), ->( ->( 'e', ->( *( 'i', 'm' ), 'n' ) ), 'h' ) ) ), ->( *( 'c', 'j' ), 'k' ) ) )"
log_41_1692952374.xes.gz,drift_1,change_info_1,process_tree_after,"X( +( 'a', 'o' ), ->( X( 'b', X( ->( *( *( 'd', 'l' ), 'f' ), 'g' ), ->( ->( 'e', ->( +( 'i', 'm' ), 'n' ) ), 'h' ) ) ), ->( *( 'c', 'j' ), 'k' ), 'Random activity 1' ) )"
log_41_1692952374.xes.gz,drift_1,change_info_1,activities_deleted,[]
log_41_1692952374.xes.gz,drift_1,change_info_1,activities_added,[Random activity 1]
log_41_1692952374.xes.gz,drift_1,change_info_1,activities_moved,"[i, m, d, l]"
log_41_1692952374.xes.gz,drift_1,change_info_1,change_start,2021-08-04 02:07:44.434657
log_41_1692952374.xes.gz,drift_1,change_info_1,change_end,2022-06-22 04:27:51.539353
log_41_1692952374.xes.gz,drift_1,change_info_2,change_type,sudden
log_41_1692952374.xes.gz,drift_1,change_info_2,change_trace_index,[3066]
log_41_1692952374.xes.gz,drift_1,change_info_2,process_tree_before,"X( +( 'a', 'o' ), ->( X( 'b', X( ->( *( *( 'd', 'l' ), 'f' ), 'g' ), ->( ->( 'e', ->( +( 'i', 'm' ), 'n' ) ), 'h' ) ) ), ->( *( 'c', 'j' ), 'k' ), 'Random activity 1' ) )"
log_41_1692952374.xes.gz,drift_1,change_info_2,process_tree_after,"X( +( 'a', 'o' ), ->( X( 'b', X( ->( *( +( 'd', 'l' ), 'f' ), 'g' ), ->( ->( 'e', ->( *( 'i', 'm' ), 'n' ) ), 'h' ) ) ), ->( *( 'c', 'j' ), 'k' ) ) )"
log_41_1692952374.xes.gz,drift_1,change_info_2,activities_deleted,[Random activity 1]
log_41_1692952374.xes.gz,drift_1,change_info_2,activities_added,[]
log_41_1692952374.xes.gz,drift_1,change_info_2,activities_moved,"[i, m, d, l]"
log_41_1692952374.xes.gz,drift_1,change_info_2,change_start,2023-10-27 10:16:23.428344
log_41_1692952374.xes.gz,drift_1,change_info_2,change_end,2023-10-27 10:16:23.428344
log_41_1692952374.xes.gz,drift_1,change_info_3,change_type,gradual
log_41_1692952374.xes.gz,drift_1,change_info_3,change_trace_index,"[4209, 5141]"
log_41_1692952374.xes.gz,drift_1,change_info_3,process_tree_before,"X( +( 'a', 'o' ), ->( X( 'b', X( ->( *( +( 'd', 'l' ), 'f' ), 'g' ), ->( ->( 'e', ->( *( 'i', 'm' ), 'n' ) ), 'h' ) ) ), ->( *( 'c', 'j' ), 'k' ) ) )"
log_41_1692952374.xes.gz,drift_1,change_info_3,process_tree_after,"X( +( 'a', 'o' ), ->( X( 'b', X( ->( *( *( 'd', 'l' ), 'f' ), 'g' ), ->( ->( 'e', ->( +( 'i', 'm' ), 'n' ) ), 'h' ) ) ), ->( *( 'c', 'j' ), 'k' ), 'Random activity 1' ) )"
log_41_1692952374.xes.gz,drift_1,change_info_3,activities_deleted,[]
log_41_1692952374.xes.gz,drift_1,change_info_3,activities_added,[Random activity 1]
log_41_1692952374.xes.gz,drift_1,change_info_3,activities_moved,"[i, m, d, l]"
log_41_1692952374.xes.gz,drift_1,change_info_3,change_start,2025-03-30 09:36:06.200943
log_41_1692952374.xes.gz,drift_1,change_info_3,change_end,2026-06-19 13:23:58.970123
log_42_1692952376.xes.gz,drift_1,log_id,1,log_42_1692952376.xes.gz
log_42_1692952376.xes.gz,drift_1,drift_id,1,1
log_42_1692952376.xes.gz,drift_1,process_perspective,1,control-flow
log_42_1692952376.xes.gz,drift_1,process_complexity,1,simple
log_42_1692952376.xes.gz,drift_1,drift_type,1,gradual
log_42_1692952376.xes.gz,drift_1,process_trees_1,0,"+( +( ->( ->( 'a', 'f' ), 'e' ), 'c' ), ->( 'b', 'd' ) )"
log_42_1692952376.xes.gz,drift_1,process_trees_2,1,"+( +( ->( *( 'a', 'f' ), 'e' ), 'c' ), ->( 'b', 'd' ) )"
log_42_1692952376.xes.gz,drift_1,change_info_1,change_type,gradual
log_42_1692952376.xes.gz,drift_1,change_info_1,change_trace_index,"[1465, 2388]"
log_42_1692952376.xes.gz,drift_1,change_info_1,process_tree_before,"+( +( ->( ->( 'a', 'f' ), 'e' ), 'c' ), ->( 'b', 'd' ) )"
log_42_1692952376.xes.gz,drift_1,change_info_1,process_tree_after,"+( +( ->( *( 'a', 'f' ), 'e' ), 'c' ), ->( 'b', 'd' ) )"
log_42_1692952376.xes.gz,drift_1,change_info_1,activities_deleted,[]
log_42_1692952376.xes.gz,drift_1,change_info_1,activities_added,[]
log_42_1692952376.xes.gz,drift_1,change_info_1,activities_moved,"[a, f]"
log_42_1692952376.xes.gz,drift_1,change_info_1,change_start,2021-11-19 17:58:01.991919
log_42_1692952376.xes.gz,drift_1,change_info_1,change_end,2023-01-22 04:30:12.709737
log_42_1692952376.xes.gz,drift_2,log_id,1,log_42_1692952376.xes.gz
log_42_1692952376.xes.gz,drift_2,drift_id,1,2
log_42_1692952376.xes.gz,drift_2,process_perspective,1,control-flow
log_42_1692952376.xes.gz,drift_2,process_complexity,1,simple
log_42_1692952376.xes.gz,drift_2,drift_type,1,recurring
log_42_1692952376.xes.gz,drift_2,process_trees_1,0,"+( +( ->( ->( 'a', 'f' ), 'e' ), 'c' ), ->( 'b', 'd' ) )"
log_42_1692952376.xes.gz,drift_2,process_trees_2,1,"+( +( ->( ->( *tau*, 'f' ), *tau* ), 'c' ), ->( 'b', 'd' ) )"
log_42_1692952376.xes.gz,drift_2,process_trees_3,2,"+( +( ->( ->( 'a', 'f' ), 'e' ), 'c' ), ->( 'b', 'd' ) )"
log_42_1692952376.xes.gz,drift_2,process_trees_4,3,"+( +( ->( ->( *tau*, 'f' ), *tau* ), 'c' ), ->( 'b', 'd' ) )"
log_42_1692952376.xes.gz,drift_2,change_info_1,change_type,sudden
log_42_1692952376.xes.gz,drift_2,change_info_1,change_trace_index,[3805]
log_42_1692952376.xes.gz,drift_2,change_info_1,process_tree_before,"+( +( ->( ->( 'a', 'f' ), 'e' ), 'c' ), ->( 'b', 'd' ) )"
log_42_1692952376.xes.gz,drift_2,change_info_1,process_tree_after,"+( +( ->( ->( *tau*, 'f' ), *tau* ), 'c' ), ->( 'b', 'd' ) )"
log_42_1692952376.xes.gz,drift_2,change_info_1,activities_deleted,"[a, e]"
log_42_1692952376.xes.gz,drift_2,change_info_1,activities_added,[]
log_42_1692952376.xes.gz,drift_2,change_info_1,activities_moved,[]
log_42_1692952376.xes.gz,drift_2,change_info_1,change_start,2024-10-23 06:08:57.862552
log_42_1692952376.xes.gz,drift_2,change_info_1,change_end,2024-10-23 06:08:57.862552
log_42_1692952376.xes.gz,drift_2,change_info_2,change_type,gradual
log_42_1692952376.xes.gz,drift_2,change_info_2,change_trace_index,"[4827, 5718]"
log_42_1692952376.xes.gz,drift_2,change_info_2,process_tree_before,"+( +( ->( ->( *tau*, 'f' ), *tau* ), 'c' ), ->( 'b', 'd' ) )"
log_42_1692952376.xes.gz,drift_2,change_info_2,process_tree_after,"+( +( ->( ->( 'a', 'f' ), 'e' ), 'c' ), ->( 'b', 'd' ) )"
log_42_1692952376.xes.gz,drift_2,change_info_2,activities_deleted,[]
log_42_1692952376.xes.gz,drift_2,change_info_2,activities_added,"[a, e]"
log_42_1692952376.xes.gz,drift_2,change_info_2,activities_moved,[]
log_42_1692952376.xes.gz,drift_2,change_info_2,change_start,2026-02-15 22:48:57.314013
log_42_1692952376.xes.gz,drift_2,change_info_2,change_end,2027-03-25 22:05:23.663629
log_42_1692952376.xes.gz,drift_2,change_info_3,change_type,sudden
log_42_1692952376.xes.gz,drift_2,change_info_3,change_trace_index,[6808]
log_42_1692952376.xes.gz,drift_2,change_info_3,process_tree_before,"+( +( ->( ->( 'a', 'f' ), 'e' ), 'c' ), ->( 'b', 'd' ) )"
log_42_1692952376.xes.gz,drift_2,change_info_3,process_tree_after,"+( +( ->( ->( *tau*, 'f' ), *tau* ), 'c' ), ->( 'b', 'd' ) )"
log_42_1692952376.xes.gz,drift_2,change_info_3,activities_deleted,"[a, e]"
log_42_1692952376.xes.gz,drift_2,change_info_3,activities_added,[]
log_42_1692952376.xes.gz,drift_2,change_info_3,activities_moved,[]
log_42_1692952376.xes.gz,drift_2,change_info_3,change_start,2028-08-23 08:00:01.891255
log_42_1692952376.xes.gz,drift_2,change_info_3,change_end,2028-08-23 08:00:01.891255
log_42_1692952376.xes.gz,drift_3,log_id,1,log_42_1692952376.xes.gz
log_42_1692952376.xes.gz,drift_3,drift_id,1,3
log_42_1692952376.xes.gz,drift_3,process_perspective,1,control-flow
log_42_1692952376.xes.gz,drift_3,process_complexity,1,simple
log_42_1692952376.xes.gz,drift_3,drift_type,1,recurring
log_42_1692952376.xes.gz,drift_3,process_trees_1,0,"+( +( ->( ->( 'a', 'f' ), 'e' ), 'c' ), ->( 'b', 'd' ) )"
log_42_1692952376.xes.gz,drift_3,process_trees_2,1,"+( +( ->( ->( 'a', 'f' ), 'e' ), 'c' ), ->( *tau*, 'd' ) )"
log_42_1692952376.xes.gz,drift_3,process_trees_3,2,"+( +( ->( ->( 'a', 'f' ), 'e' ), 'c' ), ->( 'b', 'd' ) )"
log_42_1692952376.xes.gz,drift_3,process_trees_4,3,"+( +( ->( ->( 'a', 'f' ), 'e' ), 'c' ), ->( *tau*, 'd' ) )"
log_42_1692952376.xes.gz,drift_3,change_info_1,change_type,gradual
log_42_1692952376.xes.gz,drift_3,change_info_1,change_trace_index,"[7871, 8414]"
log_42_1692952376.xes.gz,drift_3,change_info_1,process_tree_before,"+( +( ->( ->( 'a', 'f' ), 'e' ), 'c' ), ->( 'b', 'd' ) )"
log_42_1692952376.xes.gz,drift_3,change_info_1,process_tree_after,"+( +( ->( ->( 'a', 'f' ), 'e' ), 'c' ), ->( *tau*, 'd' ) )"
log_42_1692952376.xes.gz,drift_3,change_info_1,activities_deleted,[b]
log_42_1692952376.xes.gz,drift_3,change_info_1,activities_added,[]
log_42_1692952376.xes.gz,drift_3,change_info_1,activities_moved,[]
log_42_1692952376.xes.gz,drift_3,change_info_1,change_start,2030-01-10 20:47:55.359538
log_42_1692952376.xes.gz,drift_3,change_info_1,change_end,2030-09-04 02:59:02.034500
log_42_1692952376.xes.gz,drift_3,change_info_2,change_type,gradual
log_42_1692952376.xes.gz,drift_3,change_info_2,change_trace_index,"[9656, 10599]"
log_42_1692952376.xes.gz,drift_3,change_info_2,process_tree_before,"+( +( ->( ->( 'a', 'f' ), 'e' ), 'c' ), ->( *tau*, 'd' ) )"
log_42_1692952376.xes.gz,drift_3,change_info_2,process_tree_after,"+( +( ->( ->( 'a', 'f' ), 'e' ), 'c' ), ->( 'b', 'd' ) )"
log_42_1692952376.xes.gz,drift_3,change_info_2,activities_deleted,[]
log_42_1692952376.xes.gz,drift_3,change_info_2,activities_added,[b]
log_42_1692952376.xes.gz,drift_3,change_info_2,activities_moved,[]
log_42_1692952376.xes.gz,drift_3,change_info_2,change_start,2032-03-25 08:32:41.514527
log_42_1692952376.xes.gz,drift_3,change_info_2,change_end,2033-06-11 23:50:43.869645
log_42_1692952376.xes.gz,drift_3,change_info_3,change_type,gradual
log_42_1692952376.xes.gz,drift_3,change_info_3,change_trace_index,"[11897, 12538]"
log_42_1692952376.xes.gz,drift_3,change_info_3,process_tree_before,"+( +( ->( ->( 'a', 'f' ), 'e' ), 'c' ), ->( 'b', 'd' ) )"
log_42_1692952376.xes.gz,drift_3,change_info_3,process_tree_after,"+( +( ->( ->( 'a', 'f' ), 'e' ), 'c' ), ->( *tau*, 'd' ) )"
log_42_1692952376.xes.gz,drift_3,change_info_3,activities_deleted,[b]
log_42_1692952376.xes.gz,drift_3,change_info_3,activities_added,[]
log_42_1692952376.xes.gz,drift_3,change_info_3,activities_moved,[]
log_42_1692952376.xes.gz,drift_3,change_info_3,change_start,2035-01-17 09:34:26.095338
log_42_1692952376.xes.gz,drift_3,change_info_3,change_end,2035-11-08 21:18:15.107151
log_43_1692952382.xes.gz,drift_1,log_id,1,log_43_1692952382.xes.gz
log_43_1692952382.xes.gz,drift_1,drift_id,1,1
log_43_1692952382.xes.gz,drift_1,process_perspective,1,control-flow
log_43_1692952382.xes.gz,drift_1,process_complexity,1,simple
log_43_1692952382.xes.gz,drift_1,drift_type,1,incremental
log_43_1692952382.xes.gz,drift_1,process_trees_1,0,"+( ->( 'a', ->( 'd', 'e' ) ), +( ->( 'b', ->( 'f', 'g' ) ), 'c' ) )"
log_43_1692952382.xes.gz,drift_1,process_trees_2,1,"+( ->( 'a', ->( 'd', 'e' ) ), +( ->( 'b', ->( 'f', 'g' ), 'Random activity 1' ), 'c' ) )"
log_43_1692952382.xes.gz,drift_1,process_trees_3,2,"+( ->( 'a', ->( 'd', 'e' ) ), +( ->( *tau*, ->( 'f', 'g' ), 'Random activity 1' ), 'c' ) )"
log_43_1692952382.xes.gz,drift_1,process_trees_4,3,"+( ->( 'a', ->( 'd', 'e' ) ), +( ->( *tau*, ->( 'f', 'g' ), 'Random activity 1', 'Random activity 2' ), 'c' ) )"
log_43_1692952382.xes.gz,drift_1,change_info_1,change_type,gradual
log_43_1692952382.xes.gz,drift_1,change_info_1,change_trace_index,"[1200, 1740]"
log_43_1692952382.xes.gz,drift_1,change_info_1,process_tree_before,"+( ->( 'a', ->( 'd', 'e' ) ), +( ->( 'b', ->( 'f', 'g' ) ), 'c' ) )"
log_43_1692952382.xes.gz,drift_1,change_info_1,process_tree_after,"+( ->( 'a', ->( 'd', 'e' ) ), +( ->( 'b', ->( 'f', 'g' ), 'Random activity 1' ), 'c' ) )"
log_43_1692952382.xes.gz,drift_1,change_info_1,activities_deleted,[]
log_43_1692952382.xes.gz,drift_1,change_info_1,activities_added,[Random activity 1]
log_43_1692952382.xes.gz,drift_1,change_info_1,activities_moved,[]
log_43_1692952382.xes.gz,drift_1,change_info_1,change_start,2021-06-27 11:50:02.740048
log_43_1692952382.xes.gz,drift_1,change_info_1,change_end,2022-03-03 00:23:31.344195
log_43_1692952382.xes.gz,drift_1,change_info_2,change_type,sudden
log_43_1692952382.xes.gz,drift_1,change_info_2,change_trace_index,[3030]
log_43_1692952382.xes.gz,drift_1,change_info_2,process_tree_before,"+( ->( 'a', ->( 'd', 'e' ) ), +( ->( 'b', ->( 'f', 'g' ), 'Random activity 1' ), 'c' ) )"
log_43_1692952382.xes.gz,drift_1,change_info_2,process_tree_after,"+( ->( 'a', ->( 'd', 'e' ) ), +( ->( *tau*, ->( 'f', 'g' ), 'Random activity 1' ), 'c' ) )"
log_43_1692952382.xes.gz,drift_1,change_info_2,activities_deleted,[b]
log_43_1692952382.xes.gz,drift_1,change_info_2,activities_added,[]
log_43_1692952382.xes.gz,drift_1,change_info_2,activities_moved,[]
log_43_1692952382.xes.gz,drift_1,change_info_2,change_start,2023-11-13 21:01:05.021388
log_43_1692952382.xes.gz,drift_1,change_info_2,change_end,2023-11-13 21:01:05.021388
log_43_1692952382.xes.gz,drift_1,change_info_3,change_type,gradual
log_43_1692952382.xes.gz,drift_1,change_info_3,change_trace_index,"[4200, 5001]"
log_43_1692952382.xes.gz,drift_1,change_info_3,process_tree_before,"+( ->( 'a', ->( 'd', 'e' ) ), +( ->( *tau*, ->( 'f', 'g' ), 'Random activity 1' ), 'c' ) )"
log_43_1692952382.xes.gz,drift_1,change_info_3,process_tree_after,"+( ->( 'a', ->( 'd', 'e' ) ), +( ->( *tau*, ->( 'f', 'g' ), 'Random activity 1', 'Random activity 2' ), 'c' ) )"
log_43_1692952382.xes.gz,drift_1,change_info_3,activities_deleted,[]
log_43_1692952382.xes.gz,drift_1,change_info_3,activities_added,[Random activity 2]
log_43_1692952382.xes.gz,drift_1,change_info_3,activities_moved,[]
log_43_1692952382.xes.gz,drift_1,change_info_3,change_start,2025-05-25 21:37:36.878612
log_43_1692952382.xes.gz,drift_1,change_info_3,change_end,2026-06-12 08:55:24.227471
log_44_1692952384.xes.gz,drift_1,log_id,1,log_44_1692952384.xes.gz
log_44_1692952384.xes.gz,drift_1,drift_id,1,1
log_44_1692952384.xes.gz,drift_1,process_perspective,1,control-flow
log_44_1692952384.xes.gz,drift_1,process_complexity,1,complex
log_44_1692952384.xes.gz,drift_1,drift_type,1,recurring
log_44_1692952384.xes.gz,drift_1,process_trees_1,0,"->( *( ->( X( 'a', X( 'j', 'm' ) ), X( 'g', 'h' ) ), +( X( 'b', X( 'i', 'o' ) ), +( ->( 'd', 'k' ), X( 'e', 'n' ) ) ) ), +( 'c', X( 'f', 'l' ) ) )"
log_44_1692952384.xes.gz,drift_1,process_trees_2,1,"->( *( ->( X( 'a', X( 'j', 'm' ) ), X( 'g', 'h' ) ), +( X( *tau*, X( *tau*, 'o' ) ), +( ->( 'd', 'k' ), X( 'e', 'n' ) ) ) ), ->( 'c', X( 'f', 'l' ) ) )"
log_44_1692952384.xes.gz,drift_1,process_trees_3,2,"->( *( ->( X( 'a', X( 'j', 'm' ) ), X( 'g', 'h' ) ), +( X( 'b', X( 'i', 'o' ) ), +( ->( 'd', 'k' ), X( 'e', 'n' ) ) ) ), +( 'c', X( 'f', 'l' ) ) )"
log_44_1692952384.xes.gz,drift_1,process_trees_4,3,"->( *( ->( X( 'a', X( 'j', 'm' ) ), X( 'g', 'h' ) ), +( X( *tau*, X( *tau*, 'o' ) ), +( ->( 'd', 'k' ), X( 'e', 'n' ) ) ) ), ->( 'c', X( 'f', 'l' ) ) )"
log_44_1692952384.xes.gz,drift_1,change_info_1,change_type,sudden
log_44_1692952384.xes.gz,drift_1,change_info_1,change_trace_index,[1079]
log_44_1692952384.xes.gz,drift_1,change_info_1,process_tree_before,"->( *( ->( X( 'a', X( 'j', 'm' ) ), X( 'g', 'h' ) ), +( X( 'b', X( 'i', 'o' ) ), +( ->( 'd', 'k' ), X( 'e', 'n' ) ) ) ), +( 'c', X( 'f', 'l' ) ) )"
log_44_1692952384.xes.gz,drift_1,change_info_1,process_tree_after,"->( *( ->( X( 'a', X( 'j', 'm' ) ), X( 'g', 'h' ) ), +( X( *tau*, X( *tau*, 'o' ) ), +( ->( 'd', 'k' ), X( 'e', 'n' ) ) ) ), ->( 'c', X( 'f', 'l' ) ) )"
log_44_1692952384.xes.gz,drift_1,change_info_1,activities_deleted,"[i, b]"
log_44_1692952384.xes.gz,drift_1,change_info_1,activities_added,[]
log_44_1692952384.xes.gz,drift_1,change_info_1,activities_moved,"[c, f, l]"
log_44_1692952384.xes.gz,drift_1,change_info_1,change_start,2021-05-20 21:06:12.082815
log_44_1692952384.xes.gz,drift_1,change_info_1,change_end,2021-05-20 21:06:12.082815
log_44_1692952384.xes.gz,drift_1,change_info_2,change_type,gradual
log_44_1692952384.xes.gz,drift_1,change_info_2,change_trace_index,"[2333, 3288]"
log_44_1692952384.xes.gz,drift_1,change_info_2,process_tree_before,"->( *( ->( X( 'a', X( 'j', 'm' ) ), X( 'g', 'h' ) ), +( X( *tau*, X( *tau*, 'o' ) ), +( ->( 'd', 'k' ), X( 'e', 'n' ) ) ) ), ->( 'c', X( 'f', 'l' ) ) )"
log_44_1692952384.xes.gz,drift_1,change_info_2,process_tree_after,"->( *( ->( X( 'a', X( 'j', 'm' ) ), X( 'g', 'h' ) ), +( X( 'b', X( 'i', 'o' ) ), +( ->( 'd', 'k' ), X( 'e', 'n' ) ) ) ), +( 'c', X( 'f', 'l' ) ) )"
log_44_1692952384.xes.gz,drift_1,change_info_2,activities_deleted,[]
log_44_1692952384.xes.gz,drift_1,change_info_2,activities_added,"[i, b]"
log_44_1692952384.xes.gz,drift_1,change_info_2,activities_moved,"[c, f, l]"
log_44_1692952384.xes.gz,drift_1,change_info_2,change_start,2022-12-11 02:02:44.133307
log_44_1692952384.xes.gz,drift_1,change_info_2,change_end,2024-02-04 05:49:28.641322
log_44_1692952384.xes.gz,drift_1,change_info_3,change_type,sudden
log_44_1692952384.xes.gz,drift_1,change_info_3,change_trace_index,[4492]
log_44_1692952384.xes.gz,drift_1,change_info_3,process_tree_before,"->( *( ->( X( 'a', X( 'j', 'm' ) ), X( 'g', 'h' ) ), +( X( 'b', X( 'i', 'o' ) ), +( ->( 'd', 'k' ), X( 'e', 'n' ) ) ) ), +( 'c', X( 'f', 'l' ) ) )"
log_44_1692952384.xes.gz,drift_1,change_info_3,process_tree_after,"->( *( ->( X( 'a', X( 'j', 'm' ) ), X( 'g', 'h' ) ), +( X( *tau*, X( *tau*, 'o' ) ), +( ->( 'd', 'k' ), X( 'e', 'n' ) ) ) ), ->( 'c', X( 'f', 'l' ) ) )"
log_44_1692952384.xes.gz,drift_1,change_info_3,activities_deleted,"[i, b]"
log_44_1692952384.xes.gz,drift_1,change_info_3,activities_added,[]
log_44_1692952384.xes.gz,drift_1,change_info_3,activities_moved,"[c, f, l]"
log_44_1692952384.xes.gz,drift_1,change_info_3,change_start,2025-08-06 12:33:21.506075
log_44_1692952384.xes.gz,drift_1,change_info_3,change_end,2025-08-06 12:33:21.506075
log_44_1692952384.xes.gz,drift_2,log_id,1,log_44_1692952384.xes.gz
log_44_1692952384.xes.gz,drift_2,drift_id,1,2
log_44_1692952384.xes.gz,drift_2,process_perspective,1,control-flow
log_44_1692952384.xes.gz,drift_2,process_complexity,1,complex
log_44_1692952384.xes.gz,drift_2,drift_type,1,sudden
log_44_1692952384.xes.gz,drift_2,process_trees_1,0,"->( *( ->( X( 'a', X( 'j', 'm' ) ), X( 'g', 'h' ) ), +( X( 'b', X( 'i', 'o' ) ), +( ->( 'd', 'k' ), X( 'e', 'n' ) ) ) ), +( 'c', X( 'f', 'l' ) ) )"
log_44_1692952384.xes.gz,drift_2,process_trees_2,1,"->( *( ->( X( 'a', X( 'j', 'm' ) ), X( 'g', 'h' ) ), +( X( 'b', X( 'i', 'o', 'Random activity 1' ) ), +( ->( 'd', 'k' ), X( 'e', 'n' ) ) ) ), +( 'c', *tau* ) )"
log_44_1692952384.xes.gz,drift_2,change_info_1,change_type,sudden
log_44_1692952384.xes.gz,drift_2,change_info_1,change_trace_index,[5972]
log_44_1692952384.xes.gz,drift_2,change_info_1,process_tree_before,"->( *( ->( X( 'a', X( 'j', 'm' ) ), X( 'g', 'h' ) ), +( X( 'b', X( 'i', 'o' ) ), +( ->( 'd', 'k' ), X( 'e', 'n' ) ) ) ), +( 'c', X( 'f', 'l' ) ) )"
log_44_1692952384.xes.gz,drift_2,change_info_1,process_tree_after,"->( *( ->( X( 'a', X( 'j', 'm' ) ), X( 'g', 'h' ) ), +( X( 'b', X( 'i', 'o', 'Random activity 1' ) ), +( ->( 'd', 'k' ), X( 'e', 'n' ) ) ) ), +( 'c', *tau* ) )"
log_44_1692952384.xes.gz,drift_2,change_info_1,activities_deleted,"[f, l]"
log_44_1692952384.xes.gz,drift_2,change_info_1,activities_added,[Random activity 1]
log_44_1692952384.xes.gz,drift_2,change_info_1,activities_moved,[]
log_44_1692952384.xes.gz,drift_2,change_info_1,change_start,2027-05-19 21:31:04.042973
log_44_1692952384.xes.gz,drift_2,change_info_1,change_end,2027-05-19 21:31:04.042973
log_44_1692952384.xes.gz,drift_3,log_id,1,log_44_1692952384.xes.gz
log_44_1692952384.xes.gz,drift_3,drift_id,1,3
log_44_1692952384.xes.gz,drift_3,process_perspective,1,control-flow
log_44_1692952384.xes.gz,drift_3,process_complexity,1,complex
log_44_1692952384.xes.gz,drift_3,drift_type,1,recurring
log_44_1692952384.xes.gz,drift_3,process_trees_1,0,"->( *( ->( X( 'a', X( 'j', 'm' ) ), X( 'g', 'h' ) ), +( X( 'b', X( 'i', 'o' ) ), +( ->( 'd', 'k' ), X( 'e', 'n' ) ) ) ), +( 'c', X( 'f', 'l' ) ) )"
log_44_1692952384.xes.gz,drift_3,process_trees_2,1,"->( *( ->( X( 'a', X( 'j', 'm' ) ), X( 'g', 'h' ) ), +( ->( 'Random activity 1', X( 'b', X( 'i', 'o' ) ) ), +( ->( 'd', 'k' ), X( 'e', 'n' ) ) ) ), +( 'c', X( 'f', 'l' ) ) )"
log_44_1692952384.xes.gz,drift_3,process_trees_3,2,"->( *( ->( X( 'a', X( 'j', 'm' ) ), X( 'g', 'h' ) ), +( X( 'b', X( 'i', 'o' ) ), +( ->( 'd', 'k' ), X( 'e', 'n' ) ) ) ), +( 'c', X( 'f', 'l' ) ) )"
log_44_1692952384.xes.gz,drift_3,process_trees_4,3,"->( *( ->( X( 'a', X( 'j', 'm' ) ), X( 'g', 'h' ) ), +( ->( 'Random activity 1', X( 'b', X( 'i', 'o' ) ) ), +( ->( 'd', 'k' ), X( 'e', 'n' ) ) ) ), +( 'c', X( 'f', 'l' ) ) )"
log_44_1692952384.xes.gz,drift_3,change_info_1,change_type,gradual
log_44_1692952384.xes.gz,drift_3,change_info_1,change_trace_index,"[6979, 7946]"
log_44_1692952384.xes.gz,drift_3,change_info_1,process_tree_before,"->( *( ->( X( 'a', X( 'j', 'm' ) ), X( 'g', 'h' ) ), +( X( 'b', X( 'i', 'o' ) ), +( ->( 'd', 'k' ), X( 'e', 'n' ) ) ) ), +( 'c', X( 'f', 'l' ) ) )"
log_44_1692952384.xes.gz,drift_3,change_info_1,process_tree_after,"->( *( ->( X( 'a', X( 'j', 'm' ) ), X( 'g', 'h' ) ), +( ->( 'Random activity 1', X( 'b', X( 'i', 'o' ) ) ), +( ->( 'd', 'k' ), X( 'e', 'n' ) ) ) ), +( 'c', X( 'f', 'l' ) ) )"
log_44_1692952384.xes.gz,drift_3,change_info_1,activities_deleted,[]
log_44_1692952384.xes.gz,drift_3,change_info_1,activities_added,[Random activity 1]
log_44_1692952384.xes.gz,drift_3,change_info_1,activities_moved,"[b, i, o]"
log_44_1692952384.xes.gz,drift_3,change_info_1,change_start,2028-08-30 10:37:57.874078
log_44_1692952384.xes.gz,drift_3,change_info_1,change_end,2029-11-28 22:32:47.657033
log_44_1692952384.xes.gz,drift_3,change_info_2,change_type,sudden
log_44_1692952384.xes.gz,drift_3,change_info_2,change_trace_index,[9293]
log_44_1692952384.xes.gz,drift_3,change_info_2,process_tree_before,"->( *( ->( X( 'a', X( 'j', 'm' ) ), X( 'g', 'h' ) ), +( ->( 'Random activity 1', X( 'b', X( 'i', 'o' ) ) ), +( ->( 'd', 'k' ), X( 'e', 'n' ) ) ) ), +( 'c', X( 'f', 'l' ) ) )"
log_44_1692952384.xes.gz,drift_3,change_info_2,process_tree_after,"->( *( ->( X( 'a', X( 'j', 'm' ) ), X( 'g', 'h' ) ), +( X( 'b', X( 'i', 'o' ) ), +( ->( 'd', 'k' ), X( 'e', 'n' ) ) ) ), +( 'c', X( 'f', 'l' ) ) )"
log_44_1692952384.xes.gz,drift_3,change_info_2,activities_deleted,[Random activity 1]
log_44_1692952384.xes.gz,drift_3,change_info_2,activities_added,[]
log_44_1692952384.xes.gz,drift_3,change_info_2,activities_moved,"[b, i, o]"
log_44_1692952384.xes.gz,drift_3,change_info_2,change_start,2031-08-14 12:41:55.859475
log_44_1692952384.xes.gz,drift_3,change_info_2,change_end,2031-08-14 12:41:55.859475
log_44_1692952384.xes.gz,drift_3,change_info_3,change_type,sudden
log_44_1692952384.xes.gz,drift_3,change_info_3,change_trace_index,[10347]
log_44_1692952384.xes.gz,drift_3,change_info_3,process_tree_before,"->( *( ->( X( 'a', X( 'j', 'm' ) ), X( 'g', 'h' ) ), +( X( 'b', X( 'i', 'o' ) ), +( ->( 'd', 'k' ), X( 'e', 'n' ) ) ) ), +( 'c', X( 'f', 'l' ) ) )"
log_44_1692952384.xes.gz,drift_3,change_info_3,process_tree_after,"->( *( ->( X( 'a', X( 'j', 'm' ) ), X( 'g', 'h' ) ), +( ->( 'Random activity 1', X( 'b', X( 'i', 'o' ) ) ), +( ->( 'd', 'k' ), X( 'e', 'n' ) ) ) ), +( 'c', X( 'f', 'l' ) ) )"
log_44_1692952384.xes.gz,drift_3,change_info_3,activities_deleted,[]
log_44_1692952384.xes.gz,drift_3,change_info_3,activities_added,[Random activity 1]
log_44_1692952384.xes.gz,drift_3,change_info_3,activities_moved,"[b, i, o]"
log_44_1692952384.xes.gz,drift_3,change_info_3,change_start,2032-12-02 04:55:21.001821
log_44_1692952384.xes.gz,drift_3,change_info_3,change_end,2032-12-02 04:55:21.001821
log_45_1692952392.xes.gz,drift_1,log_id,1,log_45_1692952392.xes.gz
log_45_1692952392.xes.gz,drift_1,drift_id,1,1
log_45_1692952392.xes.gz,drift_1,process_perspective,1,control-flow
log_45_1692952392.xes.gz,drift_1,process_complexity,1,complex
log_45_1692952392.xes.gz,drift_1,drift_type,1,recurring
log_45_1692952392.xes.gz,drift_1,process_trees_1,0,"+( ->( +( X( 'a', 'f' ), X( X( 'd', 'l' ), ->( *( 'e', 'g' ), 'h' ) ) ), ->( ->( 'c', ->( 'm', 'n' ) ), 'k' ) ), ->( *( 'b', 'i' ), 'j' ) )"
log_45_1692952392.xes.gz,drift_1,process_trees_2,1,"+( ->( +( X( 'Random activity 1', 'f' ), X( X( 'd', 'l' ), ->( *( 'e', 'g' ), 'h' ) ) ), ->( ->( 'c', ->( 'm', 'n' ) ), 'k' ) ), ->( *( 'b', 'i' ), 'j' ) )"
log_45_1692952392.xes.gz,drift_1,process_trees_3,2,"+( ->( +( X( 'a', 'f' ), X( X( 'd', 'l' ), ->( *( 'e', 'g' ), 'h' ) ) ), ->( ->( 'c', ->( 'm', 'n' ) ), 'k' ) ), ->( *( 'b', 'i' ), 'j' ) )"
log_45_1692952392.xes.gz,drift_1,process_trees_4,3,"+( ->( +( X( 'Random activity 1', 'f' ), X( X( 'd', 'l' ), ->( *( 'e', 'g' ), 'h' ) ) ), ->( ->( 'c', ->( 'm', 'n' ) ), 'k' ) ), ->( *( 'b', 'i' ), 'j' ) )"
log_45_1692952392.xes.gz,drift_1,change_info_1,change_type,sudden
log_45_1692952392.xes.gz,drift_1,change_info_1,change_trace_index,[1127]
log_45_1692952392.xes.gz,drift_1,change_info_1,process_tree_before,"+( ->( +( X( 'a', 'f' ), X( X( 'd', 'l' ), ->( *( 'e', 'g' ), 'h' ) ) ), ->( ->( 'c', ->( 'm', 'n' ) ), 'k' ) ), ->( *( 'b', 'i' ), 'j' ) )"
log_45_1692952392.xes.gz,drift_1,change_info_1,process_tree_after,"+( ->( +( X( 'Random activity 1', 'f' ), X( X( 'd', 'l' ), ->( *( 'e', 'g' ), 'h' ) ) ), ->( ->( 'c', ->( 'm', 'n' ) ), 'k' ) ), ->( *( 'b', 'i' ), 'j' ) )"
log_45_1692952392.xes.gz,drift_1,change_info_1,activities_deleted,[a]
log_45_1692952392.xes.gz,drift_1,change_info_1,activities_added,[Random activity 1]
log_45_1692952392.xes.gz,drift_1,change_info_1,activities_moved,[]
log_45_1692952392.xes.gz,drift_1,change_info_1,change_start,2021-06-02 18:58:48.282808
log_45_1692952392.xes.gz,drift_1,change_info_1,change_end,2021-06-02 18:58:48.282808
log_45_1692952392.xes.gz,drift_1,change_info_2,change_type,gradual
log_45_1692952392.xes.gz,drift_1,change_info_2,change_trace_index,"[2438, 2995]"
log_45_1692952392.xes.gz,drift_1,change_info_2,process_tree_before,"+( ->( +( X( 'Random activity 1', 'f' ), X( X( 'd', 'l' ), ->( *( 'e', 'g' ), 'h' ) ) ), ->( ->( 'c', ->( 'm', 'n' ) ), 'k' ) ), ->( *( 'b', 'i' ), 'j' ) )"
log_45_1692952392.xes.gz,drift_1,change_info_2,process_tree_after,"+( ->( +( X( 'a', 'f' ), X( X( 'd', 'l' ), ->( *( 'e', 'g' ), 'h' ) ) ), ->( ->( 'c', ->( 'm', 'n' ) ), 'k' ) ), ->( *( 'b', 'i' ), 'j' ) )"
log_45_1692952392.xes.gz,drift_1,change_info_2,activities_deleted,[Random activity 1]
log_45_1692952392.xes.gz,drift_1,change_info_2,activities_added,[a]
log_45_1692952392.xes.gz,drift_1,change_info_2,activities_moved,[]
log_45_1692952392.xes.gz,drift_1,change_info_2,change_start,2023-02-09 14:31:46.832670
log_45_1692952392.xes.gz,drift_1,change_info_2,change_end,2023-10-04 05:17:19.264246
log_45_1692952392.xes.gz,drift_1,change_info_3,change_type,sudden
log_45_1692952392.xes.gz,drift_1,change_info_3,change_trace_index,[4480]
log_45_1692952392.xes.gz,drift_1,change_info_3,process_tree_before,"+( ->( +( X( 'a', 'f' ), X( X( 'd', 'l' ), ->( *( 'e', 'g' ), 'h' ) ) ), ->( ->( 'c', ->( 'm', 'n' ) ), 'k' ) ), ->( *( 'b', 'i' ), 'j' ) )"
log_45_1692952392.xes.gz,drift_1,change_info_3,process_tree_after,"+( ->( +( X( 'Random activity 1', 'f' ), X( X( 'd', 'l' ), ->( *( 'e', 'g' ), 'h' ) ) ), ->( ->( 'c', ->( 'm', 'n' ) ), 'k' ) ), ->( *( 'b', 'i' ), 'j' ) )"
log_45_1692952392.xes.gz,drift_1,change_info_3,activities_deleted,[a]
log_45_1692952392.xes.gz,drift_1,change_info_3,activities_added,[Random activity 1]
log_45_1692952392.xes.gz,drift_1,change_info_3,activities_moved,[]
log_45_1692952392.xes.gz,drift_1,change_info_3,change_start,2025-07-27 11:13:39.433045
log_45_1692952392.xes.gz,drift_1,change_info_3,change_end,2025-07-27 11:13:39.433045
log_46_1692952395.xes.gz,drift_1,log_id,1,log_46_1692952395.xes.gz
log_46_1692952395.xes.gz,drift_1,drift_id,1,1
log_46_1692952395.xes.gz,drift_1,process_perspective,1,control-flow
log_46_1692952395.xes.gz,drift_1,process_complexity,1,simple
log_46_1692952395.xes.gz,drift_1,drift_type,1,incremental
log_46_1692952395.xes.gz,drift_1,process_trees_1,0,"->( ->( ->( 'a', ->( 'd', 'f' ) ), ->( 'c', 'e' ) ), 'b' )"
log_46_1692952395.xes.gz,drift_1,process_trees_2,1,"->( ->( ->( 'a', ->( 'd', 'f' ), 'Random activity 1' ), ->( 'c', 'e' ) ), 'b' )"
log_46_1692952395.xes.gz,drift_1,process_trees_3,2,"->( ->( ->( *tau*, ->( 'd', 'f' ), 'Random activity 1' ), ->( 'c', 'e' ) ), 'b' )"
log_46_1692952395.xes.gz,drift_1,process_trees_4,3,"->( ->( ->( *tau*, ->( 'd', 'f' ), 'Random activity 1' ), ->( 'c', 'e' ) ), 'b', 'Random activity 2' )"
log_46_1692952395.xes.gz,drift_1,change_info_1,change_type,sudden
log_46_1692952395.xes.gz,drift_1,change_info_1,change_trace_index,[1416]
log_46_1692952395.xes.gz,drift_1,change_info_1,process_tree_before,"->( ->( ->( 'a', ->( 'd', 'f' ) ), ->( 'c', 'e' ) ), 'b' )"
log_46_1692952395.xes.gz,drift_1,change_info_1,process_tree_after,"->( ->( ->( 'a', ->( 'd', 'f' ), 'Random activity 1' ), ->( 'c', 'e' ) ), 'b' )"
log_46_1692952395.xes.gz,drift_1,change_info_1,activities_deleted,[]
log_46_1692952395.xes.gz,drift_1,change_info_1,activities_added,[Random activity 1]
log_46_1692952395.xes.gz,drift_1,change_info_1,activities_moved,[]
log_46_1692952395.xes.gz,drift_1,change_info_1,change_start,2021-10-07 19:13:27.983631
log_46_1692952395.xes.gz,drift_1,change_info_1,change_end,2021-10-07 19:13:27.983631
log_46_1692952395.xes.gz,drift_1,change_info_2,change_type,sudden
log_46_1692952395.xes.gz,drift_1,change_info_2,change_trace_index,[2620]
log_46_1692952395.xes.gz,drift_1,change_info_2,process_tree_before,"->( ->( ->( 'a', ->( 'd', 'f' ), 'Random activity 1' ), ->( 'c', 'e' ) ), 'b' )"
log_46_1692952395.xes.gz,drift_1,change_info_2,process_tree_after,"->( ->( ->( *tau*, ->( 'd', 'f' ), 'Random activity 1' ), ->( 'c', 'e' ) ), 'b' )"
log_46_1692952395.xes.gz,drift_1,change_info_2,activities_deleted,[a]
log_46_1692952395.xes.gz,drift_1,change_info_2,activities_added,[]
log_46_1692952395.xes.gz,drift_1,change_info_2,activities_moved,[]
log_46_1692952395.xes.gz,drift_1,change_info_2,change_start,2023-04-08 22:49:45.443521
log_46_1692952395.xes.gz,drift_1,change_info_2,change_end,2023-04-08 22:49:45.443521
log_46_1692952395.xes.gz,drift_1,change_info_3,change_type,sudden
log_46_1692952395.xes.gz,drift_1,change_info_3,change_trace_index,[3913]
log_46_1692952395.xes.gz,drift_1,change_info_3,process_tree_before,"->( ->( ->( *tau*, ->( 'd', 'f' ), 'Random activity 1' ), ->( 'c', 'e' ) ), 'b' )"
log_46_1692952395.xes.gz,drift_1,change_info_3,process_tree_after,"->( ->( ->( *tau*, ->( 'd', 'f' ), 'Random activity 1' ), ->( 'c', 'e' ) ), 'b', 'Random activity 2' )"
log_46_1692952395.xes.gz,drift_1,change_info_3,activities_deleted,[]
log_46_1692952395.xes.gz,drift_1,change_info_3,activities_added,[Random activity 2]
log_46_1692952395.xes.gz,drift_1,change_info_3,activities_moved,[]
log_46_1692952395.xes.gz,drift_1,change_info_3,change_start,2024-11-30 06:09:48.199345
log_46_1692952395.xes.gz,drift_1,change_info_3,change_end,2024-11-30 06:09:48.199345
log_47_1692952397.xes.gz,drift_1,log_id,1,log_47_1692952397.xes.gz
log_47_1692952397.xes.gz,drift_1,drift_id,1,1
log_47_1692952397.xes.gz,drift_1,process_perspective,1,control-flow
log_47_1692952397.xes.gz,drift_1,process_complexity,1,middle
log_47_1692952397.xes.gz,drift_1,drift_type,1,gradual
log_47_1692952397.xes.gz,drift_1,process_trees_1,0,"->( 'a', ->( *( +( 'b', 'k' ), X( ->( 'c', 'h' ), ->( *( 'e', ->( *( 'f', 'i' ), 'j' ) ), ->( 'g', 'l' ) ) ) ), 'd' ) )"
log_47_1692952397.xes.gz,drift_1,process_trees_2,1,"->( 'a', ->( *( ->( 'Random activity 1', +( 'b', 'k' ) ), X( ->( 'c', 'h' ), ->( *( 'e', ->( *( 'f', 'i' ), 'j' ) ), *( 'g', 'l' ) ) ) ), 'd' ) )"
log_47_1692952397.xes.gz,drift_1,change_info_1,change_type,gradual
log_47_1692952397.xes.gz,drift_1,change_info_1,change_trace_index,"[1447, 2257]"
log_47_1692952397.xes.gz,drift_1,change_info_1,process_tree_before,"->( 'a', ->( *( +( 'b', 'k' ), X( ->( 'c', 'h' ), ->( *( 'e', ->( *( 'f', 'i' ), 'j' ) ), ->( 'g', 'l' ) ) ) ), 'd' ) )"
log_47_1692952397.xes.gz,drift_1,change_info_1,process_tree_after,"->( 'a', ->( *( ->( 'Random activity 1', +( 'b', 'k' ) ), X( ->( 'c', 'h' ), ->( *( 'e', ->( *( 'f', 'i' ), 'j' ) ), *( 'g', 'l' ) ) ) ), 'd' ) )"
log_47_1692952397.xes.gz,drift_1,change_info_1,activities_deleted,[]
log_47_1692952397.xes.gz,drift_1,change_info_1,activities_added,[Random activity 1]
log_47_1692952397.xes.gz,drift_1,change_info_1,activities_moved,"[g, l, b, k]"
log_47_1692952397.xes.gz,drift_1,change_info_1,change_start,2021-10-28 17:29:11.719873
log_47_1692952397.xes.gz,drift_1,change_info_1,change_end,2022-11-01 04:30:13.008135
log_48_1692952401.xes.gz,drift_1,log_id,1,log_48_1692952401.xes.gz
log_48_1692952401.xes.gz,drift_1,drift_id,1,1
log_48_1692952401.xes.gz,drift_1,process_perspective,1,control-flow
log_48_1692952401.xes.gz,drift_1,process_complexity,1,simple
log_48_1692952401.xes.gz,drift_1,drift_type,1,incremental
log_48_1692952401.xes.gz,drift_1,process_trees_1,0,"+( ->( 'a', ->( *( 'c', 'e' ), 'f' ) ), ->( 'b', X( 'd', 'g' ) ) )"
log_48_1692952401.xes.gz,drift_1,process_trees_2,1,"+( ->( 'a', ->( *( 'c', 'e' ), 'f' ) ), ->( 'b', X( 'd', *tau* ) ) )"
log_48_1692952401.xes.gz,drift_1,process_trees_3,2,"+( ->( 'a', ->( *( 'c', 'e' ), 'f' ) ), ->( 'b', X( 'd', *tau* ), 'Random activity 1' ) )"
log_48_1692952401.xes.gz,drift_1,process_trees_4,3,"+( ->( *tau*, ->( *( 'c', 'e' ), 'f' ) ), ->( 'b', X( 'd', *tau* ), 'Random activity 1' ) )"
log_48_1692952401.xes.gz,drift_1,change_info_1,change_type,sudden
log_48_1692952401.xes.gz,drift_1,change_info_1,change_trace_index,[1100]
log_48_1692952401.xes.gz,drift_1,change_info_1,process_tree_before,"+( ->( 'a', ->( *( 'c', 'e' ), 'f' ) ), ->( 'b', X( 'd', 'g' ) ) )"
log_48_1692952401.xes.gz,drift_1,change_info_1,process_tree_after,"+( ->( 'a', ->( *( 'c', 'e' ), 'f' ) ), ->( 'b', X( 'd', *tau* ) ) )"
log_48_1692952401.xes.gz,drift_1,change_info_1,activities_deleted,[g]
log_48_1692952401.xes.gz,drift_1,change_info_1,activities_added,[]
log_48_1692952401.xes.gz,drift_1,change_info_1,activities_moved,[]
log_48_1692952401.xes.gz,drift_1,change_info_1,change_start,2021-05-13 03:26:48.712829
log_48_1692952401.xes.gz,drift_1,change_info_1,change_end,2021-05-13 03:26:48.712829
log_48_1692952401.xes.gz,drift_1,change_info_2,change_type,gradual
log_48_1692952401.xes.gz,drift_1,change_info_2,change_trace_index,"[2192, 3088]"
log_48_1692952401.xes.gz,drift_1,change_info_2,process_tree_before,"+( ->( 'a', ->( *( 'c', 'e' ), 'f' ) ), ->( 'b', X( 'd', *tau* ) ) )"
log_48_1692952401.xes.gz,drift_1,change_info_2,process_tree_after,"+( ->( 'a', ->( *( 'c', 'e' ), 'f' ) ), ->( 'b', X( 'd', *tau* ), 'Random activity 1' ) )"
log_48_1692952401.xes.gz,drift_1,change_info_2,activities_deleted,[]
log_48_1692952401.xes.gz,drift_1,change_info_2,activities_added,[Random activity 1]
log_48_1692952401.xes.gz,drift_1,change_info_2,activities_moved,[]
log_48_1692952401.xes.gz,drift_1,change_info_2,change_start,2022-09-13 21:22:02.876223
log_48_1692952401.xes.gz,drift_1,change_info_2,change_end,2023-11-11 00:27:46.364705
log_48_1692952401.xes.gz,drift_1,change_info_3,change_type,sudden
log_48_1692952401.xes.gz,drift_1,change_info_3,change_trace_index,[4584]
log_48_1692952401.xes.gz,drift_1,change_info_3,process_tree_before,"+( ->( 'a', ->( *( 'c', 'e' ), 'f' ) ), ->( 'b', X( 'd', *tau* ), 'Random activity 1' ) )"
log_48_1692952401.xes.gz,drift_1,change_info_3,process_tree_after,"+( ->( *tau*, ->( *( 'c', 'e' ), 'f' ) ), ->( 'b', X( 'd', *tau* ), 'Random activity 1' ) )"
log_48_1692952401.xes.gz,drift_1,change_info_3,activities_deleted,[a]
log_48_1692952401.xes.gz,drift_1,change_info_3,activities_added,[]
log_48_1692952401.xes.gz,drift_1,change_info_3,activities_moved,[]
log_48_1692952401.xes.gz,drift_1,change_info_3,change_start,2025-10-11 13:07:56.289821
log_48_1692952401.xes.gz,drift_1,change_info_3,change_end,2025-10-11 13:07:56.289821
log_49_1692952403.xes.gz,drift_1,log_id,1,log_49_1692952403.xes.gz
log_49_1692952403.xes.gz,drift_1,drift_id,1,1
log_49_1692952403.xes.gz,drift_1,process_perspective,1,control-flow
log_49_1692952403.xes.gz,drift_1,process_complexity,1,simple
log_49_1692952403.xes.gz,drift_1,drift_type,1,recurring
log_49_1692952403.xes.gz,drift_1,process_trees_1,0,"->( ->( ->( 'a', 'e' ), ->( 'c', +( 'd', 'f' ) ) ), 'b' )"
log_49_1692952403.xes.gz,drift_1,process_trees_2,1,"->( ->( ->( 'a', 'e', 'Random activity 1' ), ->( 'c', +( *tau*, 'f' ) ) ), 'b' )"
log_49_1692952403.xes.gz,drift_1,process_trees_3,2,"->( ->( ->( 'a', 'e' ), ->( 'c', +( 'd', 'f' ) ) ), 'b' )"
log_49_1692952403.xes.gz,drift_1,process_trees_4,3,"->( ->( ->( 'a', 'e', 'Random activity 1' ), ->( 'c', +( *tau*, 'f' ) ) ), 'b' )"
log_49_1692952403.xes.gz,drift_1,change_info_1,change_type,gradual
log_49_1692952403.xes.gz,drift_1,change_info_1,change_trace_index,"[1207, 2115]"
log_49_1692952403.xes.gz,drift_1,change_info_1,process_tree_before,"->( ->( ->( 'a', 'e' ), ->( 'c', +( 'd', 'f' ) ) ), 'b' )"
log_49_1692952403.xes.gz,drift_1,change_info_1,process_tree_after,"->( ->( ->( 'a', 'e', 'Random activity 1' ), ->( 'c', +( *tau*, 'f' ) ) ), 'b' )"
log_49_1692952403.xes.gz,drift_1,change_info_1,activities_deleted,[d]
log_49_1692952403.xes.gz,drift_1,change_info_1,activities_added,[Random activity 1]
log_49_1692952403.xes.gz,drift_1,change_info_1,activities_moved,[]
log_49_1692952403.xes.gz,drift_1,change_info_1,change_start,2021-06-09 14:44:56.871966
log_49_1692952403.xes.gz,drift_1,change_info_1,change_end,2022-07-21 20:19:12.663359
log_49_1692952403.xes.gz,drift_1,change_info_2,change_type,gradual
log_49_1692952403.xes.gz,drift_1,change_info_2,change_trace_index,"[3260, 3826]"
log_49_1692952403.xes.gz,drift_1,change_info_2,process_tree_before,"->( ->( ->( 'a', 'e', 'Random activity 1' ), ->( 'c', +( *tau*, 'f' ) ) ), 'b' )"
log_49_1692952403.xes.gz,drift_1,change_info_2,process_tree_after,"->( ->( ->( 'a', 'e' ), ->( 'c', +( 'd', 'f' ) ) ), 'b' )"
log_49_1692952403.xes.gz,drift_1,change_info_2,activities_deleted,[Random activity 1]
log_49_1692952403.xes.gz,drift_1,change_info_2,activities_added,[d]
log_49_1692952403.xes.gz,drift_1,change_info_2,activities_moved,[]
log_49_1692952403.xes.gz,drift_1,change_info_2,change_start,2024-01-05 21:41:32.597260
log_49_1692952403.xes.gz,drift_1,change_info_2,change_end,2024-09-16 02:31:10.671165
log_49_1692952403.xes.gz,drift_1,change_info_3,change_type,gradual
log_49_1692952403.xes.gz,drift_1,change_info_3,change_trace_index,"[4852, 5704]"
log_49_1692952403.xes.gz,drift_1,change_info_3,process_tree_before,"->( ->( ->( 'a', 'e' ), ->( 'c', +( 'd', 'f' ) ) ), 'b' )"
log_49_1692952403.xes.gz,drift_1,change_info_3,process_tree_after,"->( ->( ->( 'a', 'e', 'Random activity 1' ), ->( 'c', +( *tau*, 'f' ) ) ), 'b' )"
log_49_1692952403.xes.gz,drift_1,change_info_3,activities_deleted,[d]
log_49_1692952403.xes.gz,drift_1,change_info_3,activities_added,[Random activity 1]
log_49_1692952403.xes.gz,drift_1,change_info_3,activities_moved,[]
log_49_1692952403.xes.gz,drift_1,change_info_3,change_start,2026-01-23 07:15:59.357115
log_49_1692952403.xes.gz,drift_1,change_info_3,change_end,2027-02-08 21:14:34.746185
log_49_1692952403.xes.gz,drift_2,log_id,1,log_49_1692952403.xes.gz
log_49_1692952403.xes.gz,drift_2,drift_id,1,2
log_49_1692952403.xes.gz,drift_2,process_perspective,1,control-flow
log_49_1692952403.xes.gz,drift_2,process_complexity,1,simple
log_49_1692952403.xes.gz,drift_2,drift_type,1,recurring
log_49_1692952403.xes.gz,drift_2,process_trees_1,0,"->( ->( ->( 'a', 'e' ), ->( 'c', +( 'd', 'f' ) ) ), 'b' )"
log_49_1692952403.xes.gz,drift_2,process_trees_2,1,"->( ->( ->( 'a', 'e' ), ->( 'c', +( 'd', 'f' ), 'Random activity 1' ) ), 'b' )"
log_49_1692952403.xes.gz,drift_2,process_trees_3,2,"->( ->( ->( 'a', 'e' ), ->( 'c', +( 'd', 'f' ) ) ), 'b' )"
log_49_1692952403.xes.gz,drift_2,process_trees_4,3,"->( ->( ->( 'a', 'e' ), ->( 'c', +( 'd', 'f' ), 'Random activity 1' ) ), 'b' )"
log_49_1692952403.xes.gz,drift_2,change_info_1,change_type,sudden
log_49_1692952403.xes.gz,drift_2,change_info_1,change_trace_index,[6865]
log_49_1692952403.xes.gz,drift_2,change_info_1,process_tree_before,"->( ->( ->( 'a', 'e' ), ->( 'c', +( 'd', 'f' ) ) ), 'b' )"
log_49_1692952403.xes.gz,drift_2,change_info_1,process_tree_after,"->( ->( ->( 'a', 'e' ), ->( 'c', +( 'd', 'f' ), 'Random activity 1' ) ), 'b' )"
log_49_1692952403.xes.gz,drift_2,change_info_1,activities_deleted,[]
log_49_1692952403.xes.gz,drift_2,change_info_1,activities_added,[Random activity 1]
log_49_1692952403.xes.gz,drift_2,change_info_1,activities_moved,[]
log_49_1692952403.xes.gz,drift_2,change_info_1,change_start,2028-07-16 07:26:10.225324
log_49_1692952403.xes.gz,drift_2,change_info_1,change_end,2028-07-16 07:26:10.225324
log_49_1692952403.xes.gz,drift_2,change_info_2,change_type,gradual
log_49_1692952403.xes.gz,drift_2,change_info_2,change_trace_index,"[8311, 8890]"
log_49_1692952403.xes.gz,drift_2,change_info_2,process_tree_before,"->( ->( ->( 'a', 'e' ), ->( 'c', +( 'd', 'f' ), 'Random activity 1' ) ), 'b' )"
log_49_1692952403.xes.gz,drift_2,change_info_2,process_tree_after,"->( ->( ->( 'a', 'e' ), ->( 'c', +( 'd', 'f' ) ) ), 'b' )"
log_49_1692952403.xes.gz,drift_2,change_info_2,activities_deleted,[Random activity 1]
log_49_1692952403.xes.gz,drift_2,change_info_2,activities_added,[]
log_49_1692952403.xes.gz,drift_2,change_info_2,activities_moved,[]
log_49_1692952403.xes.gz,drift_2,change_info_2,change_start,2030-06-14 19:04:14.200452
log_49_1692952403.xes.gz,drift_2,change_info_2,change_end,2031-03-07 17:08:09.821534
log_49_1692952403.xes.gz,drift_2,change_info_3,change_type,gradual
log_49_1692952403.xes.gz,drift_2,change_info_3,change_trace_index,"[10017, 10880]"
log_49_1692952403.xes.gz,drift_2,change_info_3,process_tree_before,"->( ->( ->( 'a', 'e' ), ->( 'c', +( 'd', 'f' ) ) ), 'b' )"
log_49_1692952403.xes.gz,drift_2,change_info_3,process_tree_after,"->( ->( ->( 'a', 'e' ), ->( 'c', +( 'd', 'f' ), 'Random activity 1' ) ), 'b' )"
log_49_1692952403.xes.gz,drift_2,change_info_3,activities_deleted,[]
log_49_1692952403.xes.gz,drift_2,change_info_3,activities_added,[Random activity 1]
log_49_1692952403.xes.gz,drift_2,change_info_3,activities_moved,[]
log_49_1692952403.xes.gz,drift_2,change_info_3,change_start,2032-08-23 11:11:41.659441
log_49_1692952403.xes.gz,drift_2,change_info_3,change_end,2033-09-18 15:46:06.379151
log_50_1692952409.xes.gz,drift_1,log_id,1,log_50_1692952409.xes.gz
log_50_1692952409.xes.gz,drift_1,drift_id,1,1
log_50_1692952409.xes.gz,drift_1,process_perspective,1,control-flow
log_50_1692952409.xes.gz,drift_1,process_complexity,1,simple
log_50_1692952409.xes.gz,drift_1,drift_type,1,recurring
log_50_1692952409.xes.gz,drift_1,process_trees_1,0,"->( +( +( 'a', ->( 'd', 'e' ) ), ->( 'c', 'f' ) ), 'b' )"
log_50_1692952409.xes.gz,drift_1,process_trees_2,1,"->( +( +( 'a', ->( 'd', 'e' ), 'Random activity 1' ), ->( 'c', 'f' ) ), 'b' )"
log_50_1692952409.xes.gz,drift_1,process_trees_3,2,"->( +( +( 'a', ->( 'd', 'e' ) ), ->( 'c', 'f' ) ), 'b' )"
log_50_1692952409.xes.gz,drift_1,process_trees_4,3,"->( +( +( 'a', ->( 'd', 'e' ), 'Random activity 1' ), ->( 'c', 'f' ) ), 'b' )"
log_50_1692952409.xes.gz,drift_1,change_info_1,change_type,sudden
log_50_1692952409.xes.gz,drift_1,change_info_1,change_trace_index,[1116]
log_50_1692952409.xes.gz,drift_1,change_info_1,process_tree_before,"->( +( +( 'a', ->( 'd', 'e' ) ), ->( 'c', 'f' ) ), 'b' )"
log_50_1692952409.xes.gz,drift_1,change_info_1,process_tree_after,"->( +( +( 'a', ->( 'd', 'e' ), 'Random activity 1' ), ->( 'c', 'f' ) ), 'b' )"
log_50_1692952409.xes.gz,drift_1,change_info_1,activities_deleted,[]
log_50_1692952409.xes.gz,drift_1,change_info_1,activities_added,[Random activity 1]
log_50_1692952409.xes.gz,drift_1,change_info_1,activities_moved,[]
log_50_1692952409.xes.gz,drift_1,change_info_1,change_start,2021-06-12 21:44:35.145871
log_50_1692952409.xes.gz,drift_1,change_info_1,change_end,2021-06-12 21:44:35.145871
log_50_1692952409.xes.gz,drift_1,change_info_2,change_type,sudden
log_50_1692952409.xes.gz,drift_1,change_info_2,change_trace_index,[2317]
log_50_1692952409.xes.gz,drift_1,change_info_2,process_tree_before,"->( +( +( 'a', ->( 'd', 'e' ), 'Random activity 1' ), ->( 'c', 'f' ) ), 'b' )"
log_50_1692952409.xes.gz,drift_1,change_info_2,process_tree_after,"->( +( +( 'a', ->( 'd', 'e' ) ), ->( 'c', 'f' ) ), 'b' )"
log_50_1692952409.xes.gz,drift_1,change_info_2,activities_deleted,[Random activity 1]
log_50_1692952409.xes.gz,drift_1,change_info_2,activities_added,[]
log_50_1692952409.xes.gz,drift_1,change_info_2,activities_moved,[]
log_50_1692952409.xes.gz,drift_1,change_info_2,change_start,2023-01-21 22:27:54.954434
log_50_1692952409.xes.gz,drift_1,change_info_2,change_end,2023-01-21 22:27:54.954434
log_50_1692952409.xes.gz,drift_1,change_info_3,change_type,sudden
log_50_1692952409.xes.gz,drift_1,change_info_3,change_trace_index,[3370]
log_50_1692952409.xes.gz,drift_1,change_info_3,process_tree_before,"->( +( +( 'a', ->( 'd', 'e' ) ), ->( 'c', 'f' ) ), 'b' )"
log_50_1692952409.xes.gz,drift_1,change_info_3,process_tree_after,"->( +( +( 'a', ->( 'd', 'e' ), 'Random activity 1' ), ->( 'c', 'f' ) ), 'b' )"
log_50_1692952409.xes.gz,drift_1,change_info_3,activities_deleted,[]
log_50_1692952409.xes.gz,drift_1,change_info_3,activities_added,[Random activity 1]
log_50_1692952409.xes.gz,drift_1,change_info_3,activities_moved,[]
log_50_1692952409.xes.gz,drift_1,change_info_3,change_start,2024-05-24 13:09:15.997738
log_50_1692952409.xes.gz,drift_1,change_info_3,change_end,2024-05-24 13:09:15.997738
log_50_1692952409.xes.gz,drift_2,log_id,1,log_50_1692952409.xes.gz
log_50_1692952409.xes.gz,drift_2,drift_id,1,2
log_50_1692952409.xes.gz,drift_2,process_perspective,1,control-flow
log_50_1692952409.xes.gz,drift_2,process_complexity,1,simple
log_50_1692952409.xes.gz,drift_2,drift_type,1,incremental
log_50_1692952409.xes.gz,drift_2,process_trees_1,0,"->( +( +( 'a', ->( 'd', 'e' ) ), ->( 'c', 'f' ) ), 'b' )"
log_50_1692952409.xes.gz,drift_2,process_trees_2,1,"->( +( +( 'a', ->( 'd', 'e' ) ), ->( 'c', 'f', 'Random activity 1' ) ), 'b' )"
log_50_1692952409.xes.gz,drift_2,process_trees_3,2,"->( +( +( 'a', ->( 'd', 'e' ) ), ->( 'c', 'f', 'Random activity 1' ) ), *tau* )"
log_50_1692952409.xes.gz,drift_2,process_trees_4,3,"->( +( +( 'a', ->( 'd', 'e' ) ), ->( *tau*, 'f', 'Random activity 1' ) ), *tau* )"
log_50_1692952409.xes.gz,drift_2,change_info_1,change_type,gradual
log_50_1692952409.xes.gz,drift_2,change_info_1,change_trace_index,"[4443, 5099]"
log_50_1692952409.xes.gz,drift_2,change_info_1,process_tree_before,"->( +( +( 'a', ->( 'd', 'e' ) ), ->( 'c', 'f' ) ), 'b' )"
log_50_1692952409.xes.gz,drift_2,change_info_1,process_tree_after,"->( +( +( 'a', ->( 'd', 'e' ) ), ->( 'c', 'f', 'Random activity 1' ) ), 'b' )"
log_50_1692952409.xes.gz,drift_2,change_info_1,activities_deleted,[]
log_50_1692952409.xes.gz,drift_2,change_info_1,activities_added,[Random activity 1]
log_50_1692952409.xes.gz,drift_2,change_info_1,activities_moved,[]
log_50_1692952409.xes.gz,drift_2,change_info_1,change_start,2025-09-11 20:45:23.739097
log_50_1692952409.xes.gz,drift_2,change_info_1,change_end,2026-07-18 02:44:10.450440
log_50_1692952409.xes.gz,drift_2,change_info_2,change_type,sudden
log_50_1692952409.xes.gz,drift_2,change_info_2,change_trace_index,[6419]
log_50_1692952409.xes.gz,drift_2,change_info_2,process_tree_before,"->( +( +( 'a', ->( 'd', 'e' ) ), ->( 'c', 'f', 'Random activity 1' ) ), 'b' )"
log_50_1692952409.xes.gz,drift_2,change_info_2,process_tree_after,"->( +( +( 'a', ->( 'd', 'e' ) ), ->( 'c', 'f', 'Random activity 1' ) ), *tau* )"
log_50_1692952409.xes.gz,drift_2,change_info_2,activities_deleted,[b]
log_50_1692952409.xes.gz,drift_2,change_info_2,activities_added,[]
log_50_1692952409.xes.gz,drift_2,change_info_2,activities_moved,[]
log_50_1692952409.xes.gz,drift_2,change_info_2,change_start,2028-02-23 06:41:21.978072
log_50_1692952409.xes.gz,drift_2,change_info_2,change_end,2028-02-23 06:41:21.978072
log_50_1692952409.xes.gz,drift_2,change_info_3,change_type,sudden
log_50_1692952409.xes.gz,drift_2,change_info_3,change_trace_index,[7919]
log_50_1692952409.xes.gz,drift_2,change_info_3,process_tree_before,"->( +( +( 'a', ->( 'd', 'e' ) ), ->( 'c', 'f', 'Random activity 1' ) ), *tau* )"
log_50_1692952409.xes.gz,drift_2,change_info_3,process_tree_after,"->( +( +( 'a', ->( 'd', 'e' ) ), ->( *tau*, 'f', 'Random activity 1' ) ), *tau* )"
log_50_1692952409.xes.gz,drift_2,change_info_3,activities_deleted,[c]
log_50_1692952409.xes.gz,drift_2,change_info_3,activities_added,[]
log_50_1692952409.xes.gz,drift_2,change_info_3,activities_moved,[]
log_50_1692952409.xes.gz,drift_2,change_info_3,change_start,2030-02-07 11:26:32.840501
log_50_1692952409.xes.gz,drift_2,change_info_3,change_end,2030-02-07 11:26:32.840501
log_51_1692952412.xes.gz,drift_1,log_id,1,log_51_1692952412.xes.gz
log_51_1692952412.xes.gz,drift_1,drift_id,1,1
log_51_1692952412.xes.gz,drift_1,process_perspective,1,control-flow
log_51_1692952412.xes.gz,drift_1,process_complexity,1,middle
log_51_1692952412.xes.gz,drift_1,drift_type,1,recurring
log_51_1692952412.xes.gz,drift_1,process_trees_1,0,"->( +( +( 'a', 'h' ), X( ->( ->( *( 'c', 'f' ), X( 'g', 'k' ) ), 'e' ), 'd' ) ), ->( *( 'b', ->( 'i', 'l' ) ), 'j' ) )"
log_51_1692952412.xes.gz,drift_1,process_trees_2,1,"->( +( +( 'a', 'h' ), X( ->( ->( *( 'c', 'f' ), X( 'g', 'k' ) ), 'e' ), 'd' ) ), ->( *( 'b', ->( 'i', 'Random activity 1' ) ), 'j' ) )"
log_51_1692952412.xes.gz,drift_1,process_trees_3,2,"->( +( +( 'a', 'h' ), X( ->( ->( *( 'c', 'f' ), X( 'g', 'k' ) ), 'e' ), 'd' ) ), ->( *( 'b', ->( 'i', 'l' ) ), 'j' ) )"
log_51_1692952412.xes.gz,drift_1,process_trees_4,3,"->( +( +( 'a', 'h' ), X( ->( ->( *( 'c', 'f' ), X( 'g', 'k' ) ), 'e' ), 'd' ) ), ->( *( 'b', ->( 'i', 'Random activity 1' ) ), 'j' ) )"
log_51_1692952412.xes.gz,drift_1,change_info_1,change_type,sudden
log_51_1692952412.xes.gz,drift_1,change_info_1,change_trace_index,[1211]
log_51_1692952412.xes.gz,drift_1,change_info_1,process_tree_before,"->( +( +( 'a', 'h' ), X( ->( ->( *( 'c', 'f' ), X( 'g', 'k' ) ), 'e' ), 'd' ) ), ->( *( 'b', ->( 'i', 'l' ) ), 'j' ) )"
log_51_1692952412.xes.gz,drift_1,change_info_1,process_tree_after,"->( +( +( 'a', 'h' ), X( ->( ->( *( 'c', 'f' ), X( 'g', 'k' ) ), 'e' ), 'd' ) ), ->( *( 'b', ->( 'i', 'Random activity 1' ) ), 'j' ) )"
log_51_1692952412.xes.gz,drift_1,change_info_1,activities_deleted,[l]
log_51_1692952412.xes.gz,drift_1,change_info_1,activities_added,[Random activity 1]
log_51_1692952412.xes.gz,drift_1,change_info_1,activities_moved,[]
log_51_1692952412.xes.gz,drift_1,change_info_1,change_start,2021-07-06 19:39:18.607744
log_51_1692952412.xes.gz,drift_1,change_info_1,change_end,2021-07-06 19:39:18.607744
log_51_1692952412.xes.gz,drift_1,change_info_2,change_type,gradual
log_51_1692952412.xes.gz,drift_1,change_info_2,change_trace_index,"[2415, 3134]"
log_51_1692952412.xes.gz,drift_1,change_info_2,process_tree_before,"->( +( +( 'a', 'h' ), X( ->( ->( *( 'c', 'f' ), X( 'g', 'k' ) ), 'e' ), 'd' ) ), ->( *( 'b', ->( 'i', 'Random activity 1' ) ), 'j' ) )"
log_51_1692952412.xes.gz,drift_1,change_info_2,process_tree_after,"->( +( +( 'a', 'h' ), X( ->( ->( *( 'c', 'f' ), X( 'g', 'k' ) ), 'e' ), 'd' ) ), ->( *( 'b', ->( 'i', 'l' ) ), 'j' ) )"
log_51_1692952412.xes.gz,drift_1,change_info_2,activities_deleted,[Random activity 1]
log_51_1692952412.xes.gz,drift_1,change_info_2,activities_added,[l]
log_51_1692952412.xes.gz,drift_1,change_info_2,activities_moved,[]
log_51_1692952412.xes.gz,drift_1,change_info_2,change_start,2023-02-05 10:35:47.094780
log_51_1692952412.xes.gz,drift_1,change_info_2,change_end,2024-01-19 10:14:16.377695
log_51_1692952412.xes.gz,drift_1,change_info_3,change_type,gradual
log_51_1692952412.xes.gz,drift_1,change_info_3,change_trace_index,"[4190, 5042]"
log_51_1692952412.xes.gz,drift_1,change_info_3,process_tree_before,"->( +( +( 'a', 'h' ), X( ->( ->( *( 'c', 'f' ), X( 'g', 'k' ) ), 'e' ), 'd' ) ), ->( *( 'b', ->( 'i', 'l' ) ), 'j' ) )"
log_51_1692952412.xes.gz,drift_1,change_info_3,process_tree_after,"->( +( +( 'a', 'h' ), X( ->( ->( *( 'c', 'f' ), X( 'g', 'k' ) ), 'e' ), 'd' ) ), ->( *( 'b', ->( 'i', 'Random activity 1' ) ), 'j' ) )"
log_51_1692952412.xes.gz,drift_1,change_info_3,activities_deleted,[l]
log_51_1692952412.xes.gz,drift_1,change_info_3,activities_added,[Random activity 1]
log_51_1692952412.xes.gz,drift_1,change_info_3,activities_moved,[]
log_51_1692952412.xes.gz,drift_1,change_info_3,change_start,2025-05-13 09:19:28.073882
log_51_1692952412.xes.gz,drift_1,change_info_3,change_end,2026-06-14 05:59:25.041726
log_52_1692952415.xes.gz,drift_1,log_id,1,log_52_1692952415.xes.gz
log_52_1692952415.xes.gz,drift_1,drift_id,1,1
log_52_1692952415.xes.gz,drift_1,process_perspective,1,control-flow
log_52_1692952415.xes.gz,drift_1,process_complexity,1,middle
log_52_1692952415.xes.gz,drift_1,drift_type,1,sudden
log_52_1692952415.xes.gz,drift_1,process_trees_1,0,"->( *( 'a', +( X( ->( *( X( +( 'b', 'i' ), ->( 'h', X( 'j', 'k' ) ) ), 'f' ), 'g' ), 'e' ), 'd' ) ), 'c' )"
log_52_1692952415.xes.gz,drift_1,process_trees_2,1,"->( *( 'a', +( X( ->( *( X( +( 'b', 'i' ), *( 'h', X( 'j', 'k' ) ) ), 'f' ), 'g' ), 'e' ), 'd' ) ), 'c' )"
log_52_1692952415.xes.gz,drift_1,change_info_1,change_type,sudden
log_52_1692952415.xes.gz,drift_1,change_info_1,change_trace_index,[1490]
log_52_1692952415.xes.gz,drift_1,change_info_1,process_tree_before,"->( *( 'a', +( X( ->( *( X( +( 'b', 'i' ), ->( 'h', X( 'j', 'k' ) ) ), 'f' ), 'g' ), 'e' ), 'd' ) ), 'c' )"
log_52_1692952415.xes.gz,drift_1,change_info_1,process_tree_after,"->( *( 'a', +( X( ->( *( X( +( 'b', 'i' ), *( 'h', X( 'j', 'k' ) ) ), 'f' ), 'g' ), 'e' ), 'd' ) ), 'c' )"
log_52_1692952415.xes.gz,drift_1,change_info_1,activities_deleted,[]
log_52_1692952415.xes.gz,drift_1,change_info_1,activities_added,[]
log_52_1692952415.xes.gz,drift_1,change_info_1,activities_moved,"[h, j, k]"
log_52_1692952415.xes.gz,drift_1,change_info_1,change_start,2021-11-11 06:59:41.130553
log_52_1692952415.xes.gz,drift_1,change_info_1,change_end,2021-11-11 06:59:41.130553
log_52_1692952415.xes.gz,drift_2,log_id,1,log_52_1692952415.xes.gz
log_52_1692952415.xes.gz,drift_2,drift_id,1,2
log_52_1692952415.xes.gz,drift_2,process_perspective,1,control-flow
log_52_1692952415.xes.gz,drift_2,process_complexity,1,middle
log_52_1692952415.xes.gz,drift_2,drift_type,1,sudden
log_52_1692952415.xes.gz,drift_2,process_trees_1,0,"->( *( 'a', +( X( ->( *( X( +( 'b', 'i' ), ->( 'h', X( 'j', 'k' ) ) ), 'f' ), 'g' ), 'e' ), 'd' ) ), 'c' )"
log_52_1692952415.xes.gz,drift_2,process_trees_2,1,"->( *( 'a', +( X( ->( *( X( +( 'b', 'i' ), +( 'Random activity 1', ->( 'h', X( 'j', 'k' ) ) ) ), 'f' ), 'g' ), 'e' ), 'd' ) ), 'c' )"
log_52_1692952415.xes.gz,drift_2,change_info_1,change_type,sudden
log_52_1692952415.xes.gz,drift_2,change_info_1,change_trace_index,[2522]
log_52_1692952415.xes.gz,drift_2,change_info_1,process_tree_before,"->( *( 'a', +( X( ->( *( X( +( 'b', 'i' ), ->( 'h', X( 'j', 'k' ) ) ), 'f' ), 'g' ), 'e' ), 'd' ) ), 'c' )"
log_52_1692952415.xes.gz,drift_2,change_info_1,process_tree_after,"->( *( 'a', +( X( ->( *( X( +( 'b', 'i' ), +( 'Random activity 1', ->( 'h', X( 'j', 'k' ) ) ) ), 'f' ), 'g' ), 'e' ), 'd' ) ), 'c' )"
log_52_1692952415.xes.gz,drift_2,change_info_1,activities_deleted,[]
log_52_1692952415.xes.gz,drift_2,change_info_1,activities_added,[Random activity 1]
log_52_1692952415.xes.gz,drift_2,change_info_1,activities_moved,"[h, j, k]"
log_52_1692952415.xes.gz,drift_2,change_info_1,change_start,2023-03-13 04:15:16.869893
log_52_1692952415.xes.gz,drift_2,change_info_1,change_end,2023-03-13 04:15:16.869893
log_52_1692952415.xes.gz,drift_3,log_id,1,log_52_1692952415.xes.gz
log_52_1692952415.xes.gz,drift_3,drift_id,1,3
log_52_1692952415.xes.gz,drift_3,process_perspective,1,control-flow
log_52_1692952415.xes.gz,drift_3,process_complexity,1,middle
log_52_1692952415.xes.gz,drift_3,drift_type,1,sudden
log_52_1692952415.xes.gz,drift_3,process_trees_1,0,"->( *( 'a', +( X( ->( *( X( +( 'b', 'i' ), ->( 'h', X( 'j', 'k' ) ) ), 'f' ), 'g' ), 'e' ), 'd' ) ), 'c' )"
log_52_1692952415.xes.gz,drift_3,process_trees_2,1,"->( *( 'a', +( X( ->( *( X( +( 'b', 'i' ), ->( 'Random activity 1', X( 'j', 'k' ) ) ), 'f' ), 'g' ), 'e' ), 'd' ) ), 'c' )"
log_52_1692952415.xes.gz,drift_3,change_info_1,change_type,sudden
log_52_1692952415.xes.gz,drift_3,change_info_1,change_trace_index,[3523]
log_52_1692952415.xes.gz,drift_3,change_info_1,process_tree_before,"->( *( 'a', +( X( ->( *( X( +( 'b', 'i' ), ->( 'h', X( 'j', 'k' ) ) ), 'f' ), 'g' ), 'e' ), 'd' ) ), 'c' )"
log_52_1692952415.xes.gz,drift_3,change_info_1,process_tree_after,"->( *( 'a', +( X( ->( *( X( +( 'b', 'i' ), ->( 'Random activity 1', X( 'j', 'k' ) ) ), 'f' ), 'g' ), 'e' ), 'd' ) ), 'c' )"
log_52_1692952415.xes.gz,drift_3,change_info_1,activities_deleted,[h]
log_52_1692952415.xes.gz,drift_3,change_info_1,activities_added,[Random activity 1]
log_52_1692952415.xes.gz,drift_3,change_info_1,activities_moved,[]
log_52_1692952415.xes.gz,drift_3,change_info_1,change_start,2024-07-01 00:46:42.508621
log_52_1692952415.xes.gz,drift_3,change_info_1,change_end,2024-07-01 00:46:42.508621
log_53_1692952417.xes.gz,drift_1,log_id,1,log_53_1692952417.xes.gz
log_53_1692952417.xes.gz,drift_1,drift_id,1,1
log_53_1692952417.xes.gz,drift_1,process_perspective,1,control-flow
log_53_1692952417.xes.gz,drift_1,process_complexity,1,middle
log_53_1692952417.xes.gz,drift_1,drift_type,1,gradual
log_53_1692952417.xes.gz,drift_1,process_trees_1,0,"+( ->( 'a', 'f' ), +( X( +( 'b', ->( 'h', X( 'i', 'k' ) ) ), ->( X( 'd', +( 'g', 'j' ) ), 'e' ) ), 'c' ) )"
log_53_1692952417.xes.gz,drift_1,process_trees_2,1,"+( ->( 'a', 'f', X( 'i', 'k' ) ), +( X( +( 'b', ->( 'h', *tau* ) ), ->( X( 'd', +( 'g', 'j' ) ), 'e' ) ), 'c' ) )"
log_53_1692952417.xes.gz,drift_1,change_info_1,change_type,gradual
log_53_1692952417.xes.gz,drift_1,change_info_1,change_trace_index,"[1168, 2007]"
log_53_1692952417.xes.gz,drift_1,change_info_1,process_tree_before,"+( ->( 'a', 'f' ), +( X( +( 'b', ->( 'h', X( 'i', 'k' ) ) ), ->( X( 'd', +( 'g', 'j' ) ), 'e' ) ), 'c' ) )"
log_53_1692952417.xes.gz,drift_1,change_info_1,process_tree_after,"+( ->( 'a', 'f', X( 'i', 'k' ) ), +( X( +( 'b', ->( 'h', *tau* ) ), ->( X( 'd', +( 'g', 'j' ) ), 'e' ) ), 'c' ) )"
log_53_1692952417.xes.gz,drift_1,change_info_1,activities_deleted,[]
log_53_1692952417.xes.gz,drift_1,change_info_1,activities_added,[]
log_53_1692952417.xes.gz,drift_1,change_info_1,activities_moved,"[i, k]"
log_53_1692952417.xes.gz,drift_1,change_info_1,change_start,2021-06-30 14:20:02.088439
log_53_1692952417.xes.gz,drift_1,change_info_1,change_end,2022-07-31 16:42:03.281298
log_54_1692952418.xes.gz,drift_1,log_id,1,log_54_1692952418.xes.gz
log_54_1692952418.xes.gz,drift_1,drift_id,1,1
log_54_1692952418.xes.gz,drift_1,process_perspective,1,control-flow
log_54_1692952418.xes.gz,drift_1,process_complexity,1,simple
log_54_1692952418.xes.gz,drift_1,drift_type,1,gradual
log_54_1692952418.xes.gz,drift_1,process_trees_1,0,"->( ->( 'a', 'e' ), ->( ->( 'b', 'd' ), 'c' ) )"
log_54_1692952418.xes.gz,drift_1,process_trees_2,1,"->( ->( 'a', 'e' ), ->( *( 'b', 'd' ), 'c' ) )"
log_54_1692952418.xes.gz,drift_1,change_info_1,change_type,gradual
log_54_1692952418.xes.gz,drift_1,change_info_1,change_trace_index,"[1215, 1983]"
log_54_1692952418.xes.gz,drift_1,change_info_1,process_tree_before,"->( ->( 'a', 'e' ), ->( ->( 'b', 'd' ), 'c' ) )"
log_54_1692952418.xes.gz,drift_1,change_info_1,process_tree_after,"->( ->( 'a', 'e' ), ->( *( 'b', 'd' ), 'c' ) )"
log_54_1692952418.xes.gz,drift_1,change_info_1,activities_deleted,[]
log_54_1692952418.xes.gz,drift_1,change_info_1,activities_added,[]
log_54_1692952418.xes.gz,drift_1,change_info_1,activities_moved,"[b, d]"
log_54_1692952418.xes.gz,drift_1,change_info_1,change_start,2021-07-10 00:25:15.010917
log_54_1692952418.xes.gz,drift_1,change_info_1,change_end,2022-07-06 18:57:18.575686
log_54_1692952418.xes.gz,drift_2,log_id,1,log_54_1692952418.xes.gz
log_54_1692952418.xes.gz,drift_2,drift_id,1,2
log_54_1692952418.xes.gz,drift_2,process_perspective,1,control-flow
log_54_1692952418.xes.gz,drift_2,process_complexity,1,simple
log_54_1692952418.xes.gz,drift_2,drift_type,1,sudden
log_54_1692952418.xes.gz,drift_2,process_trees_1,0,"->( ->( 'a', 'e' ), ->( ->( 'b', 'd' ), 'c' ) )"
log_54_1692952418.xes.gz,drift_2,process_trees_2,1,"->( ->( 'a', 'e' ), ->( ->( *tau*, 'd' ), *tau* ) )"
log_54_1692952418.xes.gz,drift_2,change_info_1,change_type,sudden
log_54_1692952418.xes.gz,drift_2,change_info_1,change_trace_index,[3203]
log_54_1692952418.xes.gz,drift_2,change_info_1,process_tree_before,"->( ->( 'a', 'e' ), ->( ->( 'b', 'd' ), 'c' ) )"
log_54_1692952418.xes.gz,drift_2,change_info_1,process_tree_after,"->( ->( 'a', 'e' ), ->( ->( *tau*, 'd' ), *tau* ) )"
log_54_1692952418.xes.gz,drift_2,change_info_1,activities_deleted,"[b, c]"
log_54_1692952418.xes.gz,drift_2,change_info_1,activities_added,[]
log_54_1692952418.xes.gz,drift_2,change_info_1,activities_moved,[]
log_54_1692952418.xes.gz,drift_2,change_info_1,change_start,2024-02-05 04:16:10.349114
log_54_1692952418.xes.gz,drift_2,change_info_1,change_end,2024-02-05 04:16:10.349114
log_54_1692952418.xes.gz,drift_3,log_id,1,log_54_1692952418.xes.gz
log_54_1692952418.xes.gz,drift_3,drift_id,1,3
log_54_1692952418.xes.gz,drift_3,process_perspective,1,control-flow
log_54_1692952418.xes.gz,drift_3,process_complexity,1,simple
log_54_1692952418.xes.gz,drift_3,drift_type,1,recurring
log_54_1692952418.xes.gz,drift_3,process_trees_1,0,"->( ->( 'a', 'e' ), ->( ->( 'b', 'd' ), 'c' ) )"
log_54_1692952418.xes.gz,drift_3,process_trees_2,1,"->( ->( 'a', 'e' ), ->( ->( 'b', 'd' ), 'c' ), 'Random activity 1' )"
log_54_1692952418.xes.gz,drift_3,process_trees_3,2,"->( ->( 'a', 'e' ), ->( ->( 'b', 'd' ), 'c' ) )"
log_54_1692952418.xes.gz,drift_3,process_trees_4,3,"->( ->( 'a', 'e' ), ->( ->( 'b', 'd' ), 'c' ), 'Random activity 1' )"
log_54_1692952418.xes.gz,drift_3,change_info_1,change_type,gradual
log_54_1692952418.xes.gz,drift_3,change_info_1,change_trace_index,"[4514, 5254]"
log_54_1692952418.xes.gz,drift_3,change_info_1,process_tree_before,"->( ->( 'a', 'e' ), ->( ->( 'b', 'd' ), 'c' ) )"
log_54_1692952418.xes.gz,drift_3,change_info_1,process_tree_after,"->( ->( 'a', 'e' ), ->( ->( 'b', 'd' ), 'c' ), 'Random activity 1' )"
log_54_1692952418.xes.gz,drift_3,change_info_1,activities_deleted,[]
log_54_1692952418.xes.gz,drift_3,change_info_1,activities_added,[Random activity 1]
log_54_1692952418.xes.gz,drift_3,change_info_1,activities_moved,[]
log_54_1692952418.xes.gz,drift_3,change_info_1,change_start,2025-10-02 14:43:00.727255
log_54_1692952418.xes.gz,drift_3,change_info_1,change_end,2026-08-17 15:08:57.511464
log_54_1692952418.xes.gz,drift_3,change_info_2,change_type,sudden
log_54_1692952418.xes.gz,drift_3,change_info_2,change_trace_index,[6354]
log_54_1692952418.xes.gz,drift_3,change_info_2,process_tree_before,"->( ->( 'a', 'e' ), ->( ->( 'b', 'd' ), 'c' ), 'Random activity 1' )"
log_54_1692952418.xes.gz,drift_3,change_info_2,process_tree_after,"->( ->( 'a', 'e' ), ->( ->( 'b', 'd' ), 'c' ) )"
log_54_1692952418.xes.gz,drift_3,change_info_2,activities_deleted,[Random activity 1]
log_54_1692952418.xes.gz,drift_3,change_info_2,activities_added,[]
log_54_1692952418.xes.gz,drift_3,change_info_2,activities_moved,[]
log_54_1692952418.xes.gz,drift_3,change_info_2,change_start,2028-01-31 02:14:08.505534
log_54_1692952418.xes.gz,drift_3,change_info_2,change_end,2028-01-31 02:14:08.505534
log_54_1692952418.xes.gz,drift_3,change_info_3,change_type,sudden
log_54_1692952418.xes.gz,drift_3,change_info_3,change_trace_index,[7395]
log_54_1692952418.xes.gz,drift_3,change_info_3,process_tree_before,"->( ->( 'a', 'e' ), ->( ->( 'b', 'd' ), 'c' ) )"
log_54_1692952418.xes.gz,drift_3,change_info_3,process_tree_after,"->( ->( 'a', 'e' ), ->( ->( 'b', 'd' ), 'c' ), 'Random activity 1' )"
log_54_1692952418.xes.gz,drift_3,change_info_3,activities_deleted,[]
log_54_1692952418.xes.gz,drift_3,change_info_3,activities_added,[Random activity 1]
log_54_1692952418.xes.gz,drift_3,change_info_3,activities_moved,[]
log_54_1692952418.xes.gz,drift_3,change_info_3,change_start,2029-06-16 07:14:09.142177
log_54_1692952418.xes.gz,drift_3,change_info_3,change_end,2029-06-16 07:14:09.142177
log_55_1692952420.xes.gz,drift_1,log_id,1,log_55_1692952420.xes.gz
log_55_1692952420.xes.gz,drift_1,drift_id,1,1
log_55_1692952420.xes.gz,drift_1,process_perspective,1,control-flow
log_55_1692952420.xes.gz,drift_1,process_complexity,1,complex
log_55_1692952420.xes.gz,drift_1,drift_type,1,incremental
log_55_1692952420.xes.gz,drift_1,process_trees_1,0,"->( ->( ->( *( 'a', 'o' ), 'p' ), +( 'k', X( 'm', 'n' ) ) ), ->( *( ->( X( 'b', 'h' ), 'g' ), ->( *( ->( X( 'c', 'l' ), 'j' ), 'e' ), X( 'f', 'i' ) ) ), 'd' ) )"
log_55_1692952420.xes.gz,drift_1,process_trees_2,1,"->( ->( ->( *( 'a', 'o' ), 'p' ), +( 'k', X( 'm', 'n' ), 'Random activity 1' ) ), ->( *( ->( X( 'b', 'h' ), 'g' ), ->( *( ->( X( 'c', 'l' ), 'j' ), 'e' ), X( 'f', 'i' ) ) ), 'd' ) )"
log_55_1692952420.xes.gz,drift_1,process_trees_3,2,"->( ->( ->( *( 'a', 'o' ), 'p' ), +( 'k', X( 'm', 'n' ), 'Random activity 1' ) ), ->( *( ->( X( 'b', 'h' ), 'g' ), ->( *( ->( X( 'c', 'l' ), 'j' ), 'e' ), X( 'f', 'i' ), 'Random activity 2' ) ), 'd' ) )"
log_55_1692952420.xes.gz,drift_1,process_trees_4,3,"->( ->( ->( *( 'a', 'o' ), 'p' ), +( 'k', X( 'm', 'g' ), 'Random activity 1' ) ), ->( *( ->( X( 'b', 'h' ), 'n' ), ->( *( ->( X( 'c', 'l' ), 'j' ), 'e' ), X( 'f', 'i' ), 'Random activity 2' ) ), 'd' ) )"
log_55_1692952420.xes.gz,drift_1,change_info_1,change_type,gradual
log_55_1692952420.xes.gz,drift_1,change_info_1,change_trace_index,"[1163, 1887]"
log_55_1692952420.xes.gz,drift_1,change_info_1,process_tree_before,"->( ->( ->( *( 'a', 'o' ), 'p' ), +( 'k', X( 'm', 'n' ) ) ), ->( *( ->( X( 'b', 'h' ), 'g' ), ->( *( ->( X( 'c', 'l' ), 'j' ), 'e' ), X( 'f', 'i' ) ) ), 'd' ) )"
log_55_1692952420.xes.gz,drift_1,change_info_1,process_tree_after,"->( ->( ->( *( 'a', 'o' ), 'p' ), +( 'k', X( 'm', 'n' ), 'Random activity 1' ) ), ->( *( ->( X( 'b', 'h' ), 'g' ), ->( *( ->( X( 'c', 'l' ), 'j' ), 'e' ), X( 'f', 'i' ) ) ), 'd' ) )"
log_55_1692952420.xes.gz,drift_1,change_info_1,activities_deleted,[]
log_55_1692952420.xes.gz,drift_1,change_info_1,activities_added,[Random activity 1]
log_55_1692952420.xes.gz,drift_1,change_info_1,activities_moved,[]
log_55_1692952420.xes.gz,drift_1,change_info_1,change_start,2021-06-12 00:02:35.666240
log_55_1692952420.xes.gz,drift_1,change_info_1,change_end,2022-05-08 14:02:43.856279
log_55_1692952420.xes.gz,drift_1,change_info_2,change_type,sudden
log_55_1692952420.xes.gz,drift_1,change_info_2,change_trace_index,[3254]
log_55_1692952420.xes.gz,drift_1,change_info_2,process_tree_before,"->( ->( ->( *( 'a', 'o' ), 'p' ), +( 'k', X( 'm', 'n' ), 'Random activity 1' ) ), ->( *( ->( X( 'b', 'h' ), 'g' ), ->( *( ->( X( 'c', 'l' ), 'j' ), 'e' ), X( 'f', 'i' ) ) ), 'd' ) )"
log_55_1692952420.xes.gz,drift_1,change_info_2,process_tree_after,"->( ->( ->( *( 'a', 'o' ), 'p' ), +( 'k', X( 'm', 'n' ), 'Random activity 1' ) ), ->( *( ->( X( 'b', 'h' ), 'g' ), ->( *( ->( X( 'c', 'l' ), 'j' ), 'e' ), X( 'f', 'i' ), 'Random activity 2' ) ), 'd' ) )"
log_55_1692952420.xes.gz,drift_1,change_info_2,activities_deleted,[]
log_55_1692952420.xes.gz,drift_1,change_info_2,activities_added,[Random activity 2]
log_55_1692952420.xes.gz,drift_1,change_info_2,activities_moved,[]
log_55_1692952420.xes.gz,drift_1,change_info_2,change_start,2024-02-09 05:32:20.025477
log_55_1692952420.xes.gz,drift_1,change_info_2,change_end,2024-02-09 05:32:20.025477
log_55_1692952420.xes.gz,drift_1,change_info_3,change_type,gradual
log_55_1692952420.xes.gz,drift_1,change_info_3,change_trace_index,"[4677, 5533]"
log_55_1692952420.xes.gz,drift_1,change_info_3,process_tree_before,"->( ->( ->( *( 'a', 'o' ), 'p' ), +( 'k', X( 'm', 'n' ), 'Random activity 1' ) ), ->( *( ->( X( 'b', 'h' ), 'g' ), ->( *( ->( X( 'c', 'l' ), 'j' ), 'e' ), X( 'f', 'i' ), 'Random activity 2' ) ), 'd' ) )"
log_55_1692952420.xes.gz,drift_1,change_info_3,process_tree_after,"->( ->( ->( *( 'a', 'o' ), 'p' ), +( 'k', X( 'm', 'g' ), 'Random activity 1' ) ), ->( *( ->( X( 'b', 'h' ), 'n' ), ->( *( ->( X( 'c', 'l' ), 'j' ), 'e' ), X( 'f', 'i' ), 'Random activity 2' ) ), 'd' ) )"
log_55_1692952420.xes.gz,drift_1,change_info_3,activities_deleted,[]
log_55_1692952420.xes.gz,drift_1,change_info_3,activities_added,[]
log_55_1692952420.xes.gz,drift_1,change_info_3,activities_moved,"[g, n]"
log_55_1692952420.xes.gz,drift_1,change_info_3,change_start,2025-11-22 14:58:47.407210
log_55_1692952420.xes.gz,drift_1,change_info_3,change_end,2027-01-10 07:56:38.922369
log_56_1692952426.xes.gz,drift_1,log_id,1,log_56_1692952426.xes.gz
log_56_1692952426.xes.gz,drift_1,drift_id,1,1
log_56_1692952426.xes.gz,drift_1,process_perspective,1,control-flow
log_56_1692952426.xes.gz,drift_1,process_complexity,1,simple
log_56_1692952426.xes.gz,drift_1,drift_type,1,incremental
log_56_1692952426.xes.gz,drift_1,process_trees_1,0,"+( 'a', +( ->( 'b', 'd' ), ->( 'c', ->( 'e', 'f' ) ) ) )"
log_56_1692952426.xes.gz,drift_1,process_trees_2,1,"+( *tau*, +( ->( 'b', 'd' ), ->( 'c', ->( 'e', 'f' ) ) ) )"
log_56_1692952426.xes.gz,drift_1,process_trees_3,2,"+( *tau*, +( ->( 'b', 'd' ), ->( 'c', ->( 'e', 'f' ) ) ), 'Random activity 1' )"
log_56_1692952426.xes.gz,drift_1,process_trees_4,3,"+( *tau*, +( ->( 'b', 'd' ), ->( *tau*, ->( 'e', 'f' ) ) ), 'Random activity 1' )"
log_56_1692952426.xes.gz,drift_1,change_info_1,change_type,sudden
log_56_1692952426.xes.gz,drift_1,change_info_1,change_trace_index,[1162]
log_56_1692952426.xes.gz,drift_1,change_info_1,process_tree_before,"+( 'a', +( ->( 'b', 'd' ), ->( 'c', ->( 'e', 'f' ) ) ) )"
log_56_1692952426.xes.gz,drift_1,change_info_1,process_tree_after,"+( *tau*, +( ->( 'b', 'd' ), ->( 'c', ->( 'e', 'f' ) ) ) )"
log_56_1692952426.xes.gz,drift_1,change_info_1,activities_deleted,[a]
log_56_1692952426.xes.gz,drift_1,change_info_1,activities_added,[]
log_56_1692952426.xes.gz,drift_1,change_info_1,activities_moved,[]
log_56_1692952426.xes.gz,drift_1,change_info_1,change_start,2021-06-28 16:27:30.020729
log_56_1692952426.xes.gz,drift_1,change_info_1,change_end,2021-06-28 16:27:30.020729
log_56_1692952426.xes.gz,drift_1,change_info_2,change_type,sudden
log_56_1692952426.xes.gz,drift_1,change_info_2,change_trace_index,[2602]
log_56_1692952426.xes.gz,drift_1,change_info_2,process_tree_before,"+( *tau*, +( ->( 'b', 'd' ), ->( 'c', ->( 'e', 'f' ) ) ) )"
log_56_1692952426.xes.gz,drift_1,change_info_2,process_tree_after,"+( *tau*, +( ->( 'b', 'd' ), ->( 'c', ->( 'e', 'f' ) ) ), 'Random activity 1' )"
log_56_1692952426.xes.gz,drift_1,change_info_2,activities_deleted,[]
log_56_1692952426.xes.gz,drift_1,change_info_2,activities_added,[Random activity 1]
log_56_1692952426.xes.gz,drift_1,change_info_2,activities_moved,[]
log_56_1692952426.xes.gz,drift_1,change_info_2,change_start,2023-04-29 05:28:43.694634
log_56_1692952426.xes.gz,drift_1,change_info_2,change_end,2023-04-29 05:28:43.694634
log_56_1692952426.xes.gz,drift_1,change_info_3,change_type,sudden
log_56_1692952426.xes.gz,drift_1,change_info_3,change_trace_index,[3692]
log_56_1692952426.xes.gz,drift_1,change_info_3,process_tree_before,"+( *tau*, +( ->( 'b', 'd' ), ->( 'c', ->( 'e', 'f' ) ) ), 'Random activity 1' )"
log_56_1692952426.xes.gz,drift_1,change_info_3,process_tree_after,"+( *tau*, +( ->( 'b', 'd' ), ->( *tau*, ->( 'e', 'f' ) ) ), 'Random activity 1' )"
log_56_1692952426.xes.gz,drift_1,change_info_3,activities_deleted,[c]
log_56_1692952426.xes.gz,drift_1,change_info_3,activities_added,[]
log_56_1692952426.xes.gz,drift_1,change_info_3,activities_moved,[]
log_56_1692952426.xes.gz,drift_1,change_info_3,change_start,2024-09-30 06:53:39.002625
log_56_1692952426.xes.gz,drift_1,change_info_3,change_end,2024-09-30 06:53:39.002625
log_56_1692952426.xes.gz,drift_2,log_id,1,log_56_1692952426.xes.gz
log_56_1692952426.xes.gz,drift_2,drift_id,1,2
log_56_1692952426.xes.gz,drift_2,process_perspective,1,control-flow
log_56_1692952426.xes.gz,drift_2,process_complexity,1,simple
log_56_1692952426.xes.gz,drift_2,drift_type,1,incremental
log_56_1692952426.xes.gz,drift_2,process_trees_1,0,"+( 'a', +( ->( 'b', 'd' ), ->( 'c', ->( 'e', 'f' ) ) ) )"
log_56_1692952426.xes.gz,drift_2,process_trees_2,1,"+( 'a', +( ->( 'b', 'd' ), ->( 'c', ->( 'e', 'f', 'Random activity 1' ) ) ) )"
log_56_1692952426.xes.gz,drift_2,process_trees_3,2,"+( *tau*, +( ->( 'b', 'd' ), ->( 'c', ->( 'e', 'f', 'Random activity 1' ) ) ) )"
log_56_1692952426.xes.gz,drift_2,process_trees_4,3,"+( *tau*, +( ->( 'b', 'd' ), ->( 'c', ->( 'e', 'f', *tau* ) ) ) )"
log_56_1692952426.xes.gz,drift_2,change_info_1,change_type,gradual
log_56_1692952426.xes.gz,drift_2,change_info_1,change_trace_index,"[5083, 5750]"
log_56_1692952426.xes.gz,drift_2,change_info_1,process_tree_before,"+( 'a', +( ->( 'b', 'd' ), ->( 'c', ->( 'e', 'f' ) ) ) )"
log_56_1692952426.xes.gz,drift_2,change_info_1,process_tree_after,"+( 'a', +( ->( 'b', 'd' ), ->( 'c', ->( 'e', 'f', 'Random activity 1' ) ) ) )"
log_56_1692952426.xes.gz,drift_2,change_info_1,activities_deleted,[]
log_56_1692952426.xes.gz,drift_2,change_info_1,activities_added,[Random activity 1]
log_56_1692952426.xes.gz,drift_2,change_info_1,activities_moved,[]
log_56_1692952426.xes.gz,drift_2,change_info_1,change_start,2026-06-17 09:50:22.514255
log_56_1692952426.xes.gz,drift_2,change_info_1,change_end,2027-04-04 08:56:36.494302
log_56_1692952426.xes.gz,drift_2,change_info_2,change_type,sudden
log_56_1692952426.xes.gz,drift_2,change_info_2,change_trace_index,[6960]
log_56_1692952426.xes.gz,drift_2,change_info_2,process_tree_before,"+( 'a', +( ->( 'b', 'd' ), ->( 'c', ->( 'e', 'f', 'Random activity 1' ) ) ) )"
log_56_1692952426.xes.gz,drift_2,change_info_2,process_tree_after,"+( *tau*, +( ->( 'b', 'd' ), ->( 'c', ->( 'e', 'f', 'Random activity 1' ) ) ) )"
log_56_1692952426.xes.gz,drift_2,change_info_2,activities_deleted,[a]
log_56_1692952426.xes.gz,drift_2,change_info_2,activities_added,[]
log_56_1692952426.xes.gz,drift_2,change_info_2,activities_moved,[]
log_56_1692952426.xes.gz,drift_2,change_info_2,change_start,2028-10-21 02:02:26.569535
log_56_1692952426.xes.gz,drift_2,change_info_2,change_end,2028-10-21 02:02:26.569535
log_56_1692952426.xes.gz,drift_2,change_info_3,change_type,sudden
log_56_1692952426.xes.gz,drift_2,change_info_3,change_trace_index,[8196]
log_56_1692952426.xes.gz,drift_2,change_info_3,process_tree_before,"+( *tau*, +( ->( 'b', 'd' ), ->( 'c', ->( 'e', 'f', 'Random activity 1' ) ) ) )"
log_56_1692952426.xes.gz,drift_2,change_info_3,process_tree_after,"+( *tau*, +( ->( 'b', 'd' ), ->( 'c', ->( 'e', 'f', *tau* ) ) ) )"
log_56_1692952426.xes.gz,drift_2,change_info_3,activities_deleted,[Random activity 1]
log_56_1692952426.xes.gz,drift_2,change_info_3,activities_added,[]
log_56_1692952426.xes.gz,drift_2,change_info_3,activities_moved,[]
log_56_1692952426.xes.gz,drift_2,change_info_3,change_start,2030-05-15 14:38:03.078561
log_56_1692952426.xes.gz,drift_2,change_info_3,change_end,2030-05-15 14:38:03.078561
log_56_1692952426.xes.gz,drift_3,log_id,1,log_56_1692952426.xes.gz
log_56_1692952426.xes.gz,drift_3,drift_id,1,3
log_56_1692952426.xes.gz,drift_3,process_perspective,1,control-flow
log_56_1692952426.xes.gz,drift_3,process_complexity,1,simple
log_56_1692952426.xes.gz,drift_3,drift_type,1,gradual
log_56_1692952426.xes.gz,drift_3,process_trees_1,0,"+( 'a', +( ->( 'b', 'd' ), ->( 'c', ->( 'e', 'f' ) ) ) )"
log_56_1692952426.xes.gz,drift_3,process_trees_2,1,"+( 'a', +( ->( 'b', 'd' ), ->( 'c', ->( *tau*, 'f' ) ) ) )"
log_56_1692952426.xes.gz,drift_3,change_info_1,change_type,gradual
log_56_1692952426.xes.gz,drift_3,change_info_1,change_trace_index,"[9356, 10281]"
log_56_1692952426.xes.gz,drift_3,change_info_1,process_tree_before,"+( 'a', +( ->( 'b', 'd' ), ->( 'c', ->( 'e', 'f' ) ) ) )"
log_56_1692952426.xes.gz,drift_3,change_info_1,process_tree_after,"+( 'a', +( ->( 'b', 'd' ), ->( 'c', ->( *tau*, 'f' ) ) ) )"
log_56_1692952426.xes.gz,drift_3,change_info_1,activities_deleted,[e]
log_56_1692952426.xes.gz,drift_3,change_info_1,activities_added,[]
log_56_1692952426.xes.gz,drift_3,change_info_1,activities_moved,[]
log_56_1692952426.xes.gz,drift_3,change_info_1,change_start,2031-10-22 03:03:17.482952
log_56_1692952426.xes.gz,drift_3,change_info_1,change_end,2032-12-16 02:10:46.334316
log_57_1692952430.xes.gz,drift_1,log_id,1,log_57_1692952430.xes.gz
log_57_1692952430.xes.gz,drift_1,drift_id,1,1
log_57_1692952430.xes.gz,drift_1,process_perspective,1,control-flow
log_57_1692952430.xes.gz,drift_1,process_complexity,1,complex
log_57_1692952430.xes.gz,drift_1,drift_type,1,recurring
log_57_1692952430.xes.gz,drift_1,process_trees_1,0,"->( +( ->( ->( *( ->( *( 'a', 'm' ), 'n' ), ->( *( 'j', 'p' ), 'q' ) ), +( 'k', 'o' ) ), ->( *( ->( *( 'e', 'h' ), 'i' ), 'f' ), 'g' ) ), 'd' ), X( 'b', +( 'c', 'l' ) ) )"
log_57_1692952430.xes.gz,drift_1,process_trees_2,1,"->( +( ->( ->( *( ->( *( 'a', 'm' ), 'n' ), ->( *( 'e', 'h' ), 'q' ) ), +( 'k', 'o' ) ), ->( *( ->( *( 'j', 'p' ), 'i' ), 'f' ), 'g' ) ), 'd' ), X( 'b', +( 'c', 'l' ) ) )"
log_57_1692952430.xes.gz,drift_1,process_trees_3,2,"->( +( ->( ->( *( ->( *( 'a', 'm' ), 'n' ), ->( *( 'j', 'p' ), 'q' ) ), +( 'k', 'o' ) ), ->( *( ->( *( 'e', 'h' ), 'i' ), 'f' ), 'g' ) ), 'd' ), X( 'b', +( 'c', 'l' ) ) )"
log_57_1692952430.xes.gz,drift_1,process_trees_4,3,"->( +( ->( ->( *( ->( *( 'a', 'm' ), 'n' ), ->( *( 'e', 'h' ), 'q' ) ), +( 'k', 'o' ) ), ->( *( ->( *( 'j', 'p' ), 'i' ), 'f' ), 'g' ) ), 'd' ), X( 'b', +( 'c', 'l' ) ) )"
log_57_1692952430.xes.gz,drift_1,change_info_1,change_type,gradual
log_57_1692952430.xes.gz,drift_1,change_info_1,change_trace_index,"[1054, 1838]"
log_57_1692952430.xes.gz,drift_1,change_info_1,process_tree_before,"->( +( ->( ->( *( ->( *( 'a', 'm' ), 'n' ), ->( *( 'j', 'p' ), 'q' ) ), +( 'k', 'o' ) ), ->( *( ->( *( 'e', 'h' ), 'i' ), 'f' ), 'g' ) ), 'd' ), X( 'b', +( 'c', 'l' ) ) )"
log_57_1692952430.xes.gz,drift_1,change_info_1,process_tree_after,"->( +( ->( ->( *( ->( *( 'a', 'm' ), 'n' ), ->( *( 'e', 'h' ), 'q' ) ), +( 'k', 'o' ) ), ->( *( ->( *( 'j', 'p' ), 'i' ), 'f' ), 'g' ) ), 'd' ), X( 'b', +( 'c', 'l' ) ) )"
log_57_1692952430.xes.gz,drift_1,change_info_1,activities_deleted,[]
log_57_1692952430.xes.gz,drift_1,change_info_1,activities_added,[]
log_57_1692952430.xes.gz,drift_1,change_info_1,activities_moved,"[j, p, e, h]"
log_57_1692952430.xes.gz,drift_1,change_info_1,change_start,2021-04-24 02:39:39.485438
log_57_1692952430.xes.gz,drift_1,change_info_1,change_end,2022-04-17 03:54:58.919595
log_57_1692952430.xes.gz,drift_1,change_info_2,change_type,gradual
log_57_1692952430.xes.gz,drift_1,change_info_2,change_trace_index,"[3064, 3682]"
log_57_1692952430.xes.gz,drift_1,change_info_2,process_tree_before,"->( +( ->( ->( *( ->( *( 'a', 'm' ), 'n' ), ->( *( 'e', 'h' ), 'q' ) ), +( 'k', 'o' ) ), ->( *( ->( *( 'j', 'p' ), 'i' ), 'f' ), 'g' ) ), 'd' ), X( 'b', +( 'c', 'l' ) ) )"
log_57_1692952430.xes.gz,drift_1,change_info_2,process_tree_after,"->( +( ->( ->( *( ->( *( 'a', 'm' ), 'n' ), ->( *( 'j', 'p' ), 'q' ) ), +( 'k', 'o' ) ), ->( *( ->( *( 'e', 'h' ), 'i' ), 'f' ), 'g' ) ), 'd' ), X( 'b', +( 'c', 'l' ) ) )"
log_57_1692952430.xes.gz,drift_1,change_info_2,activities_deleted,[]
log_57_1692952430.xes.gz,drift_1,change_info_2,activities_added,[]
log_57_1692952430.xes.gz,drift_1,change_info_2,activities_moved,"[j, p, e, h]"
log_57_1692952430.xes.gz,drift_1,change_info_2,change_start,2023-11-17 10:36:36.956165
log_57_1692952430.xes.gz,drift_1,change_info_2,change_end,2024-09-04 21:31:39.644470
log_57_1692952430.xes.gz,drift_1,change_info_3,change_type,sudden
log_57_1692952430.xes.gz,drift_1,change_info_3,change_trace_index,[4744]
log_57_1692952430.xes.gz,drift_1,change_info_3,process_tree_before,"->( +( ->( ->( *( ->( *( 'a', 'm' ), 'n' ), ->( *( 'j', 'p' ), 'q' ) ), +( 'k', 'o' ) ), ->( *( ->( *( 'e', 'h' ), 'i' ), 'f' ), 'g' ) ), 'd' ), X( 'b', +( 'c', 'l' ) ) )"
log_57_1692952430.xes.gz,drift_1,change_info_3,process_tree_after,"->( +( ->( ->( *( ->( *( 'a', 'm' ), 'n' ), ->( *( 'e', 'h' ), 'q' ) ), +( 'k', 'o' ) ), ->( *( ->( *( 'j', 'p' ), 'i' ), 'f' ), 'g' ) ), 'd' ), X( 'b', +( 'c', 'l' ) ) )"
log_57_1692952430.xes.gz,drift_1,change_info_3,activities_deleted,[]
log_57_1692952430.xes.gz,drift_1,change_info_3,activities_added,[]
log_57_1692952430.xes.gz,drift_1,change_info_3,activities_moved,"[j, p, e, h]"
log_57_1692952430.xes.gz,drift_1,change_info_3,change_start,2026-01-31 16:59:23.378340
log_57_1692952430.xes.gz,drift_1,change_info_3,change_end,2026-01-31 16:59:23.378340
log_58_1692952437.xes.gz,drift_1,log_id,1,log_58_1692952437.xes.gz
log_58_1692952437.xes.gz,drift_1,drift_id,1,1
log_58_1692952437.xes.gz,drift_1,process_perspective,1,control-flow
log_58_1692952437.xes.gz,drift_1,process_complexity,1,simple
log_58_1692952437.xes.gz,drift_1,drift_type,1,gradual
log_58_1692952437.xes.gz,drift_1,process_trees_1,0,"->( ->( +( X( 'a', 'f' ), 'e' ), 'd' ), ->( 'b', 'c' ) )"
log_58_1692952437.xes.gz,drift_1,process_trees_2,1,"->( ->( +( X( 'a', 'f' ), 'e' ), 'Random activity 1' ), ->( 'b', 'c' ) )"
log_58_1692952437.xes.gz,drift_1,change_info_1,change_type,gradual
log_58_1692952437.xes.gz,drift_1,change_info_1,change_trace_index,"[1394, 2035]"
log_58_1692952437.xes.gz,drift_1,change_info_1,process_tree_before,"->( ->( +( X( 'a', 'f' ), 'e' ), 'd' ), ->( 'b', 'c' ) )"
log_58_1692952437.xes.gz,drift_1,change_info_1,process_tree_after,"->( ->( +( X( 'a', 'f' ), 'e' ), 'Random activity 1' ), ->( 'b', 'c' ) )"
log_58_1692952437.xes.gz,drift_1,change_info_1,activities_deleted,[d]
log_58_1692952437.xes.gz,drift_1,change_info_1,activities_added,[Random activity 1]
log_58_1692952437.xes.gz,drift_1,change_info_1,activities_moved,[]
log_58_1692952437.xes.gz,drift_1,change_info_1,change_start,2021-10-09 20:44:48.575269
log_58_1692952437.xes.gz,drift_1,change_info_1,change_end,2022-08-08 14:09:31.104980
log_59_1692952438.xes.gz,drift_1,log_id,1,log_59_1692952438.xes.gz
log_59_1692952438.xes.gz,drift_1,drift_id,1,1
log_59_1692952438.xes.gz,drift_1,process_perspective,1,control-flow
log_59_1692952438.xes.gz,drift_1,process_complexity,1,complex
log_59_1692952438.xes.gz,drift_1,drift_type,1,sudden
log_59_1692952438.xes.gz,drift_1,process_trees_1,0,"+( +( ->( *( ->( *( 'a', +( +( 'i', 'o' ), 'm' ) ), 'j' ), 'f' ), 'g' ), X( ->( *( +( 'c', 'n' ), 'k' ), 'l' ), 'd' ) ), X( +( 'b', 'h' ), 'e' ) )"
log_59_1692952438.xes.gz,drift_1,process_trees_2,1,"+( +( ->( *( ->( *( 'a', +( *( 'i', 'o' ), 'm' ) ), 'j' ), 'f' ), 'g' ), X( ->( +( +( 'c', 'n' ), 'k' ), 'l' ), 'd' ) ), X( +( 'b', 'h' ), 'e' ) )"
log_59_1692952438.xes.gz,drift_1,change_info_1,change_type,sudden
log_59_1692952438.xes.gz,drift_1,change_info_1,change_trace_index,[1470]
log_59_1692952438.xes.gz,drift_1,change_info_1,process_tree_before,"+( +( ->( *( ->( *( 'a', +( +( 'i', 'o' ), 'm' ) ), 'j' ), 'f' ), 'g' ), X( ->( *( +( 'c', 'n' ), 'k' ), 'l' ), 'd' ) ), X( +( 'b', 'h' ), 'e' ) )"
log_59_1692952438.xes.gz,drift_1,change_info_1,process_tree_after,"+( +( ->( *( ->( *( 'a', +( *( 'i', 'o' ), 'm' ) ), 'j' ), 'f' ), 'g' ), X( ->( +( +( 'c', 'n' ), 'k' ), 'l' ), 'd' ) ), X( +( 'b', 'h' ), 'e' ) )"
log_59_1692952438.xes.gz,drift_1,change_info_1,activities_deleted,[]
log_59_1692952438.xes.gz,drift_1,change_info_1,activities_added,[]
log_59_1692952438.xes.gz,drift_1,change_info_1,activities_moved,"[i, o, k, c, n]"
log_59_1692952438.xes.gz,drift_1,change_info_1,change_start,2021-11-06 01:03:33.643737
log_59_1692952438.xes.gz,drift_1,change_info_1,change_end,2021-11-06 01:03:33.643737
log_59_1692952438.xes.gz,drift_2,log_id,1,log_59_1692952438.xes.gz
log_59_1692952438.xes.gz,drift_2,drift_id,1,2
log_59_1692952438.xes.gz,drift_2,process_perspective,1,control-flow
log_59_1692952438.xes.gz,drift_2,process_complexity,1,complex
log_59_1692952438.xes.gz,drift_2,drift_type,1,sudden
log_59_1692952438.xes.gz,drift_2,process_trees_1,0,"+( +( ->( *( ->( *( 'a', +( +( 'i', 'o' ), 'm' ) ), 'j' ), 'f' ), 'g' ), X( ->( *( +( 'c', 'n' ), 'k' ), 'l' ), 'd' ) ), X( +( 'b', 'h' ), 'e' ) )"
log_59_1692952438.xes.gz,drift_2,process_trees_2,1,"+( +( ->( *( ->( *( 'a', +( 'c', 'n' ) ), 'j' ), 'f' ), 'g' ), X( ->( *( +( +( 'i', 'o' ), 'm' ), 'k' ), 'l' ), 'd' ) ), X( +( 'b', 'h' ), 'e', 'Random activity 1' ) )"
log_59_1692952438.xes.gz,drift_2,change_info_1,change_type,sudden
log_59_1692952438.xes.gz,drift_2,change_info_1,change_trace_index,[2681]
log_59_1692952438.xes.gz,drift_2,change_info_1,process_tree_before,"+( +( ->( *( ->( *( 'a', +( +( 'i', 'o' ), 'm' ) ), 'j' ), 'f' ), 'g' ), X( ->( *( +( 'c', 'n' ), 'k' ), 'l' ), 'd' ) ), X( +( 'b', 'h' ), 'e' ) )"
log_59_1692952438.xes.gz,drift_2,change_info_1,process_tree_after,"+( +( ->( *( ->( *( 'a', +( 'c', 'n' ) ), 'j' ), 'f' ), 'g' ), X( ->( *( +( +( 'i', 'o' ), 'm' ), 'k' ), 'l' ), 'd' ) ), X( +( 'b', 'h' ), 'e', 'Random activity 1' ) )"
log_59_1692952438.xes.gz,drift_2,change_info_1,activities_deleted,[]
log_59_1692952438.xes.gz,drift_2,change_info_1,activities_added,[Random activity 1]
log_59_1692952438.xes.gz,drift_2,change_info_1,activities_moved,"[c, n, m, i, o]"
log_59_1692952438.xes.gz,drift_2,change_info_1,change_start,2023-06-30 18:16:03.707760
log_59_1692952438.xes.gz,drift_2,change_info_1,change_end,2023-06-30 18:16:03.707760
log_60_1692952441.xes.gz,drift_1,log_id,1,log_60_1692952441.xes.gz
log_60_1692952441.xes.gz,drift_1,drift_id,1,1
log_60_1692952441.xes.gz,drift_1,process_perspective,1,control-flow
log_60_1692952441.xes.gz,drift_1,process_complexity,1,middle
log_60_1692952441.xes.gz,drift_1,drift_type,1,gradual
log_60_1692952441.xes.gz,drift_1,process_trees_1,0,"->( *( ->( ->( ->( ->( *( 'a', X( 'i', 'k' ) ), 'j' ), +( 'f', 'g' ) ), 'e' ), 'd' ), 'b' ), +( 'c', 'h' ) )"
log_60_1692952441.xes.gz,drift_1,process_trees_2,1,"->( *( ->( ->( ->( ->( *( 'a', X( 'i', 'k' ) ), 'j' ), +( 'f', 'g' ) ), 'e' ), *tau* ), 'b' ), +( 'c', 'h' ) )"
log_60_1692952441.xes.gz,drift_1,change_info_1,change_type,gradual
log_60_1692952441.xes.gz,drift_1,change_info_1,change_trace_index,"[1176, 1816]"
log_60_1692952441.xes.gz,drift_1,change_info_1,process_tree_before,"->( *( ->( ->( ->( ->( *( 'a', X( 'i', 'k' ) ), 'j' ), +( 'f', 'g' ) ), 'e' ), 'd' ), 'b' ), +( 'c', 'h' ) )"
log_60_1692952441.xes.gz,drift_1,change_info_1,process_tree_after,"->( *( ->( ->( ->( ->( *( 'a', X( 'i', 'k' ) ), 'j' ), +( 'f', 'g' ) ), 'e' ), *tau* ), 'b' ), +( 'c', 'h' ) )"
log_60_1692952441.xes.gz,drift_1,change_info_1,activities_deleted,[d]
log_60_1692952441.xes.gz,drift_1,change_info_1,activities_added,[]
log_60_1692952441.xes.gz,drift_1,change_info_1,activities_moved,[]
log_60_1692952441.xes.gz,drift_1,change_info_1,change_start,2021-06-25 00:10:06.718803
log_60_1692952441.xes.gz,drift_1,change_info_1,change_end,2022-04-12 22:14:59.136322
log_60_1692952441.xes.gz,drift_2,log_id,1,log_60_1692952441.xes.gz
log_60_1692952441.xes.gz,drift_2,drift_id,1,2
log_60_1692952441.xes.gz,drift_2,process_perspective,1,control-flow
log_60_1692952441.xes.gz,drift_2,process_complexity,1,middle
log_60_1692952441.xes.gz,drift_2,drift_type,1,incremental
log_60_1692952441.xes.gz,drift_2,process_trees_1,0,"->( *( ->( ->( ->( ->( *( 'a', X( 'i', 'k' ) ), 'j' ), +( 'f', 'g' ) ), 'e' ), 'd' ), 'b' ), +( 'c', 'h' ) )"
log_60_1692952441.xes.gz,drift_2,process_trees_2,1,"->( *( ->( ->( ->( ->( *( 'a', X( 'i', 'k' ) ), 'j' ), +( 'f', 'g' ) ), 'e' ), 'd' ), 'b' ), +( 'c', *tau* ) )"
log_60_1692952441.xes.gz,drift_2,process_trees_3,2,"->( *( ->( ->( ->( ->( *( 'a', X( 'i', 'k' ) ), 'j', 'Random activity 1' ), +( 'f', 'g' ) ), 'e' ), 'd' ), 'b' ), +( 'c', *tau* ) )"
log_60_1692952441.xes.gz,drift_2,process_trees_4,3,"->( *( ->( ->( ->( ->( *( 'a', X( 'i', 'k' ) ), 'j', 'Random activity 1' ), +( 'f', 'g' ) ), 'e' ), 'd' ), 'b' ), +( 'c', *tau*, 'Random activity 2' ) )"
log_60_1692952441.xes.gz,drift_2,change_info_1,change_type,gradual
log_60_1692952441.xes.gz,drift_2,change_info_1,change_trace_index,"[2868, 3524]"
log_60_1692952441.xes.gz,drift_2,change_info_1,process_tree_before,"->( *( ->( ->( ->( ->( *( 'a', X( 'i', 'k' ) ), 'j' ), +( 'f', 'g' ) ), 'e' ), 'd' ), 'b' ), +( 'c', 'h' ) )"
log_60_1692952441.xes.gz,drift_2,change_info_1,process_tree_after,"->( *( ->( ->( ->( ->( *( 'a', X( 'i', 'k' ) ), 'j' ), +( 'f', 'g' ) ), 'e' ), 'd' ), 'b' ), +( 'c', *tau* ) )"
log_60_1692952441.xes.gz,drift_2,change_info_1,activities_deleted,[h]
log_60_1692952441.xes.gz,drift_2,change_info_1,activities_added,[]
log_60_1692952441.xes.gz,drift_2,change_info_1,activities_moved,[]
log_60_1692952441.xes.gz,drift_2,change_info_1,change_start,2023-07-14 19:38:06.931675
log_60_1692952441.xes.gz,drift_2,change_info_1,change_end,2024-05-11 04:24:40.010018
log_60_1692952441.xes.gz,drift_2,change_info_2,change_type,sudden
log_60_1692952441.xes.gz,drift_2,change_info_2,change_trace_index,[5017]
log_60_1692952441.xes.gz,drift_2,change_info_2,process_tree_before,"->( *( ->( ->( ->( ->( *( 'a', X( 'i', 'k' ) ), 'j' ), +( 'f', 'g' ) ), 'e' ), 'd' ), 'b' ), +( 'c', *tau* ) )"
log_60_1692952441.xes.gz,drift_2,change_info_2,process_tree_after,"->( *( ->( ->( ->( ->( *( 'a', X( 'i', 'k' ) ), 'j', 'Random activity 1' ), +( 'f', 'g' ) ), 'e' ), 'd' ), 'b' ), +( 'c', *tau* ) )"
log_60_1692952441.xes.gz,drift_2,change_info_2,activities_deleted,[]
log_60_1692952441.xes.gz,drift_2,change_info_2,activities_added,[Random activity 1]
log_60_1692952441.xes.gz,drift_2,change_info_2,activities_moved,[]
log_60_1692952441.xes.gz,drift_2,change_info_2,change_start,2026-03-21 18:51:09.582554
log_60_1692952441.xes.gz,drift_2,change_info_2,change_end,2026-03-21 18:51:09.582554
log_60_1692952441.xes.gz,drift_2,change_info_3,change_type,sudden
log_60_1692952441.xes.gz,drift_2,change_info_3,change_trace_index,[6406]
log_60_1692952441.xes.gz,drift_2,change_info_3,process_tree_before,"->( *( ->( ->( ->( ->( *( 'a', X( 'i', 'k' ) ), 'j', 'Random activity 1' ), +( 'f', 'g' ) ), 'e' ), 'd' ), 'b' ), +( 'c', *tau* ) )"
log_60_1692952441.xes.gz,drift_2,change_info_3,process_tree_after,"->( *( ->( ->( ->( ->( *( 'a', X( 'i', 'k' ) ), 'j', 'Random activity 1' ), +( 'f', 'g' ) ), 'e' ), 'd' ), 'b' ), +( 'c', *tau*, 'Random activity 2' ) )"
log_60_1692952441.xes.gz,drift_2,change_info_3,activities_deleted,[]
log_60_1692952441.xes.gz,drift_2,change_info_3,activities_added,[Random activity 2]
log_60_1692952441.xes.gz,drift_2,change_info_3,activities_moved,[]
log_60_1692952441.xes.gz,drift_2,change_info_3,change_start,2027-12-30 10:32:51.276305
log_60_1692952441.xes.gz,drift_2,change_info_3,change_end,2027-12-30 10:32:51.276305
log_60_1692952441.xes.gz,drift_3,log_id,1,log_60_1692952441.xes.gz
log_60_1692952441.xes.gz,drift_3,drift_id,1,3
log_60_1692952441.xes.gz,drift_3,process_perspective,1,control-flow
log_60_1692952441.xes.gz,drift_3,process_complexity,1,middle
log_60_1692952441.xes.gz,drift_3,drift_type,1,incremental
log_60_1692952441.xes.gz,drift_3,process_trees_1,0,"->( *( ->( ->( ->( ->( *( 'a', X( 'i', 'k' ) ), 'j' ), +( 'f', 'g' ) ), 'e' ), 'd' ), 'b' ), +( 'c', 'h' ) )"
log_60_1692952441.xes.gz,drift_3,process_trees_2,1,"->( *( ->( ->( ->( ->( *( 'a', X( 'i', 'k' ) ), 'j' ), +( 'f', 'g' ) ), 'e' ), *tau* ), 'b' ), +( 'c', 'h' ) )"
log_60_1692952441.xes.gz,drift_3,process_trees_3,2,"->( *( ->( ->( ->( ->( *( 'a', X( 'i', 'k' ) ), 'j' ), +( 'f', *tau* ) ), 'e' ), *tau* ), 'b' ), +( 'c', 'h' ) )"
log_60_1692952441.xes.gz,drift_3,process_trees_4,3,"->( *( ->( ->( ->( ->( *( 'a', X( 'i', 'k' ) ), 'j' ), +( 'f', *tau* ) ), 'e' ), *tau* ), 'b' ), +( 'c', *tau* ) )"
log_60_1692952441.xes.gz,drift_3,change_info_1,change_type,sudden
log_60_1692952441.xes.gz,drift_3,change_info_1,change_trace_index,[7452]
log_60_1692952441.xes.gz,drift_3,change_info_1,process_tree_before,"->( *( ->( ->( ->( ->( *( 'a', X( 'i', 'k' ) ), 'j' ), +( 'f', 'g' ) ), 'e' ), 'd' ), 'b' ), +( 'c', 'h' ) )"
log_60_1692952441.xes.gz,drift_3,change_info_1,process_tree_after,"->( *( ->( ->( ->( ->( *( 'a', X( 'i', 'k' ) ), 'j' ), +( 'f', 'g' ) ), 'e' ), *tau* ), 'b' ), +( 'c', 'h' ) )"
log_60_1692952441.xes.gz,drift_3,change_info_1,activities_deleted,[d]
log_60_1692952441.xes.gz,drift_3,change_info_1,activities_added,[]
log_60_1692952441.xes.gz,drift_3,change_info_1,activities_moved,[]
log_60_1692952441.xes.gz,drift_3,change_info_1,change_start,2029-05-07 11:20:22.120508
log_60_1692952441.xes.gz,drift_3,change_info_1,change_end,2029-05-07 11:20:22.120508
log_60_1692952441.xes.gz,drift_3,change_info_2,change_type,sudden
log_60_1692952441.xes.gz,drift_3,change_info_2,change_trace_index,[8819]
log_60_1692952441.xes.gz,drift_3,change_info_2,process_tree_before,"->( *( ->( ->( ->( ->( *( 'a', X( 'i', 'k' ) ), 'j' ), +( 'f', 'g' ) ), 'e' ), *tau* ), 'b' ), +( 'c', 'h' ) )"
log_60_1692952441.xes.gz,drift_3,change_info_2,process_tree_after,"->( *( ->( ->( ->( ->( *( 'a', X( 'i', 'k' ) ), 'j' ), +( 'f', *tau* ) ), 'e' ), *tau* ), 'b' ), +( 'c', 'h' ) )"
log_60_1692952441.xes.gz,drift_3,change_info_2,activities_deleted,[g]
log_60_1692952441.xes.gz,drift_3,change_info_2,activities_added,[]
log_60_1692952441.xes.gz,drift_3,change_info_2,activities_moved,[]
log_60_1692952441.xes.gz,drift_3,change_info_2,change_start,2031-01-20 23:50:47.971679
log_60_1692952441.xes.gz,drift_3,change_info_2,change_end,2031-01-20 23:50:47.971679
log_60_1692952441.xes.gz,drift_3,change_info_3,change_type,sudden
log_60_1692952441.xes.gz,drift_3,change_info_3,change_trace_index,[10127]
log_60_1692952441.xes.gz,drift_3,change_info_3,process_tree_before,"->( *( ->( ->( ->( ->( *( 'a', X( 'i', 'k' ) ), 'j' ), +( 'f', *tau* ) ), 'e' ), *tau* ), 'b' ), +( 'c', 'h' ) )"
log_60_1692952441.xes.gz,drift_3,change_info_3,process_tree_after,"->( *( ->( ->( ->( ->( *( 'a', X( 'i', 'k' ) ), 'j' ), +( 'f', *tau* ) ), 'e' ), *tau* ), 'b' ), +( 'c', *tau* ) )"
log_60_1692952441.xes.gz,drift_3,change_info_3,activities_deleted,[h]
log_60_1692952441.xes.gz,drift_3,change_info_3,activities_added,[]
log_60_1692952441.xes.gz,drift_3,change_info_3,activities_moved,[]
log_60_1692952441.xes.gz,drift_3,change_info_3,change_start,2032-08-25 03:45:29.112063
log_60_1692952441.xes.gz,drift_3,change_info_3,change_end,2032-08-25 03:45:29.112063
log_61_1692952452.xes.gz,drift_1,log_id,1,log_61_1692952452.xes.gz
log_61_1692952452.xes.gz,drift_1,drift_id,1,1
log_61_1692952452.xes.gz,drift_1,process_perspective,1,control-flow
log_61_1692952452.xes.gz,drift_1,process_complexity,1,simple
log_61_1692952452.xes.gz,drift_1,drift_type,1,recurring
log_61_1692952452.xes.gz,drift_1,process_trees_1,0,"+( 'a', X( +( ->( 'b', 'f' ), 'd' ), ->( 'c', 'e' ) ) )"
log_61_1692952452.xes.gz,drift_1,process_trees_2,1,"+( *tau*, X( +( ->( 'b', 'f' ), *tau* ), ->( 'c', 'e' ) ) )"
log_61_1692952452.xes.gz,drift_1,process_trees_3,2,"+( 'a', X( +( ->( 'b', 'f' ), 'd' ), ->( 'c', 'e' ) ) )"
log_61_1692952452.xes.gz,drift_1,process_trees_4,3,"+( *tau*, X( +( ->( 'b', 'f' ), *tau* ), ->( 'c', 'e' ) ) )"
log_61_1692952452.xes.gz,drift_1,change_info_1,change_type,gradual
log_61_1692952452.xes.gz,drift_1,change_info_1,change_trace_index,"[1461, 2278]"
log_61_1692952452.xes.gz,drift_1,change_info_1,process_tree_before,"+( 'a', X( +( ->( 'b', 'f' ), 'd' ), ->( 'c', 'e' ) ) )"
log_61_1692952452.xes.gz,drift_1,change_info_1,process_tree_after,"+( *tau*, X( +( ->( 'b', 'f' ), *tau* ), ->( 'c', 'e' ) ) )"
log_61_1692952452.xes.gz,drift_1,change_info_1,activities_deleted,"[d, a]"
log_61_1692952452.xes.gz,drift_1,change_info_1,activities_added,[]
log_61_1692952452.xes.gz,drift_1,change_info_1,activities_moved,[]
log_61_1692952452.xes.gz,drift_1,change_info_1,change_start,2021-12-05 16:35:58.406207
log_61_1692952452.xes.gz,drift_1,change_info_1,change_end,2022-12-23 07:44:14.467244
log_61_1692952452.xes.gz,drift_1,change_info_2,change_type,sudden
log_61_1692952452.xes.gz,drift_1,change_info_2,change_trace_index,[3644]
log_61_1692952452.xes.gz,drift_1,change_info_2,process_tree_before,"+( *tau*, X( +( ->( 'b', 'f' ), *tau* ), ->( 'c', 'e' ) ) )"
log_61_1692952452.xes.gz,drift_1,change_info_2,process_tree_after,"+( 'a', X( +( ->( 'b', 'f' ), 'd' ), ->( 'c', 'e' ) ) )"
log_61_1692952452.xes.gz,drift_1,change_info_2,activities_deleted,[]
log_61_1692952452.xes.gz,drift_1,change_info_2,activities_added,"[d, a]"
log_61_1692952452.xes.gz,drift_1,change_info_2,activities_moved,[]
log_61_1692952452.xes.gz,drift_1,change_info_2,change_start,2024-10-06 02:16:37.506390
log_61_1692952452.xes.gz,drift_1,change_info_2,change_end,2024-10-06 02:16:37.506390
log_61_1692952452.xes.gz,drift_1,change_info_3,change_type,sudden
log_61_1692952452.xes.gz,drift_1,change_info_3,change_trace_index,[4850]
log_61_1692952452.xes.gz,drift_1,change_info_3,process_tree_before,"+( 'a', X( +( ->( 'b', 'f' ), 'd' ), ->( 'c', 'e' ) ) )"
log_61_1692952452.xes.gz,drift_1,change_info_3,process_tree_after,"+( *tau*, X( +( ->( 'b', 'f' ), *tau* ), ->( 'c', 'e' ) ) )"
log_61_1692952452.xes.gz,drift_1,change_info_3,activities_deleted,"[d, a]"
log_61_1692952452.xes.gz,drift_1,change_info_3,activities_added,[]
log_61_1692952452.xes.gz,drift_1,change_info_3,activities_moved,[]
log_61_1692952452.xes.gz,drift_1,change_info_3,change_start,2026-05-06 00:01:05.398705
log_61_1692952452.xes.gz,drift_1,change_info_3,change_end,2026-05-06 00:01:05.398705
log_61_1692952452.xes.gz,drift_2,log_id,1,log_61_1692952452.xes.gz
log_61_1692952452.xes.gz,drift_2,drift_id,1,2
log_61_1692952452.xes.gz,drift_2,process_perspective,1,control-flow
log_61_1692952452.xes.gz,drift_2,process_complexity,1,simple
log_61_1692952452.xes.gz,drift_2,drift_type,1,incremental
log_61_1692952452.xes.gz,drift_2,process_trees_1,0,"+( 'a', X( +( ->( 'b', 'f' ), 'd' ), ->( 'c', 'e' ) ) )"
log_61_1692952452.xes.gz,drift_2,process_trees_2,1,"+( 'a', X( +( ->( 'b', 'f' ), 'd' ), ->( 'c', *tau* ) ) )"
log_61_1692952452.xes.gz,drift_2,process_trees_3,2,"+( 'a', X( +( ->( 'b', 'f' ), 'd' ), ->( 'c', *tau* ), 'Random activity 1' ) )"
log_61_1692952452.xes.gz,drift_2,process_trees_4,3,"+( *tau*, X( +( ->( 'b', 'f' ), 'd' ), ->( 'c', *tau* ), 'Random activity 1' ) )"
log_61_1692952452.xes.gz,drift_2,change_info_1,change_type,sudden
log_61_1692952452.xes.gz,drift_2,change_info_1,change_trace_index,[6300]
log_61_1692952452.xes.gz,drift_2,change_info_1,process_tree_before,"+( 'a', X( +( ->( 'b', 'f' ), 'd' ), ->( 'c', 'e' ) ) )"
log_61_1692952452.xes.gz,drift_2,change_info_1,process_tree_after,"+( 'a', X( +( ->( 'b', 'f' ), 'd' ), ->( 'c', *tau* ) ) )"
log_61_1692952452.xes.gz,drift_2,change_info_1,activities_deleted,[e]
log_61_1692952452.xes.gz,drift_2,change_info_1,activities_added,[]
log_61_1692952452.xes.gz,drift_2,change_info_1,activities_moved,[]
log_61_1692952452.xes.gz,drift_2,change_info_1,change_start,2028-02-29 06:56:39.352063
log_61_1692952452.xes.gz,drift_2,change_info_1,change_end,2028-02-29 06:56:39.352063
log_61_1692952452.xes.gz,drift_2,change_info_2,change_type,sudden
log_61_1692952452.xes.gz,drift_2,change_info_2,change_trace_index,[7761]
log_61_1692952452.xes.gz,drift_2,change_info_2,process_tree_before,"+( 'a', X( +( ->( 'b', 'f' ), 'd' ), ->( 'c', *tau* ) ) )"
log_61_1692952452.xes.gz,drift_2,change_info_2,process_tree_after,"+( 'a', X( +( ->( 'b', 'f' ), 'd' ), ->( 'c', *tau* ), 'Random activity 1' ) )"
log_61_1692952452.xes.gz,drift_2,change_info_2,activities_deleted,[]
log_61_1692952452.xes.gz,drift_2,change_info_2,activities_added,[Random activity 1]
log_61_1692952452.xes.gz,drift_2,change_info_2,activities_moved,[]
log_61_1692952452.xes.gz,drift_2,change_info_2,change_start,2030-02-14 14:52:33.034600
log_61_1692952452.xes.gz,drift_2,change_info_2,change_end,2030-02-14 14:52:33.034600
log_61_1692952452.xes.gz,drift_2,change_info_3,change_type,gradual
log_61_1692952452.xes.gz,drift_2,change_info_3,change_trace_index,"[9161, 9996]"
log_61_1692952452.xes.gz,drift_2,change_info_3,process_tree_before,"+( 'a', X( +( ->( 'b', 'f' ), 'd' ), ->( 'c', *tau* ), 'Random activity 1' ) )"
log_61_1692952452.xes.gz,drift_2,change_info_3,process_tree_after,"+( *tau*, X( +( ->( 'b', 'f' ), 'd' ), ->( 'c', *tau* ), 'Random activity 1' ) )"
log_61_1692952452.xes.gz,drift_2,change_info_3,activities_deleted,[a]
log_61_1692952452.xes.gz,drift_2,change_info_3,activities_added,[]
log_61_1692952452.xes.gz,drift_2,change_info_3,activities_moved,[]
log_61_1692952452.xes.gz,drift_2,change_info_3,change_start,2031-11-17 01:55:24.460349
log_61_1692952452.xes.gz,drift_2,change_info_3,change_end,2032-12-06 21:35:34.691804
log_61_1692952452.xes.gz,drift_3,log_id,1,log_61_1692952452.xes.gz
log_61_1692952452.xes.gz,drift_3,drift_id,1,3
log_61_1692952452.xes.gz,drift_3,process_perspective,1,control-flow
log_61_1692952452.xes.gz,drift_3,process_complexity,1,simple
log_61_1692952452.xes.gz,drift_3,drift_type,1,recurring
log_61_1692952452.xes.gz,drift_3,process_trees_1,0,"+( 'a', X( +( ->( 'b', 'f' ), 'd' ), ->( 'c', 'e' ) ) )"
log_61_1692952452.xes.gz,drift_3,process_trees_2,1,"+( 'a', X( +( ->( 'b', 'c' ), 'd' ), ->( 'f', 'e' ) ) )"
log_61_1692952452.xes.gz,drift_3,process_trees_3,2,"+( 'a', X( +( ->( 'b', 'f' ), 'd' ), ->( 'c', 'e' ) ) )"
log_61_1692952452.xes.gz,drift_3,process_trees_4,3,"+( 'a', X( +( ->( 'b', 'c' ), 'd' ), ->( 'f', 'e' ) ) )"
log_61_1692952452.xes.gz,drift_3,change_info_1,change_type,gradual
log_61_1692952452.xes.gz,drift_3,change_info_1,change_trace_index,"[11400, 11926]"
log_61_1692952452.xes.gz,drift_3,change_info_1,process_tree_before,"+( 'a', X( +( ->( 'b', 'f' ), 'd' ), ->( 'c', 'e' ) ) )"
log_61_1692952452.xes.gz,drift_3,change_info_1,process_tree_after,"+( 'a', X( +( ->( 'b', 'c' ), 'd' ), ->( 'f', 'e' ) ) )"
log_61_1692952452.xes.gz,drift_3,change_info_1,activities_deleted,[]
log_61_1692952452.xes.gz,drift_3,change_info_1,activities_added,[]
log_61_1692952452.xes.gz,drift_3,change_info_1,activities_moved,"[c, f]"
log_61_1692952452.xes.gz,drift_3,change_info_1,change_start,2034-09-12 13:03:28.664167
log_61_1692952452.xes.gz,drift_3,change_info_1,change_end,2035-05-16 03:37:47.165843
log_61_1692952452.xes.gz,drift_3,change_info_2,change_type,gradual
log_61_1692952452.xes.gz,drift_3,change_info_2,change_trace_index,"[13119, 13979]"
log_61_1692952452.xes.gz,drift_3,change_info_2,process_tree_before,"+( 'a', X( +( ->( 'b', 'c' ), 'd' ), ->( 'f', 'e' ) ) )"
log_61_1692952452.xes.gz,drift_3,change_info_2,process_tree_after,"+( 'a', X( +( ->( 'b', 'f' ), 'd' ), ->( 'c', 'e' ) ) )"
log_61_1692952452.xes.gz,drift_3,change_info_2,activities_deleted,[]
log_61_1692952452.xes.gz,drift_3,change_info_2,activities_added,[]
log_61_1692952452.xes.gz,drift_3,change_info_2,activities_moved,"[c, f]"
log_61_1692952452.xes.gz,drift_3,change_info_2,change_start,2036-11-03 21:02:52.116525
log_61_1692952452.xes.gz,drift_3,change_info_2,change_end,2037-11-22 13:13:37.827743
log_61_1692952452.xes.gz,drift_3,change_info_3,change_type,sudden
log_61_1692952452.xes.gz,drift_3,change_info_3,change_trace_index,[15446]
log_61_1692952452.xes.gz,drift_3,change_info_3,process_tree_before,"+( 'a', X( +( ->( 'b', 'f' ), 'd' ), ->( 'c', 'e' ) ) )"
log_61_1692952452.xes.gz,drift_3,change_info_3,process_tree_after,"+( 'a', X( +( ->( 'b', 'c' ), 'd' ), ->( 'f', 'e' ) ) )"
log_61_1692952452.xes.gz,drift_3,change_info_3,activities_deleted,[]
log_61_1692952452.xes.gz,drift_3,change_info_3,activities_added,[]
log_61_1692952452.xes.gz,drift_3,change_info_3,activities_moved,"[c, f]"
log_61_1692952452.xes.gz,drift_3,change_info_3,change_start,2039-09-26 14:59:48.549227
log_61_1692952452.xes.gz,drift_3,change_info_3,change_end,2039-09-26 14:59:48.549227
log_62_1692952457.xes.gz,drift_1,log_id,1,log_62_1692952457.xes.gz
log_62_1692952457.xes.gz,drift_1,drift_id,1,1
log_62_1692952457.xes.gz,drift_1,process_perspective,1,control-flow
log_62_1692952457.xes.gz,drift_1,process_complexity,1,simple
log_62_1692952457.xes.gz,drift_1,drift_type,1,incremental
log_62_1692952457.xes.gz,drift_1,process_trees_1,0,"->( ->( ->( 'a', ->( 'd', 'e' ) ), +( 'c', 'f' ) ), 'b' )"
log_62_1692952457.xes.gz,drift_1,process_trees_2,1,"->( ->( ->( 'a', ->( 'd', 'e' ) ), +( *tau*, 'f' ) ), 'b' )"
log_62_1692952457.xes.gz,drift_1,process_trees_3,2,"->( ->( ->( 'a', ->( 'd', 'e', 'Random activity 1' ) ), +( *tau*, 'f' ) ), 'b' )"
log_62_1692952457.xes.gz,drift_1,process_trees_4,3,"->( ->( ->( 'a', ->( *tau*, 'e', 'Random activity 1' ) ), +( *tau*, 'f' ) ), 'b' )"
log_62_1692952457.xes.gz,drift_1,change_info_1,change_type,gradual
log_62_1692952457.xes.gz,drift_1,change_info_1,change_trace_index,"[1344, 2257]"
log_62_1692952457.xes.gz,drift_1,change_info_1,process_tree_before,"->( ->( ->( 'a', ->( 'd', 'e' ) ), +( 'c', 'f' ) ), 'b' )"
log_62_1692952457.xes.gz,drift_1,change_info_1,process_tree_after,"->( ->( ->( 'a', ->( 'd', 'e' ) ), +( *tau*, 'f' ) ), 'b' )"
log_62_1692952457.xes.gz,drift_1,change_info_1,activities_deleted,[c]
log_62_1692952457.xes.gz,drift_1,change_info_1,activities_added,[]
log_62_1692952457.xes.gz,drift_1,change_info_1,activities_moved,[]
log_62_1692952457.xes.gz,drift_1,change_info_1,change_start,2021-10-17 11:40:42.237981
log_62_1692952457.xes.gz,drift_1,change_info_1,change_end,2022-12-28 08:50:13.262025
log_62_1692952457.xes.gz,drift_1,change_info_2,change_type,gradual
log_62_1692952457.xes.gz,drift_1,change_info_2,change_trace_index,"[3301, 4214]"
log_62_1692952457.xes.gz,drift_1,change_info_2,process_tree_before,"->( ->( ->( 'a', ->( 'd', 'e' ) ), +( *tau*, 'f' ) ), 'b' )"
log_62_1692952457.xes.gz,drift_1,change_info_2,process_tree_after,"->( ->( ->( 'a', ->( 'd', 'e', 'Random activity 1' ) ), +( *tau*, 'f' ) ), 'b' )"
log_62_1692952457.xes.gz,drift_1,change_info_2,activities_deleted,[]
log_62_1692952457.xes.gz,drift_1,change_info_2,activities_added,[Random activity 1]
log_62_1692952457.xes.gz,drift_1,change_info_2,activities_moved,[]
log_62_1692952457.xes.gz,drift_1,change_info_2,change_start,2024-05-03 22:12:11.677632
log_62_1692952457.xes.gz,drift_1,change_info_2,change_end,2025-07-14 11:43:51.285268
log_62_1692952457.xes.gz,drift_1,change_info_3,change_type,gradual
log_62_1692952457.xes.gz,drift_1,change_info_3,change_trace_index,"[5614, 6547]"
log_62_1692952457.xes.gz,drift_1,change_info_3,process_tree_before,"->( ->( ->( 'a', ->( 'd', 'e', 'Random activity 1' ) ), +( *tau*, 'f' ) ), 'b' )"
log_62_1692952457.xes.gz,drift_1,change_info_3,process_tree_after,"->( ->( ->( 'a', ->( *tau*, 'e', 'Random activity 1' ) ), +( *tau*, 'f' ) ), 'b' )"
log_62_1692952457.xes.gz,drift_1,change_info_3,activities_deleted,[d]
log_62_1692952457.xes.gz,drift_1,change_info_3,activities_added,[]
log_62_1692952457.xes.gz,drift_1,change_info_3,activities_moved,[]
log_62_1692952457.xes.gz,drift_1,change_info_3,change_start,2027-04-08 19:58:10.502329
log_62_1692952457.xes.gz,drift_1,change_info_3,change_end,2028-05-22 00:57:44.250283
log_62_1692952457.xes.gz,drift_2,log_id,1,log_62_1692952457.xes.gz
log_62_1692952457.xes.gz,drift_2,drift_id,1,2
log_62_1692952457.xes.gz,drift_2,process_perspective,1,control-flow
log_62_1692952457.xes.gz,drift_2,process_complexity,1,simple
log_62_1692952457.xes.gz,drift_2,drift_type,1,gradual
log_62_1692952457.xes.gz,drift_2,process_trees_1,0,"->( ->( ->( 'a', ->( 'd', 'e' ) ), +( 'c', 'f' ) ), 'b' )"
log_62_1692952457.xes.gz,drift_2,process_trees_2,1,"->( ->( ->( 'a', ->( 'd', *tau* ), 'Random activity 1' ), +( 'c', 'f' ) ), 'b' )"
log_62_1692952457.xes.gz,drift_2,change_info_1,change_type,gradual
log_62_1692952457.xes.gz,drift_2,change_info_1,change_trace_index,"[7639, 8311]"
log_62_1692952457.xes.gz,drift_2,change_info_1,process_tree_before,"->( ->( ->( 'a', ->( 'd', 'e' ) ), +( 'c', 'f' ) ), 'b' )"
log_62_1692952457.xes.gz,drift_2,change_info_1,process_tree_after,"->( ->( ->( 'a', ->( 'd', *tau* ), 'Random activity 1' ), +( 'c', 'f' ) ), 'b' )"
log_62_1692952457.xes.gz,drift_2,change_info_1,activities_deleted,[e]
log_62_1692952457.xes.gz,drift_2,change_info_1,activities_added,[Random activity 1]
log_62_1692952457.xes.gz,drift_2,change_info_1,activities_moved,[]
log_62_1692952457.xes.gz,drift_2,change_info_1,change_start,2029-10-11 07:35:03.047093
log_62_1692952457.xes.gz,drift_2,change_info_1,change_end,2030-08-01 13:04:34.056044
log_63_1692952460.xes.gz,drift_1,log_id,1,log_63_1692952460.xes.gz
log_63_1692952460.xes.gz,drift_1,drift_id,1,1
log_63_1692952460.xes.gz,drift_1,process_perspective,1,control-flow
log_63_1692952460.xes.gz,drift_1,process_complexity,1,simple
log_63_1692952460.xes.gz,drift_1,drift_type,1,incremental
log_63_1692952460.xes.gz,drift_1,process_trees_1,0,"->( +( 'a', X( ->( 'd', 'f' ), 'e' ) ), ->( ->( 'b', 'g' ), 'c' ) )"
log_63_1692952460.xes.gz,drift_1,process_trees_2,1,"->( +( 'a', X( ->( 'd', 'f' ), 'e' ) ), ->( ->( 'b', 'g', 'Random activity 1' ), 'c' ) )"
log_63_1692952460.xes.gz,drift_1,process_trees_3,2,"->( +( 'a', X( ->( 'd', 'f' ), 'e' ) ), ->( ->( 'b', 'g', 'Random activity 1' ), 'c' ), 'Random activity 2' )"
log_63_1692952460.xes.gz,drift_1,process_trees_4,3,"->( +( 'a', X( ->( 'd', 'f', 'Random activity 3' ), 'e' ) ), ->( ->( 'b', 'g', 'Random activity 1' ), 'c' ), 'Random activity 2' )"
log_63_1692952460.xes.gz,drift_1,change_info_1,change_type,gradual
log_63_1692952460.xes.gz,drift_1,change_info_1,change_trace_index,"[1145, 1912]"
log_63_1692952460.xes.gz,drift_1,change_info_1,process_tree_before,"->( +( 'a', X( ->( 'd', 'f' ), 'e' ) ), ->( ->( 'b', 'g' ), 'c' ) )"
log_63_1692952460.xes.gz,drift_1,change_info_1,process_tree_after,"->( +( 'a', X( ->( 'd', 'f' ), 'e' ) ), ->( ->( 'b', 'g', 'Random activity 1' ), 'c' ) )"
log_63_1692952460.xes.gz,drift_1,change_info_1,activities_deleted,[]
log_63_1692952460.xes.gz,drift_1,change_info_1,activities_added,[Random activity 1]
log_63_1692952460.xes.gz,drift_1,change_info_1,activities_moved,[]
log_63_1692952460.xes.gz,drift_1,change_info_1,change_start,2021-07-03 04:48:11.309886
log_63_1692952460.xes.gz,drift_1,change_info_1,change_end,2022-06-22 22:44:14.031074
log_63_1692952460.xes.gz,drift_1,change_info_2,change_type,sudden
log_63_1692952460.xes.gz,drift_1,change_info_2,change_trace_index,[2997]
log_63_1692952460.xes.gz,drift_1,change_info_2,process_tree_before,"->( +( 'a', X( ->( 'd', 'f' ), 'e' ) ), ->( ->( 'b', 'g', 'Random activity 1' ), 'c' ) )"
log_63_1692952460.xes.gz,drift_1,change_info_2,process_tree_after,"->( +( 'a', X( ->( 'd', 'f' ), 'e' ) ), ->( ->( 'b', 'g', 'Random activity 1' ), 'c' ), 'Random activity 2' )"
log_63_1692952460.xes.gz,drift_1,change_info_2,activities_deleted,[]
log_63_1692952460.xes.gz,drift_1,change_info_2,activities_added,[Random activity 2]
log_63_1692952460.xes.gz,drift_1,change_info_2,activities_moved,[]
log_63_1692952460.xes.gz,drift_1,change_info_2,change_start,2023-10-24 14:01:59.834794
log_63_1692952460.xes.gz,drift_1,change_info_2,change_end,2023-10-24 14:01:59.834794
log_63_1692952460.xes.gz,drift_1,change_info_3,change_type,sudden
log_63_1692952460.xes.gz,drift_1,change_info_3,change_trace_index,[4472]
log_63_1692952460.xes.gz,drift_1,change_info_3,process_tree_before,"->( +( 'a', X( ->( 'd', 'f' ), 'e' ) ), ->( ->( 'b', 'g', 'Random activity 1' ), 'c' ), 'Random activity 2' )"
log_63_1692952460.xes.gz,drift_1,change_info_3,process_tree_after,"->( +( 'a', X( ->( 'd', 'f', 'Random activity 3' ), 'e' ) ), ->( ->( 'b', 'g', 'Random activity 1' ), 'c' ), 'Random activity 2' )"
log_63_1692952460.xes.gz,drift_1,change_info_3,activities_deleted,[]
log_63_1692952460.xes.gz,drift_1,change_info_3,activities_added,[Random activity 3]
log_63_1692952460.xes.gz,drift_1,change_info_3,activities_moved,[]
log_63_1692952460.xes.gz,drift_1,change_info_3,change_start,2025-08-09 13:33:06.238163
log_63_1692952460.xes.gz,drift_1,change_info_3,change_end,2025-08-09 13:33:06.238163
log_64_1692952462.xes.gz,drift_1,log_id,1,log_64_1692952462.xes.gz
log_64_1692952462.xes.gz,drift_1,drift_id,1,1
log_64_1692952462.xes.gz,drift_1,process_perspective,1,control-flow
log_64_1692952462.xes.gz,drift_1,process_complexity,1,simple
log_64_1692952462.xes.gz,drift_1,drift_type,1,recurring
log_64_1692952462.xes.gz,drift_1,process_trees_1,0,"->( 'a', ->( ->( 'b', 'f' ), ->( 'c', ->( 'd', X( 'e', 'g' ) ) ) ) )"
log_64_1692952462.xes.gz,drift_1,process_trees_2,1,"->( 'a', ->( ->( 'Random activity 1', 'f' ), ->( 'c', ->( 'd', X( *tau*, 'g' ) ) ) ) )"
log_64_1692952462.xes.gz,drift_1,process_trees_3,2,"->( 'a', ->( ->( 'b', 'f' ), ->( 'c', ->( 'd', X( 'e', 'g' ) ) ) ) )"
log_64_1692952462.xes.gz,drift_1,process_trees_4,3,"->( 'a', ->( ->( 'Random activity 1', 'f' ), ->( 'c', ->( 'd', X( *tau*, 'g' ) ) ) ) )"
log_64_1692952462.xes.gz,drift_1,change_info_1,change_type,sudden
log_64_1692952462.xes.gz,drift_1,change_info_1,change_trace_index,[1238]
log_64_1692952462.xes.gz,drift_1,change_info_1,process_tree_before,"->( 'a', ->( ->( 'b', 'f' ), ->( 'c', ->( 'd', X( 'e', 'g' ) ) ) ) )"
log_64_1692952462.xes.gz,drift_1,change_info_1,process_tree_after,"->( 'a', ->( ->( 'Random activity 1', 'f' ), ->( 'c', ->( 'd', X( *tau*, 'g' ) ) ) ) )"
log_64_1692952462.xes.gz,drift_1,change_info_1,activities_deleted,"[b, e]"
log_64_1692952462.xes.gz,drift_1,change_info_1,activities_added,[Random activity 1]
log_64_1692952462.xes.gz,drift_1,change_info_1,activities_moved,[]
log_64_1692952462.xes.gz,drift_1,change_info_1,change_start,2021-08-09 07:02:36.979483
log_64_1692952462.xes.gz,drift_1,change_info_1,change_end,2021-08-09 07:02:36.979483
log_64_1692952462.xes.gz,drift_1,change_info_2,change_type,sudden
log_64_1692952462.xes.gz,drift_1,change_info_2,change_trace_index,[2404]
log_64_1692952462.xes.gz,drift_1,change_info_2,process_tree_before,"->( 'a', ->( ->( 'Random activity 1', 'f' ), ->( 'c', ->( 'd', X( *tau*, 'g' ) ) ) ) )"
log_64_1692952462.xes.gz,drift_1,change_info_2,process_tree_after,"->( 'a', ->( ->( 'b', 'f' ), ->( 'c', ->( 'd', X( 'e', 'g' ) ) ) ) )"
log_64_1692952462.xes.gz,drift_1,change_info_2,activities_deleted,[Random activity 1]
log_64_1692952462.xes.gz,drift_1,change_info_2,activities_added,"[b, e]"
log_64_1692952462.xes.gz,drift_1,change_info_2,activities_moved,[]
log_64_1692952462.xes.gz,drift_1,change_info_2,change_start,2023-02-25 10:23:29.769456
log_64_1692952462.xes.gz,drift_1,change_info_2,change_end,2023-02-25 10:23:29.769456
log_64_1692952462.xes.gz,drift_1,change_info_3,change_type,gradual
log_64_1692952462.xes.gz,drift_1,change_info_3,change_trace_index,"[3563, 4310]"
log_64_1692952462.xes.gz,drift_1,change_info_3,process_tree_before,"->( 'a', ->( ->( 'b', 'f' ), ->( 'c', ->( 'd', X( 'e', 'g' ) ) ) ) )"
log_64_1692952462.xes.gz,drift_1,change_info_3,process_tree_after,"->( 'a', ->( ->( 'Random activity 1', 'f' ), ->( 'c', ->( 'd', X( *tau*, 'g' ) ) ) ) )"
log_64_1692952462.xes.gz,drift_1,change_info_3,activities_deleted,"[b, e]"
log_64_1692952462.xes.gz,drift_1,change_info_3,activities_added,[Random activity 1]
log_64_1692952462.xes.gz,drift_1,change_info_3,activities_moved,[]
log_64_1692952462.xes.gz,drift_1,change_info_3,change_start,2024-08-14 09:09:27.455579
log_64_1692952462.xes.gz,drift_1,change_info_3,change_end,2025-06-17 14:13:38.586526
log_65_1692952464.xes.gz,drift_1,log_id,1,log_65_1692952464.xes.gz
log_65_1692952464.xes.gz,drift_1,drift_id,1,1
log_65_1692952464.xes.gz,drift_1,process_perspective,1,control-flow
log_65_1692952464.xes.gz,drift_1,process_complexity,1,complex
log_65_1692952464.xes.gz,drift_1,drift_type,1,recurring
log_65_1692952464.xes.gz,drift_1,process_trees_1,0,"X( ->( X( ->( *( 'a', 'g' ), X( 'h', +( 'm', 'n' ) ) ), ->( *( ->( *( 'f', 'o' ), 'p' ), 'i' ), 'j' ) ), 'e' ), +( X( 'b', 'd' ), ->( *( 'c', 'k' ), 'l' ) ) )"
log_65_1692952464.xes.gz,drift_1,process_trees_2,1,"X( ->( X( ->( *( 'a', 'g' ), X( 'h', +( 'm', 'n' ) ) ), ->( *( ->( *( 'f', 'o' ), 'p' ), 'i', *( 'c', 'k' ) ), 'j' ) ), 'e' ), +( X( 'b', 'd' ), ->( *tau*, 'l' ) ) )"
log_65_1692952464.xes.gz,drift_1,process_trees_3,2,"X( ->( X( ->( *( 'a', 'g' ), X( 'h', +( 'm', 'n' ) ) ), ->( *( ->( *( 'f', 'o' ), 'p' ), 'i' ), 'j' ) ), 'e' ), +( X( 'b', 'd' ), ->( *( 'c', 'k' ), 'l' ) ) )"
log_65_1692952464.xes.gz,drift_1,process_trees_4,3,"X( ->( X( ->( *( 'a', 'g' ), X( 'h', +( 'm', 'n' ) ) ), ->( *( ->( *( 'f', 'o' ), 'p' ), 'i', *( 'c', 'k' ) ), 'j' ) ), 'e' ), +( X( 'b', 'd' ), ->( *tau*, 'l' ) ) )"
log_65_1692952464.xes.gz,drift_1,change_info_1,change_type,sudden
log_65_1692952464.xes.gz,drift_1,change_info_1,change_trace_index,[1326]
log_65_1692952464.xes.gz,drift_1,change_info_1,process_tree_before,"X( ->( X( ->( *( 'a', 'g' ), X( 'h', +( 'm', 'n' ) ) ), ->( *( ->( *( 'f', 'o' ), 'p' ), 'i' ), 'j' ) ), 'e' ), +( X( 'b', 'd' ), ->( *( 'c', 'k' ), 'l' ) ) )"
log_65_1692952464.xes.gz,drift_1,change_info_1,process_tree_after,"X( ->( X( ->( *( 'a', 'g' ), X( 'h', +( 'm', 'n' ) ) ), ->( *( ->( *( 'f', 'o' ), 'p' ), 'i', *( 'c', 'k' ) ), 'j' ) ), 'e' ), +( X( 'b', 'd' ), ->( *tau*, 'l' ) ) )"
log_65_1692952464.xes.gz,drift_1,change_info_1,activities_deleted,[]
log_65_1692952464.xes.gz,drift_1,change_info_1,activities_added,[]
log_65_1692952464.xes.gz,drift_1,change_info_1,activities_moved,"[c, k]"
log_65_1692952464.xes.gz,drift_1,change_info_1,change_start,2021-08-12 08:21:58.638868
log_65_1692952464.xes.gz,drift_1,change_info_1,change_end,2021-08-12 08:21:58.638868
log_65_1692952464.xes.gz,drift_1,change_info_2,change_type,gradual
log_65_1692952464.xes.gz,drift_1,change_info_2,change_trace_index,"[2439, 3162]"
log_65_1692952464.xes.gz,drift_1,change_info_2,process_tree_before,"X( ->( X( ->( *( 'a', 'g' ), X( 'h', +( 'm', 'n' ) ) ), ->( *( ->( *( 'f', 'o' ), 'p' ), 'i', *( 'c', 'k' ) ), 'j' ) ), 'e' ), +( X( 'b', 'd' ), ->( *tau*, 'l' ) ) )"
log_65_1692952464.xes.gz,drift_1,change_info_2,process_tree_after,"X( ->( X( ->( *( 'a', 'g' ), X( 'h', +( 'm', 'n' ) ) ), ->( *( ->( *( 'f', 'o' ), 'p' ), 'i' ), 'j' ) ), 'e' ), +( X( 'b', 'd' ), ->( *( 'c', 'k' ), 'l' ) ) )"
log_65_1692952464.xes.gz,drift_1,change_info_2,activities_deleted,[]
log_65_1692952464.xes.gz,drift_1,change_info_2,activities_added,[]
log_65_1692952464.xes.gz,drift_1,change_info_2,activities_moved,"[c, k]"
log_65_1692952464.xes.gz,drift_1,change_info_2,change_start,2023-01-21 14:25:29.081206
log_65_1692952464.xes.gz,drift_1,change_info_2,change_end,2023-12-09 05:12:23.923849
log_65_1692952464.xes.gz,drift_1,change_info_3,change_type,gradual
log_65_1692952464.xes.gz,drift_1,change_info_3,change_trace_index,"[4414, 5355]"
log_65_1692952464.xes.gz,drift_1,change_info_3,process_tree_before,"X( ->( X( ->( *( 'a', 'g' ), X( 'h', +( 'm', 'n' ) ) ), ->( *( ->( *( 'f', 'o' ), 'p' ), 'i' ), 'j' ) ), 'e' ), +( X( 'b', 'd' ), ->( *( 'c', 'k' ), 'l' ) ) )"
log_65_1692952464.xes.gz,drift_1,change_info_3,process_tree_after,"X( ->( X( ->( *( 'a', 'g' ), X( 'h', +( 'm', 'n' ) ) ), ->( *( ->( *( 'f', 'o' ), 'p' ), 'i', *( 'c', 'k' ) ), 'j' ) ), 'e' ), +( X( 'b', 'd' ), ->( *tau*, 'l' ) ) )"
log_65_1692952464.xes.gz,drift_1,change_info_3,activities_deleted,[]
log_65_1692952464.xes.gz,drift_1,change_info_3,activities_added,[]
log_65_1692952464.xes.gz,drift_1,change_info_3,activities_moved,"[c, k]"
log_65_1692952464.xes.gz,drift_1,change_info_3,change_start,2025-06-21 05:41:19.501308
log_65_1692952464.xes.gz,drift_1,change_info_3,change_end,2026-09-02 18:05:03.266684
log_66_1692952466.xes.gz,drift_1,log_id,1,log_66_1692952466.xes.gz
log_66_1692952466.xes.gz,drift_1,drift_id,1,1
log_66_1692952466.xes.gz,drift_1,process_perspective,1,control-flow
log_66_1692952466.xes.gz,drift_1,process_complexity,1,complex
log_66_1692952466.xes.gz,drift_1,drift_type,1,recurring
log_66_1692952466.xes.gz,drift_1,process_trees_1,0,"+( ->( *( 'a', X( 'd', 'i' ) ), X( 'e', 'g' ) ), ->( 'b', +( 'c', ->( ->( 'f', 'j' ), ->( *( 'h', ->( *( ->( *( 'k', 'o' ), 'p' ), 'm' ), 'n' ) ), 'l' ) ) ) ) )"
log_66_1692952466.xes.gz,drift_1,process_trees_2,1,"+( ->( *( 'a', X( 'd', 'i' ) ), X( 'e', 'g', 'Random activity 1' ) ), ->( 'b', +( 'c', ->( ->( 'f', 'j' ), ->( *( 'h', ->( *( ->( *( 'k', 'o' ), *tau* ), 'm' ), 'n' ) ), 'l' ) ) ) ) )"
log_66_1692952466.xes.gz,drift_1,process_trees_3,2,"+( ->( *( 'a', X( 'd', 'i' ) ), X( 'e', 'g' ) ), ->( 'b', +( 'c', ->( ->( 'f', 'j' ), ->( *( 'h', ->( *( ->( *( 'k', 'o' ), 'p' ), 'm' ), 'n' ) ), 'l' ) ) ) ) )"
log_66_1692952466.xes.gz,drift_1,process_trees_4,3,"+( ->( *( 'a', X( 'd', 'i' ) ), X( 'e', 'g', 'Random activity 1' ) ), ->( 'b', +( 'c', ->( ->( 'f', 'j' ), ->( *( 'h', ->( *( ->( *( 'k', 'o' ), *tau* ), 'm' ), 'n' ) ), 'l' ) ) ) ) )"
log_66_1692952466.xes.gz,drift_1,change_info_1,change_type,gradual
log_66_1692952466.xes.gz,drift_1,change_info_1,change_trace_index,"[1333, 1858]"
log_66_1692952466.xes.gz,drift_1,change_info_1,process_tree_before,"+( ->( *( 'a', X( 'd', 'i' ) ), X( 'e', 'g' ) ), ->( 'b', +( 'c', ->( ->( 'f', 'j' ), ->( *( 'h', ->( *( ->( *( 'k', 'o' ), 'p' ), 'm' ), 'n' ) ), 'l' ) ) ) ) )"
log_66_1692952466.xes.gz,drift_1,change_info_1,process_tree_after,"+( ->( *( 'a', X( 'd', 'i' ) ), X( 'e', 'g', 'Random activity 1' ) ), ->( 'b', +( 'c', ->( ->( 'f', 'j' ), ->( *( 'h', ->( *( ->( *( 'k', 'o' ), *tau* ), 'm' ), 'n' ) ), 'l' ) ) ) ) )"
log_66_1692952466.xes.gz,drift_1,change_info_1,activities_deleted,[p]
log_66_1692952466.xes.gz,drift_1,change_info_1,activities_added,[Random activity 1]
log_66_1692952466.xes.gz,drift_1,change_info_1,activities_moved,[]
log_66_1692952466.xes.gz,drift_1,change_info_1,change_start,2021-09-01 09:26:18.675066
log_66_1692952466.xes.gz,drift_1,change_info_1,change_end,2022-05-08 03:15:48.800514
log_66_1692952466.xes.gz,drift_1,change_info_2,change_type,sudden
log_66_1692952466.xes.gz,drift_1,change_info_2,change_trace_index,[3125]
log_66_1692952466.xes.gz,drift_1,change_info_2,process_tree_before,"+( ->( *( 'a', X( 'd', 'i' ) ), X( 'e', 'g', 'Random activity 1' ) ), ->( 'b', +( 'c', ->( ->( 'f', 'j' ), ->( *( 'h', ->( *( ->( *( 'k', 'o' ), *tau* ), 'm' ), 'n' ) ), 'l' ) ) ) ) )"
log_66_1692952466.xes.gz,drift_1,change_info_2,process_tree_after,"+( ->( *( 'a', X( 'd', 'i' ) ), X( 'e', 'g' ) ), ->( 'b', +( 'c', ->( ->( 'f', 'j' ), ->( *( 'h', ->( *( ->( *( 'k', 'o' ), 'p' ), 'm' ), 'n' ) ), 'l' ) ) ) ) )"
log_66_1692952466.xes.gz,drift_1,change_info_2,activities_deleted,[Random activity 1]
log_66_1692952466.xes.gz,drift_1,change_info_2,activities_added,[p]
log_66_1692952466.xes.gz,drift_1,change_info_2,activities_moved,[]
log_66_1692952466.xes.gz,drift_1,change_info_2,change_start,2023-12-15 09:27:25.990425
log_66_1692952466.xes.gz,drift_1,change_info_2,change_end,2023-12-15 09:27:25.990425
log_66_1692952466.xes.gz,drift_1,change_info_3,change_type,gradual
log_66_1692952466.xes.gz,drift_1,change_info_3,change_trace_index,"[4597, 5145]"
log_66_1692952466.xes.gz,drift_1,change_info_3,process_tree_before,"+( ->( *( 'a', X( 'd', 'i' ) ), X( 'e', 'g' ) ), ->( 'b', +( 'c', ->( ->( 'f', 'j' ), ->( *( 'h', ->( *( ->( *( 'k', 'o' ), 'p' ), 'm' ), 'n' ) ), 'l' ) ) ) ) )"
log_66_1692952466.xes.gz,drift_1,change_info_3,process_tree_after,"+( ->( *( 'a', X( 'd', 'i' ) ), X( 'e', 'g', 'Random activity 1' ) ), ->( 'b', +( 'c', ->( ->( 'f', 'j' ), ->( *( 'h', ->( *( ->( *( 'k', 'o' ), *tau* ), 'm' ), 'n' ) ), 'l' ) ) ) ) )"
log_66_1692952466.xes.gz,drift_1,change_info_3,activities_deleted,[p]
log_66_1692952466.xes.gz,drift_1,change_info_3,activities_added,[Random activity 1]
log_66_1692952466.xes.gz,drift_1,change_info_3,activities_moved,[]
log_66_1692952466.xes.gz,drift_1,change_info_3,change_start,2025-10-31 19:07:29.377305
log_66_1692952466.xes.gz,drift_1,change_info_3,change_end,2026-06-23 12:46:10.099836
log_66_1692952466.xes.gz,drift_2,log_id,1,log_66_1692952466.xes.gz
log_66_1692952466.xes.gz,drift_2,drift_id,1,2
log_66_1692952466.xes.gz,drift_2,process_perspective,1,control-flow
log_66_1692952466.xes.gz,drift_2,process_complexity,1,complex
log_66_1692952466.xes.gz,drift_2,drift_type,1,incremental
log_66_1692952466.xes.gz,drift_2,process_trees_1,0,"+( ->( *( 'a', X( 'd', 'i' ) ), X( 'e', 'g' ) ), ->( 'b', +( 'c', ->( ->( 'f', 'j' ), ->( *( 'h', ->( *( ->( *( 'k', 'o' ), 'p' ), 'm' ), 'n' ) ), 'l' ) ) ) ) )"
log_66_1692952466.xes.gz,drift_2,process_trees_2,1,"+( ->( *( 'a', X( 'd', 'i' ) ), X( 'e', 'g' ) ), ->( 'b', +( 'c', ->( ->( 'f', 'j' ), ->( *( 'h', ->( *( ->( *( 'k', 'o' ), 'p' ), 'm' ), 'n', 'Random activity 1' ) ), 'l' ) ) ) ) )"
log_66_1692952466.xes.gz,drift_2,process_trees_3,2,"+( ->( *( 'a', X( 'd', 'i' ), 'Random activity 2' ), X( 'e', 'g' ) ), ->( 'b', +( 'c', ->( ->( 'f', 'j' ), ->( *( 'h', ->( *( ->( *( 'k', 'o' ), 'p' ), 'm' ), 'n', 'Random activity 1' ) ), 'l' ) ) ) ) )"
log_66_1692952466.xes.gz,drift_2,process_trees_4,3,"+( ->( *( 'a', X( 'd', 'i' ), 'Random activity 2' ), X( 'e', 'g' ) ), ->( 'b', +( 'c', ->( ->( 'f', 'j' ), ->( *( 'h', ->( *( ->( *( 'k', 'o' ), 'p' ), 'm', 'Random activity 3' ), 'n', 'Random activity 1' ) ), 'l' ) ) ) ) )"
log_66_1692952466.xes.gz,drift_2,change_info_1,change_type,gradual
log_66_1692952466.xes.gz,drift_2,change_info_1,change_trace_index,"[6189, 7122]"
log_66_1692952466.xes.gz,drift_2,change_info_1,process_tree_before,"+( ->( *( 'a', X( 'd', 'i' ) ), X( 'e', 'g' ) ), ->( 'b', +( 'c', ->( ->( 'f', 'j' ), ->( *( 'h', ->( *( ->( *( 'k', 'o' ), 'p' ), 'm' ), 'n' ) ), 'l' ) ) ) ) )"
log_66_1692952466.xes.gz,drift_2,change_info_1,process_tree_after,"+( ->( *( 'a', X( 'd', 'i' ) ), X( 'e', 'g' ) ), ->( 'b', +( 'c', ->( ->( 'f', 'j' ), ->( *( 'h', ->( *( ->( *( 'k', 'o' ), 'p' ), 'm' ), 'n', 'Random activity 1' ) ), 'l' ) ) ) ) )"
log_66_1692952466.xes.gz,drift_2,change_info_1,activities_deleted,[]
log_66_1692952466.xes.gz,drift_2,change_info_1,activities_added,[Random activity 1]
log_66_1692952466.xes.gz,drift_2,change_info_1,activities_moved,[]
log_66_1692952466.xes.gz,drift_2,change_info_1,change_start,2027-10-28 20:22:07.743191
log_66_1692952466.xes.gz,drift_2,change_info_1,change_end,2028-12-31 07:37:02.903527
log_66_1692952466.xes.gz,drift_2,change_info_2,change_type,sudden
log_66_1692952466.xes.gz,drift_2,change_info_2,change_trace_index,[8601]
log_66_1692952466.xes.gz,drift_2,change_info_2,process_tree_before,"+( ->( *( 'a', X( 'd', 'i' ) ), X( 'e', 'g' ) ), ->( 'b', +( 'c', ->( ->( 'f', 'j' ), ->( *( 'h', ->( *( ->( *( 'k', 'o' ), 'p' ), 'm' ), 'n', 'Random activity 1' ) ), 'l' ) ) ) ) )"
log_66_1692952466.xes.gz,drift_2,change_info_2,process_tree_after,"+( ->( *( 'a', X( 'd', 'i' ), 'Random activity 2' ), X( 'e', 'g' ) ), ->( 'b', +( 'c', ->( ->( 'f', 'j' ), ->( *( 'h', ->( *( ->( *( 'k', 'o' ), 'p' ), 'm' ), 'n', 'Random activity 1' ) ), 'l' ) ) ) ) )"
log_66_1692952466.xes.gz,drift_2,change_info_2,activities_deleted,[]
log_66_1692952466.xes.gz,drift_2,change_info_2,activities_added,[Random activity 2]
log_66_1692952466.xes.gz,drift_2,change_info_2,activities_moved,[]
log_66_1692952466.xes.gz,drift_2,change_info_2,change_start,2030-10-21 18:41:01.563275
log_66_1692952466.xes.gz,drift_2,change_info_2,change_end,2030-10-21 18:41:01.563275
log_66_1692952466.xes.gz,drift_2,change_info_3,change_type,gradual
log_66_1692952466.xes.gz,drift_2,change_info_3,change_trace_index,"[9725, 10332]"
log_66_1692952466.xes.gz,drift_2,change_info_3,process_tree_before,"+( ->( *( 'a', X( 'd', 'i' ), 'Random activity 2' ), X( 'e', 'g' ) ), ->( 'b', +( 'c', ->( ->( 'f', 'j' ), ->( *( 'h', ->( *( ->( *( 'k', 'o' ), 'p' ), 'm' ), 'n', 'Random activity 1' ) ), 'l' ) ) ) ) )"
log_66_1692952466.xes.gz,drift_2,change_info_3,process_tree_after,"+( ->( *( 'a', X( 'd', 'i' ), 'Random activity 2' ), X( 'e', 'g' ) ), ->( 'b', +( 'c', ->( ->( 'f', 'j' ), ->( *( 'h', ->( *( ->( *( 'k', 'o' ), 'p' ), 'm', 'Random activity 3' ), 'n', 'Random activity 1' ) ), 'l' ) ) ) ) )"
log_66_1692952466.xes.gz,drift_2,change_info_3,activities_deleted,[]
log_66_1692952466.xes.gz,drift_2,change_info_3,activities_added,[Random activity 3]
log_66_1692952466.xes.gz,drift_2,change_info_3,activities_moved,[]
log_66_1692952466.xes.gz,drift_2,change_info_3,change_start,2032-02-16 13:11:21.507884
log_66_1692952466.xes.gz,drift_2,change_info_3,change_end,2032-11-10 02:27:01.723831
log_66_1692952466.xes.gz,drift_3,log_id,1,log_66_1692952466.xes.gz
log_66_1692952466.xes.gz,drift_3,drift_id,1,3
log_66_1692952466.xes.gz,drift_3,process_perspective,1,control-flow
log_66_1692952466.xes.gz,drift_3,process_complexity,1,complex
log_66_1692952466.xes.gz,drift_3,drift_type,1,recurring
log_66_1692952466.xes.gz,drift_3,process_trees_1,0,"+( ->( *( 'a', X( 'd', 'i' ) ), X( 'e', 'g' ) ), ->( 'b', +( 'c', ->( ->( 'f', 'j' ), ->( *( 'h', ->( *( ->( *( 'k', 'o' ), 'p' ), 'm' ), 'n' ) ), 'l' ) ) ) ) )"
log_66_1692952466.xes.gz,drift_3,process_trees_2,1,"+( ->( *( 'a', X( 'd', 'i' ) ), X( 'e', 'g' ) ), ->( 'b', +( 'c', ->( ->( 'f', 'j' ), ->( *( 'h', ->( *( ->( *( 'k', *tau*, 'Random activity 1' ), 'p' ), 'm' ), 'n' ) ), 'l' ) ) ) ) )"
log_66_1692952466.xes.gz,drift_3,process_trees_3,2,"+( ->( *( 'a', X( 'd', 'i' ) ), X( 'e', 'g' ) ), ->( 'b', +( 'c', ->( ->( 'f', 'j' ), ->( *( 'h', ->( *( ->( *( 'k', 'o' ), 'p' ), 'm' ), 'n' ) ), 'l' ) ) ) ) )"
log_66_1692952466.xes.gz,drift_3,process_trees_4,3,"+( ->( *( 'a', X( 'd', 'i' ) ), X( 'e', 'g' ) ), ->( 'b', +( 'c', ->( ->( 'f', 'j' ), ->( *( 'h', ->( *( ->( *( 'k', *tau*, 'Random activity 1' ), 'p' ), 'm' ), 'n' ) ), 'l' ) ) ) ) )"
log_66_1692952466.xes.gz,drift_3,change_info_1,change_type,sudden
log_66_1692952466.xes.gz,drift_3,change_info_1,change_trace_index,[11494]
log_66_1692952466.xes.gz,drift_3,change_info_1,process_tree_before,"+( ->( *( 'a', X( 'd', 'i' ) ), X( 'e', 'g' ) ), ->( 'b', +( 'c', ->( ->( 'f', 'j' ), ->( *( 'h', ->( *( ->( *( 'k', 'o' ), 'p' ), 'm' ), 'n' ) ), 'l' ) ) ) ) )"
log_66_1692952466.xes.gz,drift_3,change_info_1,process_tree_after,"+( ->( *( 'a', X( 'd', 'i' ) ), X( 'e', 'g' ) ), ->( 'b', +( 'c', ->( ->( 'f', 'j' ), ->( *( 'h', ->( *( ->( *( 'k', *tau*, 'Random activity 1' ), 'p' ), 'm' ), 'n' ) ), 'l' ) ) ) ) )"
log_66_1692952466.xes.gz,drift_3,change_info_1,activities_deleted,[o]
log_66_1692952466.xes.gz,drift_3,change_info_1,activities_added,[Random activity 1]
log_66_1692952466.xes.gz,drift_3,change_info_1,activities_moved,[]
log_66_1692952466.xes.gz,drift_3,change_info_1,change_start,2034-05-08 16:08:29.643247
log_66_1692952466.xes.gz,drift_3,change_info_1,change_end,2034-05-08 16:08:29.643247
log_66_1692952466.xes.gz,drift_3,change_info_2,change_type,gradual
log_66_1692952466.xes.gz,drift_3,change_info_2,change_trace_index,"[12957, 13775]"
log_66_1692952466.xes.gz,drift_3,change_info_2,process_tree_before,"+( ->( *( 'a', X( 'd', 'i' ) ), X( 'e', 'g' ) ), ->( 'b', +( 'c', ->( ->( 'f', 'j' ), ->( *( 'h', ->( *( ->( *( 'k', *tau*, 'Random activity 1' ), 'p' ), 'm' ), 'n' ) ), 'l' ) ) ) ) )"
log_66_1692952466.xes.gz,drift_3,change_info_2,process_tree_after,"+( ->( *( 'a', X( 'd', 'i' ) ), X( 'e', 'g' ) ), ->( 'b', +( 'c', ->( ->( 'f', 'j' ), ->( *( 'h', ->( *( ->( *( 'k', 'o' ), 'p' ), 'm' ), 'n' ) ), 'l' ) ) ) ) )"
log_66_1692952466.xes.gz,drift_3,change_info_2,activities_deleted,[Random activity 1]
log_66_1692952466.xes.gz,drift_3,change_info_2,activities_added,[o]
log_66_1692952466.xes.gz,drift_3,change_info_2,activities_moved,[]
log_66_1692952466.xes.gz,drift_3,change_info_2,change_start,2036-03-06 20:04:55.013571
log_66_1692952466.xes.gz,drift_3,change_info_2,change_end,2037-03-21 01:58:00.616369
log_66_1692952466.xes.gz,drift_3,change_info_3,change_type,gradual
log_66_1692952466.xes.gz,drift_3,change_info_3,change_trace_index,"[14782, 15396]"
log_66_1692952466.xes.gz,drift_3,change_info_3,process_tree_before,"+( ->( *( 'a', X( 'd', 'i' ) ), X( 'e', 'g' ) ), ->( 'b', +( 'c', ->( ->( 'f', 'j' ), ->( *( 'h', ->( *( ->( *( 'k', 'o' ), 'p' ), 'm' ), 'n' ) ), 'l' ) ) ) ) )"
log_66_1692952466.xes.gz,drift_3,change_info_3,process_tree_after,"+( ->( *( 'a', X( 'd', 'i' ) ), X( 'e', 'g' ) ), ->( 'b', +( 'c', ->( ->( 'f', 'j' ), ->( *( 'h', ->( *( ->( *( 'k', *tau*, 'Random activity 1' ), 'p' ), 'm' ), 'n' ) ), 'l' ) ) ) ) )"
log_66_1692952466.xes.gz,drift_3,change_info_3,activities_deleted,[o]
log_66_1692952466.xes.gz,drift_3,change_info_3,activities_added,[Random activity 1]
log_66_1692952466.xes.gz,drift_3,change_info_3,activities_moved,[]
log_66_1692952466.xes.gz,drift_3,change_info_3,change_start,2038-06-16 15:44:50.066173
log_66_1692952466.xes.gz,drift_3,change_info_3,change_end,2039-04-13 22:46:29.735696
log_67_1692952494.xes.gz,drift_1,log_id,1,log_67_1692952494.xes.gz
log_67_1692952494.xes.gz,drift_1,drift_id,1,1
log_67_1692952494.xes.gz,drift_1,process_perspective,1,control-flow
log_67_1692952494.xes.gz,drift_1,process_complexity,1,middle
log_67_1692952494.xes.gz,drift_1,drift_type,1,recurring
log_67_1692952494.xes.gz,drift_1,process_trees_1,0,"+( ->( X( ->( *( 'a', 'k' ), 'l' ), ->( *( 'g', 'h' ), 'i' ) ), ->( *( 'c', X( 'd', X( ->( 'f', 'm' ), 'j' ) ) ), 'e' ) ), 'b' )"
log_67_1692952494.xes.gz,drift_1,process_trees_2,1,"+( ->( X( ->( *( 'a', 'k' ), 'l' ), ->( *( 'g', 'h' ), 'i' ) ), ->( *( 'c', X( 'd', *( 'Random activity 1', X( ->( 'f', 'm' ), 'j' ) ) ) ), 'e' ) ), 'b' )"
log_67_1692952494.xes.gz,drift_1,process_trees_3,2,"+( ->( X( ->( *( 'a', 'k' ), 'l' ), ->( *( 'g', 'h' ), 'i' ) ), ->( *( 'c', X( 'd', X( ->( 'f', 'm' ), 'j' ) ) ), 'e' ) ), 'b' )"
log_67_1692952494.xes.gz,drift_1,process_trees_4,3,"+( ->( X( ->( *( 'a', 'k' ), 'l' ), ->( *( 'g', 'h' ), 'i' ) ), ->( *( 'c', X( 'd', *( 'Random activity 1', X( ->( 'f', 'm' ), 'j' ) ) ) ), 'e' ) ), 'b' )"
log_67_1692952494.xes.gz,drift_1,change_info_1,change_type,sudden
log_67_1692952494.xes.gz,drift_1,change_info_1,change_trace_index,[1312]
log_67_1692952494.xes.gz,drift_1,change_info_1,process_tree_before,"+( ->( X( ->( *( 'a', 'k' ), 'l' ), ->( *( 'g', 'h' ), 'i' ) ), ->( *( 'c', X( 'd', X( ->( 'f', 'm' ), 'j' ) ) ), 'e' ) ), 'b' )"
log_67_1692952494.xes.gz,drift_1,change_info_1,process_tree_after,"+( ->( X( ->( *( 'a', 'k' ), 'l' ), ->( *( 'g', 'h' ), 'i' ) ), ->( *( 'c', X( 'd', *( 'Random activity 1', X( ->( 'f', 'm' ), 'j' ) ) ) ), 'e' ) ), 'b' )"
log_67_1692952494.xes.gz,drift_1,change_info_1,activities_deleted,[]
log_67_1692952494.xes.gz,drift_1,change_info_1,activities_added,[Random activity 1]
log_67_1692952494.xes.gz,drift_1,change_info_1,activities_moved,"[j, f, m]"
log_67_1692952494.xes.gz,drift_1,change_info_1,change_start,2021-09-04 08:13:44.521924
log_67_1692952494.xes.gz,drift_1,change_info_1,change_end,2021-09-04 08:13:44.521924
log_67_1692952494.xes.gz,drift_1,change_info_2,change_type,sudden
log_67_1692952494.xes.gz,drift_1,change_info_2,change_trace_index,[2743]
log_67_1692952494.xes.gz,drift_1,change_info_2,process_tree_before,"+( ->( X( ->( *( 'a', 'k' ), 'l' ), ->( *( 'g', 'h' ), 'i' ) ), ->( *( 'c', X( 'd', *( 'Random activity 1', X( ->( 'f', 'm' ), 'j' ) ) ) ), 'e' ) ), 'b' )"
log_67_1692952494.xes.gz,drift_1,change_info_2,process_tree_after,"+( ->( X( ->( *( 'a', 'k' ), 'l' ), ->( *( 'g', 'h' ), 'i' ) ), ->( *( 'c', X( 'd', X( ->( 'f', 'm' ), 'j' ) ) ), 'e' ) ), 'b' )"
log_67_1692952494.xes.gz,drift_1,change_info_2,activities_deleted,[Random activity 1]
log_67_1692952494.xes.gz,drift_1,change_info_2,activities_added,[]
log_67_1692952494.xes.gz,drift_1,change_info_2,activities_moved,"[j, f, m]"
log_67_1692952494.xes.gz,drift_1,change_info_2,change_start,2023-06-13 13:35:19.924354
log_67_1692952494.xes.gz,drift_1,change_info_2,change_end,2023-06-13 13:35:19.924354
log_67_1692952494.xes.gz,drift_1,change_info_3,change_type,sudden
log_67_1692952494.xes.gz,drift_1,change_info_3,change_trace_index,[3889]
log_67_1692952494.xes.gz,drift_1,change_info_3,process_tree_before,"+( ->( X( ->( *( 'a', 'k' ), 'l' ), ->( *( 'g', 'h' ), 'i' ) ), ->( *( 'c', X( 'd', X( ->( 'f', 'm' ), 'j' ) ) ), 'e' ) ), 'b' )"
log_67_1692952494.xes.gz,drift_1,change_info_3,process_tree_after,"+( ->( X( ->( *( 'a', 'k' ), 'l' ), ->( *( 'g', 'h' ), 'i' ) ), ->( *( 'c', X( 'd', *( 'Random activity 1', X( ->( 'f', 'm' ), 'j' ) ) ) ), 'e' ) ), 'b' )"
log_67_1692952494.xes.gz,drift_1,change_info_3,activities_deleted,[]
log_67_1692952494.xes.gz,drift_1,change_info_3,activities_added,[Random activity 1]
log_67_1692952494.xes.gz,drift_1,change_info_3,activities_moved,"[j, f, m]"
log_67_1692952494.xes.gz,drift_1,change_info_3,change_start,2024-12-08 21:09:40.765425
log_67_1692952494.xes.gz,drift_1,change_info_3,change_end,2024-12-08 21:09:40.765425
log_67_1692952494.xes.gz,drift_2,log_id,1,log_67_1692952494.xes.gz
log_67_1692952494.xes.gz,drift_2,drift_id,1,2
log_67_1692952494.xes.gz,drift_2,process_perspective,1,control-flow
log_67_1692952494.xes.gz,drift_2,process_complexity,1,middle
log_67_1692952494.xes.gz,drift_2,drift_type,1,recurring
log_67_1692952494.xes.gz,drift_2,process_trees_1,0,"+( ->( X( ->( *( 'a', 'k' ), 'l' ), ->( *( 'g', 'h' ), 'i' ) ), ->( *( 'c', X( 'd', X( ->( 'f', 'm' ), 'j' ) ) ), 'e' ) ), 'b' )"
log_67_1692952494.xes.gz,drift_2,process_trees_2,1,"+( ->( X( *tau*, ->( *( 'g', *tau* ), 'i' ) ), ->( *( 'c', X( 'd', X( ->( 'f', 'm', 'Random activity 1' ), 'j' ) ) ), 'e' ) ), 'b' )"
log_67_1692952494.xes.gz,drift_2,process_trees_3,2,"+( ->( X( ->( *( 'a', 'k' ), 'l' ), ->( *( 'g', 'h' ), 'i' ) ), ->( *( 'c', X( 'd', X( ->( 'f', 'm' ), 'j' ) ) ), 'e' ) ), 'b' )"
log_67_1692952494.xes.gz,drift_2,process_trees_4,3,"+( ->( X( *tau*, ->( *( 'g', *tau* ), 'i' ) ), ->( *( 'c', X( 'd', X( ->( 'f', 'm', 'Random activity 1' ), 'j' ) ) ), 'e' ) ), 'b' )"
log_67_1692952494.xes.gz,drift_2,change_info_1,change_type,gradual
log_67_1692952494.xes.gz,drift_2,change_info_1,change_trace_index,"[5271, 5852]"
log_67_1692952494.xes.gz,drift_2,change_info_1,process_tree_before,"+( ->( X( ->( *( 'a', 'k' ), 'l' ), ->( *( 'g', 'h' ), 'i' ) ), ->( *( 'c', X( 'd', X( ->( 'f', 'm' ), 'j' ) ) ), 'e' ) ), 'b' )"
log_67_1692952494.xes.gz,drift_2,change_info_1,process_tree_after,"+( ->( X( *tau*, ->( *( 'g', *tau* ), 'i' ) ), ->( *( 'c', X( 'd', X( ->( 'f', 'm', 'Random activity 1' ), 'j' ) ) ), 'e' ) ), 'b' )"
log_67_1692952494.xes.gz,drift_2,change_info_1,activities_deleted,"[l, a, k, h]"
log_67_1692952494.xes.gz,drift_2,change_info_1,activities_added,[Random activity 1]
log_67_1692952494.xes.gz,drift_2,change_info_1,activities_moved,[]
log_67_1692952494.xes.gz,drift_2,change_info_1,change_start,2026-09-20 18:49:12.698218
log_67_1692952494.xes.gz,drift_2,change_info_1,change_end,2027-06-01 00:11:42.458157
log_67_1692952494.xes.gz,drift_2,change_info_2,change_type,gradual
log_67_1692952494.xes.gz,drift_2,change_info_2,change_trace_index,"[7181, 7712]"
log_67_1692952494.xes.gz,drift_2,change_info_2,process_tree_before,"+( ->( X( *tau*, ->( *( 'g', *tau* ), 'i' ) ), ->( *( 'c', X( 'd', X( ->( 'f', 'm', 'Random activity 1' ), 'j' ) ) ), 'e' ) ), 'b' )"
log_67_1692952494.xes.gz,drift_2,change_info_2,process_tree_after,"+( ->( X( ->( *( 'a', 'k' ), 'l' ), ->( *( 'g', 'h' ), 'i' ) ), ->( *( 'c', X( 'd', X( ->( 'f', 'm' ), 'j' ) ) ), 'e' ) ), 'b' )"
log_67_1692952494.xes.gz,drift_2,change_info_2,activities_deleted,[Random activity 1]
log_67_1692952494.xes.gz,drift_2,change_info_2,activities_added,"[l, a, k, h]"
log_67_1692952494.xes.gz,drift_2,change_info_2,activities_moved,[]
log_67_1692952494.xes.gz,drift_2,change_info_2,change_start,2029-02-15 09:33:26.678340
log_67_1692952494.xes.gz,drift_2,change_info_2,change_end,2029-10-18 17:23:45.518765
log_67_1692952494.xes.gz,drift_2,change_info_3,change_type,sudden
log_67_1692952494.xes.gz,drift_2,change_info_3,change_trace_index,[9147]
log_67_1692952494.xes.gz,drift_2,change_info_3,process_tree_before,"+( ->( X( ->( *( 'a', 'k' ), 'l' ), ->( *( 'g', 'h' ), 'i' ) ), ->( *( 'c', X( 'd', X( ->( 'f', 'm' ), 'j' ) ) ), 'e' ) ), 'b' )"
log_67_1692952494.xes.gz,drift_2,change_info_3,process_tree_after,"+( ->( X( *tau*, ->( *( 'g', *tau* ), 'i' ) ), ->( *( 'c', X( 'd', X( ->( 'f', 'm', 'Random activity 1' ), 'j' ) ) ), 'e' ) ), 'b' )"
log_67_1692952494.xes.gz,drift_2,change_info_3,activities_deleted,"[l, a, k, h]"
log_67_1692952494.xes.gz,drift_2,change_info_3,activities_added,[Random activity 1]
log_67_1692952494.xes.gz,drift_2,change_info_3,activities_moved,[]
log_67_1692952494.xes.gz,drift_2,change_info_3,change_start,2031-07-29 10:02:11.743563
log_67_1692952494.xes.gz,drift_2,change_info_3,change_end,2031-07-29 10:02:11.743563
log_68_1692952500.xes.gz,drift_1,log_id,1,log_68_1692952500.xes.gz
log_68_1692952500.xes.gz,drift_1,drift_id,1,1
log_68_1692952500.xes.gz,drift_1,process_perspective,1,control-flow
log_68_1692952500.xes.gz,drift_1,process_complexity,1,middle
log_68_1692952500.xes.gz,drift_1,drift_type,1,incremental
log_68_1692952500.xes.gz,drift_1,process_trees_1,0,"->( X( X( 'a', ->( 'e', 'h' ) ), +( 'd', 'j' ) ), ->( +( +( 'b', 'i' ), 'f' ), X( 'c', X( 'g', 'k' ) ) ) )"
log_68_1692952500.xes.gz,drift_1,process_trees_2,1,"->( X( X( 'a', ->( 'e', 'h' ) ), +( 'd', 'j' ) ), ->( +( +( 'b', 'i' ), 'f' ), X( 'c', X( 'g', 'k' ), 'Random activity 1' ) ) )"
log_68_1692952500.xes.gz,drift_1,process_trees_3,2,"->( X( X( 'a', ->( 'e', 'h' ) ), +( 'd', 'j' ) ), ->( +( +( 'b', 'i' ), 'f' ), X( 'c', X( *tau*, 'k' ), 'Random activity 1' ) ) )"
log_68_1692952500.xes.gz,drift_1,process_trees_4,3,"->( X( X( 'a', ->( 'e', *tau* ) ), +( 'd', 'j' ) ), ->( +( +( 'b', 'i' ), 'f' ), X( 'c', X( *tau*, 'k' ), 'Random activity 1' ) ) )"
log_68_1692952500.xes.gz,drift_1,change_info_1,change_type,sudden
log_68_1692952500.xes.gz,drift_1,change_info_1,change_trace_index,[1265]
log_68_1692952500.xes.gz,drift_1,change_info_1,process_tree_before,"->( X( X( 'a', ->( 'e', 'h' ) ), +( 'd', 'j' ) ), ->( +( +( 'b', 'i' ), 'f' ), X( 'c', X( 'g', 'k' ) ) ) )"
log_68_1692952500.xes.gz,drift_1,change_info_1,process_tree_after,"->( X( X( 'a', ->( 'e', 'h' ) ), +( 'd', 'j' ) ), ->( +( +( 'b', 'i' ), 'f' ), X( 'c', X( 'g', 'k' ), 'Random activity 1' ) ) )"
log_68_1692952500.xes.gz,drift_1,change_info_1,activities_deleted,[]
log_68_1692952500.xes.gz,drift_1,change_info_1,activities_added,[Random activity 1]
log_68_1692952500.xes.gz,drift_1,change_info_1,activities_moved,[]
log_68_1692952500.xes.gz,drift_1,change_info_1,change_start,2021-08-01 02:46:25.737750
log_68_1692952500.xes.gz,drift_1,change_info_1,change_end,2021-08-01 02:46:25.737750
log_68_1692952500.xes.gz,drift_1,change_info_2,change_type,sudden
log_68_1692952500.xes.gz,drift_1,change_info_2,change_trace_index,[2633]
log_68_1692952500.xes.gz,drift_1,change_info_2,process_tree_before,"->( X( X( 'a', ->( 'e', 'h' ) ), +( 'd', 'j' ) ), ->( +( +( 'b', 'i' ), 'f' ), X( 'c', X( 'g', 'k' ), 'Random activity 1' ) ) )"
log_68_1692952500.xes.gz,drift_1,change_info_2,process_tree_after,"->( X( X( 'a', ->( 'e', 'h' ) ), +( 'd', 'j' ) ), ->( +( +( 'b', 'i' ), 'f' ), X( 'c', X( *tau*, 'k' ), 'Random activity 1' ) ) )"
log_68_1692952500.xes.gz,drift_1,change_info_2,activities_deleted,[g]
log_68_1692952500.xes.gz,drift_1,change_info_2,activities_added,[]
log_68_1692952500.xes.gz,drift_1,change_info_2,activities_moved,[]
log_68_1692952500.xes.gz,drift_1,change_info_2,change_start,2023-04-28 06:07:45.062413
log_68_1692952500.xes.gz,drift_1,change_info_2,change_end,2023-04-28 06:07:45.062413
log_68_1692952500.xes.gz,drift_1,change_info_3,change_type,gradual
log_68_1692952500.xes.gz,drift_1,change_info_3,change_trace_index,"[3914, 4520]"
log_68_1692952500.xes.gz,drift_1,change_info_3,process_tree_before,"->( X( X( 'a', ->( 'e', 'h' ) ), +( 'd', 'j' ) ), ->( +( +( 'b', 'i' ), 'f' ), X( 'c', X( *tau*, 'k' ), 'Random activity 1' ) ) )"
log_68_1692952500.xes.gz,drift_1,change_info_3,process_tree_after,"->( X( X( 'a', ->( 'e', *tau* ) ), +( 'd', 'j' ) ), ->( +( +( 'b', 'i' ), 'f' ), X( 'c', X( *tau*, 'k' ), 'Random activity 1' ) ) )"
log_68_1692952500.xes.gz,drift_1,change_info_3,activities_deleted,[h]
log_68_1692952500.xes.gz,drift_1,change_info_3,activities_added,[]
log_68_1692952500.xes.gz,drift_1,change_info_3,activities_moved,[]
log_68_1692952500.xes.gz,drift_1,change_info_3,change_start,2024-11-15 20:04:40.082770
log_68_1692952500.xes.gz,drift_1,change_info_3,change_end,2025-09-09 16:35:28.461967
log_68_1692952500.xes.gz,drift_2,log_id,1,log_68_1692952500.xes.gz
log_68_1692952500.xes.gz,drift_2,drift_id,1,2
log_68_1692952500.xes.gz,drift_2,process_perspective,1,control-flow
log_68_1692952500.xes.gz,drift_2,process_complexity,1,middle
log_68_1692952500.xes.gz,drift_2,drift_type,1,sudden
log_68_1692952500.xes.gz,drift_2,process_trees_1,0,"->( X( X( 'a', ->( 'e', 'h' ) ), +( 'd', 'j' ) ), ->( +( +( 'b', 'i' ), 'f' ), X( 'c', X( 'g', 'k' ) ) ) )"
log_68_1692952500.xes.gz,drift_2,process_trees_2,1,"->( X( X( 'a', ->( 'e', 'h' ) ), +( 'd', 'j' ) ), ->( +( X( 'b', 'i' ), 'f' ), X( 'c', +( 'g', 'k' ) ) ) )"
log_68_1692952500.xes.gz,drift_2,change_info_1,change_type,sudden
log_68_1692952500.xes.gz,drift_2,change_info_1,change_trace_index,[5935]
log_68_1692952500.xes.gz,drift_2,change_info_1,process_tree_before,"->( X( X( 'a', ->( 'e', 'h' ) ), +( 'd', 'j' ) ), ->( +( +( 'b', 'i' ), 'f' ), X( 'c', X( 'g', 'k' ) ) ) )"
log_68_1692952500.xes.gz,drift_2,change_info_1,process_tree_after,"->( X( X( 'a', ->( 'e', 'h' ) ), +( 'd', 'j' ) ), ->( +( X( 'b', 'i' ), 'f' ), X( 'c', +( 'g', 'k' ) ) ) )"
log_68_1692952500.xes.gz,drift_2,change_info_1,activities_deleted,[]
log_68_1692952500.xes.gz,drift_2,change_info_1,activities_added,[]
log_68_1692952500.xes.gz,drift_2,change_info_1,activities_moved,"[b, i, g, k]"
log_68_1692952500.xes.gz,drift_2,change_info_1,change_start,2027-06-15 12:08:25.476118
log_68_1692952500.xes.gz,drift_2,change_info_1,change_end,2027-06-15 12:08:25.476118
log_69_1692952502.xes.gz,drift_1,log_id,1,log_69_1692952502.xes.gz
log_69_1692952502.xes.gz,drift_1,drift_id,1,1
log_69_1692952502.xes.gz,drift_1,process_perspective,1,control-flow
log_69_1692952502.xes.gz,drift_1,process_complexity,1,middle
log_69_1692952502.xes.gz,drift_1,drift_type,1,incremental
log_69_1692952502.xes.gz,drift_1,process_trees_1,0,"->( ->( 'a', 'h' ), ->( 'b', X( ->( *( 'c', 'e' ), +( ->( *( 'f', 'i' ), 'j' ), 'g' ) ), 'd' ) ) )"
log_69_1692952502.xes.gz,drift_1,process_trees_2,1,"->( ->( 'a', 'h' ), ->( 'b', X( ->( *( 'c', 'e' ), +( ->( *( 'f', 'i' ), 'j' ), *tau* ) ), 'd' ) ) )"
log_69_1692952502.xes.gz,drift_1,process_trees_3,2,"->( ->( 'a', 'h' ), ->( 'b', X( ->( *( 'c', 'e' ), +( ->( *( 'f', 'i' ), 'j' ), *tau*, 'Random activity 1' ) ), 'd' ) ) )"
log_69_1692952502.xes.gz,drift_1,process_trees_4,3,"->( ->( 'a', 'h', 'Random activity 2' ), ->( 'b', X( ->( *( 'c', 'e' ), +( ->( *( 'f', 'i' ), 'j' ), *tau*, 'Random activity 1' ) ), 'd' ) ) )"
log_69_1692952502.xes.gz,drift_1,change_info_1,change_type,gradual
log_69_1692952502.xes.gz,drift_1,change_info_1,change_trace_index,"[1487, 2098]"
log_69_1692952502.xes.gz,drift_1,change_info_1,process_tree_before,"->( ->( 'a', 'h' ), ->( 'b', X( ->( *( 'c', 'e' ), +( ->( *( 'f', 'i' ), 'j' ), 'g' ) ), 'd' ) ) )"
log_69_1692952502.xes.gz,drift_1,change_info_1,process_tree_after,"->( ->( 'a', 'h' ), ->( 'b', X( ->( *( 'c', 'e' ), +( ->( *( 'f', 'i' ), 'j' ), *tau* ) ), 'd' ) ) )"
log_69_1692952502.xes.gz,drift_1,change_info_1,activities_deleted,[g]
log_69_1692952502.xes.gz,drift_1,change_info_1,activities_added,[]
log_69_1692952502.xes.gz,drift_1,change_info_1,activities_moved,[]
log_69_1692952502.xes.gz,drift_1,change_info_1,change_start,2021-12-01 18:24:30.562464
log_69_1692952502.xes.gz,drift_1,change_info_1,change_end,2022-09-16 17:01:05.874881
log_69_1692952502.xes.gz,drift_1,change_info_2,change_type,sudden
log_69_1692952502.xes.gz,drift_1,change_info_2,change_trace_index,[3497]
log_69_1692952502.xes.gz,drift_1,change_info_2,process_tree_before,"->( ->( 'a', 'h' ), ->( 'b', X( ->( *( 'c', 'e' ), +( ->( *( 'f', 'i' ), 'j' ), *tau* ) ), 'd' ) ) )"
log_69_1692952502.xes.gz,drift_1,change_info_2,process_tree_after,"->( ->( 'a', 'h' ), ->( 'b', X( ->( *( 'c', 'e' ), +( ->( *( 'f', 'i' ), 'j' ), *tau*, 'Random activity 1' ) ), 'd' ) ) )"
log_69_1692952502.xes.gz,drift_1,change_info_2,activities_deleted,[]
log_69_1692952502.xes.gz,drift_1,change_info_2,activities_added,[Random activity 1]
log_69_1692952502.xes.gz,drift_1,change_info_2,activities_moved,[]
log_69_1692952502.xes.gz,drift_1,change_info_2,change_start,2024-07-04 12:43:00.101082
log_69_1692952502.xes.gz,drift_1,change_info_2,change_end,2024-07-04 12:43:00.101082
log_69_1692952502.xes.gz,drift_1,change_info_3,change_type,sudden
log_69_1692952502.xes.gz,drift_1,change_info_3,change_trace_index,[4638]
log_69_1692952502.xes.gz,drift_1,change_info_3,process_tree_before,"->( ->( 'a', 'h' ), ->( 'b', X( ->( *( 'c', 'e' ), +( ->( *( 'f', 'i' ), 'j' ), *tau*, 'Random activity 1' ) ), 'd' ) ) )"
log_69_1692952502.xes.gz,drift_1,change_info_3,process_tree_after,"->( ->( 'a', 'h', 'Random activity 2' ), ->( 'b', X( ->( *( 'c', 'e' ), +( ->( *( 'f', 'i' ), 'j' ), *tau*, 'Random activity 1' ) ), 'd' ) ) )"
log_69_1692952502.xes.gz,drift_1,change_info_3,activities_deleted,[]
log_69_1692952502.xes.gz,drift_1,change_info_3,activities_added,[Random activity 2]
log_69_1692952502.xes.gz,drift_1,change_info_3,activities_moved,[]
log_69_1692952502.xes.gz,drift_1,change_info_3,change_start,2026-01-16 06:14:11.427911
log_69_1692952502.xes.gz,drift_1,change_info_3,change_end,2026-01-16 06:14:11.427911
log_69_1692952502.xes.gz,drift_2,log_id,1,log_69_1692952502.xes.gz
log_69_1692952502.xes.gz,drift_2,drift_id,1,2
log_69_1692952502.xes.gz,drift_2,process_perspective,1,control-flow
log_69_1692952502.xes.gz,drift_2,process_complexity,1,middle
log_69_1692952502.xes.gz,drift_2,drift_type,1,incremental
log_69_1692952502.xes.gz,drift_2,process_trees_1,0,"->( ->( 'a', 'h' ), ->( 'b', X( ->( *( 'c', 'e' ), +( ->( *( 'f', 'i' ), 'j' ), 'g' ) ), 'd' ) ) )"
log_69_1692952502.xes.gz,drift_2,process_trees_2,1,"->( ->( 'a', 'h' ), ->( 'b', X( ->( *( 'c', 'e' ), +( ->( *( 'f', *tau* ), 'j' ), 'g' ) ), 'd' ) ) )"
log_69_1692952502.xes.gz,drift_2,process_trees_3,2,"->( ->( 'a', 'h' ), ->( 'b', X( ->( *( 'c', 'e' ), +( ->( *( 'f', *tau* ), *tau* ), 'g' ) ), 'd' ) ) )"
log_69_1692952502.xes.gz,drift_2,process_trees_4,3,"->( ->( 'a', 'h' ), ->( 'b', X( ->( *( 'c', 'e', 'Random activity 1' ), +( ->( *( 'f', *tau* ), *tau* ), 'g' ) ), 'd' ) ) )"
log_69_1692952502.xes.gz,drift_2,change_info_1,change_type,gradual
log_69_1692952502.xes.gz,drift_2,change_info_1,change_trace_index,"[5779, 6664]"
log_69_1692952502.xes.gz,drift_2,change_info_1,process_tree_before,"->( ->( 'a', 'h' ), ->( 'b', X( ->( *( 'c', 'e' ), +( ->( *( 'f', 'i' ), 'j' ), 'g' ) ), 'd' ) ) )"
log_69_1692952502.xes.gz,drift_2,change_info_1,process_tree_after,"->( ->( 'a', 'h' ), ->( 'b', X( ->( *( 'c', 'e' ), +( ->( *( 'f', *tau* ), 'j' ), 'g' ) ), 'd' ) ) )"
log_69_1692952502.xes.gz,drift_2,change_info_1,activities_deleted,[i]
log_69_1692952502.xes.gz,drift_2,change_info_1,activities_added,[]
log_69_1692952502.xes.gz,drift_2,change_info_1,activities_moved,[]
log_69_1692952502.xes.gz,drift_2,change_info_1,change_start,2027-06-06 17:39:26.657352
log_69_1692952502.xes.gz,drift_2,change_info_1,change_end,2028-07-12 16:44:16.106193
log_69_1692952502.xes.gz,drift_2,change_info_2,change_type,sudden
log_69_1692952502.xes.gz,drift_2,change_info_2,change_trace_index,[7725]
log_69_1692952502.xes.gz,drift_2,change_info_2,process_tree_before,"->( ->( 'a', 'h' ), ->( 'b', X( ->( *( 'c', 'e' ), +( ->( *( 'f', *tau* ), 'j' ), 'g' ) ), 'd' ) ) )"
log_69_1692952502.xes.gz,drift_2,change_info_2,process_tree_after,"->( ->( 'a', 'h' ), ->( 'b', X( ->( *( 'c', 'e' ), +( ->( *( 'f', *tau* ), *tau* ), 'g' ) ), 'd' ) ) )"
log_69_1692952502.xes.gz,drift_2,change_info_2,activities_deleted,[j]
log_69_1692952502.xes.gz,drift_2,change_info_2,activities_added,[]
log_69_1692952502.xes.gz,drift_2,change_info_2,activities_moved,[]
log_69_1692952502.xes.gz,drift_2,change_info_2,change_start,2029-11-12 19:28:51.917353
log_69_1692952502.xes.gz,drift_2,change_info_2,change_end,2029-11-12 19:28:51.917353
log_69_1692952502.xes.gz,drift_2,change_info_3,change_type,gradual
log_69_1692952502.xes.gz,drift_2,change_info_3,change_trace_index,"[9125, 9901]"
log_69_1692952502.xes.gz,drift_2,change_info_3,process_tree_before,"->( ->( 'a', 'h' ), ->( 'b', X( ->( *( 'c', 'e' ), +( ->( *( 'f', *tau* ), *tau* ), 'g' ) ), 'd' ) ) )"
log_69_1692952502.xes.gz,drift_2,change_info_3,process_tree_after,"->( ->( 'a', 'h' ), ->( 'b', X( ->( *( 'c', 'e', 'Random activity 1' ), +( ->( *( 'f', *tau* ), *tau* ), 'g' ) ), 'd' ) ) )"
log_69_1692952502.xes.gz,drift_2,change_info_3,activities_deleted,[]
log_69_1692952502.xes.gz,drift_2,change_info_3,activities_added,[Random activity 1]
log_69_1692952502.xes.gz,drift_2,change_info_3,activities_moved,[]
log_69_1692952502.xes.gz,drift_2,change_info_3,change_start,2031-08-09 17:41:49.431293
log_69_1692952502.xes.gz,drift_2,change_info_3,change_end,2032-07-30 05:10:13.824997
log_70_1692952508.xes.gz,drift_1,log_id,1,log_70_1692952508.xes.gz
log_70_1692952508.xes.gz,drift_1,drift_id,1,1
log_70_1692952508.xes.gz,drift_1,process_perspective,1,control-flow
log_70_1692952508.xes.gz,drift_1,process_complexity,1,middle
log_70_1692952508.xes.gz,drift_1,drift_type,1,recurring
log_70_1692952508.xes.gz,drift_1,process_trees_1,0,"+( 'a', ->( *( 'b', X( ->( *( X( 'c', 'i' ), 'g' ), 'h' ), 'e' ) ), X( 'd', +( 'f', 'j' ) ) ) )"
log_70_1692952508.xes.gz,drift_1,process_trees_2,1,"+( 'a', ->( *( 'b', X( ->( *( X( 'c', 'i' ), 'g', X( 'd', +( 'f', 'j' ) ) ), 'h' ), 'e' ) ), *tau* ) )"
log_70_1692952508.xes.gz,drift_1,process_trees_3,2,"+( 'a', ->( *( 'b', X( ->( *( X( 'c', 'i' ), 'g' ), 'h' ), 'e' ) ), X( 'd', +( 'f', 'j' ) ) ) )"
log_70_1692952508.xes.gz,drift_1,process_trees_4,3,"+( 'a', ->( *( 'b', X( ->( *( X( 'c', 'i' ), 'g', X( 'd', +( 'f', 'j' ) ) ), 'h' ), 'e' ) ), *tau* ) )"
log_70_1692952508.xes.gz,drift_1,change_info_1,change_type,gradual
log_70_1692952508.xes.gz,drift_1,change_info_1,change_trace_index,"[1422, 2050]"
log_70_1692952508.xes.gz,drift_1,change_info_1,process_tree_before,"+( 'a', ->( *( 'b', X( ->( *( X( 'c', 'i' ), 'g' ), 'h' ), 'e' ) ), X( 'd', +( 'f', 'j' ) ) ) )"
log_70_1692952508.xes.gz,drift_1,change_info_1,process_tree_after,"+( 'a', ->( *( 'b', X( ->( *( X( 'c', 'i' ), 'g', X( 'd', +( 'f', 'j' ) ) ), 'h' ), 'e' ) ), *tau* ) )"
log_70_1692952508.xes.gz,drift_1,change_info_1,activities_deleted,[]
log_70_1692952508.xes.gz,drift_1,change_info_1,activities_added,[]
log_70_1692952508.xes.gz,drift_1,change_info_1,activities_moved,"[d, f, j]"
log_70_1692952508.xes.gz,drift_1,change_info_1,change_start,2021-10-24 23:09:29.135254
log_70_1692952508.xes.gz,drift_1,change_info_1,change_end,2022-08-11 21:58:30.868573
log_70_1692952508.xes.gz,drift_1,change_info_2,change_type,gradual
log_70_1692952508.xes.gz,drift_1,change_info_2,change_trace_index,"[3140, 3964]"
log_70_1692952508.xes.gz,drift_1,change_info_2,process_tree_before,"+( 'a', ->( *( 'b', X( ->( *( X( 'c', 'i' ), 'g', X( 'd', +( 'f', 'j' ) ) ), 'h' ), 'e' ) ), *tau* ) )"
log_70_1692952508.xes.gz,drift_1,change_info_2,process_tree_after,"+( 'a', ->( *( 'b', X( ->( *( X( 'c', 'i' ), 'g' ), 'h' ), 'e' ) ), X( 'd', +( 'f', 'j' ) ) ) )"
log_70_1692952508.xes.gz,drift_1,change_info_2,activities_deleted,[]
log_70_1692952508.xes.gz,drift_1,change_info_2,activities_added,[]
log_70_1692952508.xes.gz,drift_1,change_info_2,activities_moved,"[d, f, j]"
log_70_1692952508.xes.gz,drift_1,change_info_2,change_start,2023-12-09 06:17:05.917748
log_70_1692952508.xes.gz,drift_1,change_info_2,change_end,2024-12-23 22:40:51.883567
log_70_1692952508.xes.gz,drift_1,change_info_3,change_type,gradual
log_70_1692952508.xes.gz,drift_1,change_info_3,change_trace_index,"[5285, 5909]"
log_70_1692952508.xes.gz,drift_1,change_info_3,process_tree_before,"+( 'a', ->( *( 'b', X( ->( *( X( 'c', 'i' ), 'g' ), 'h' ), 'e' ) ), X( 'd', +( 'f', 'j' ) ) ) )"
log_70_1692952508.xes.gz,drift_1,change_info_3,process_tree_after,"+( 'a', ->( *( 'b', X( ->( *( X( 'c', 'i' ), 'g', X( 'd', +( 'f', 'j' ) ) ), 'h' ), 'e' ) ), *tau* ) )"
log_70_1692952508.xes.gz,drift_1,change_info_3,activities_deleted,[]
log_70_1692952508.xes.gz,drift_1,change_info_3,activities_added,[]
log_70_1692952508.xes.gz,drift_1,change_info_3,activities_moved,"[d, f, j]"
log_70_1692952508.xes.gz,drift_1,change_info_3,change_start,2026-08-30 11:03:21.086030
log_70_1692952508.xes.gz,drift_1,change_info_3,change_end,2027-06-23 16:25:58.183687
log_71_1692952512.xes.gz,drift_1,log_id,1,log_71_1692952512.xes.gz
log_71_1692952512.xes.gz,drift_1,drift_id,1,1
log_71_1692952512.xes.gz,drift_1,process_perspective,1,control-flow
log_71_1692952512.xes.gz,drift_1,process_complexity,1,middle
log_71_1692952512.xes.gz,drift_1,drift_type,1,incremental
log_71_1692952512.xes.gz,drift_1,process_trees_1,0,"->( 'a', ->( +( ->( 'b', X( 'g', 'h' ) ), ->( 'd', X( 'e', ->( 'f', 'j' ) ) ) ), +( 'c', 'i' ) ) )"
log_71_1692952512.xes.gz,drift_1,process_trees_2,1,"->( 'a', ->( +( ->( 'b', X( 'g', 'h' ) ), ->( 'd', X( 'e', ->( 'f', 'j' ) ) ) ), +( *tau*, 'i' ) ) )"
log_71_1692952512.xes.gz,drift_1,process_trees_3,2,"->( 'a', ->( +( ->( *tau*, X( 'g', 'h' ) ), ->( 'd', X( 'e', ->( 'f', 'j' ) ) ) ), +( *tau*, 'i' ) ) )"
log_71_1692952512.xes.gz,drift_1,process_trees_4,3,"->( 'a', ->( +( ->( *tau*, X( 'g', 'h' ) ), ->( 'd', X( 'e', ->( 'f', 'j' ) ), 'Random activity 1' ) ), +( *tau*, 'i' ) ) )"
log_71_1692952512.xes.gz,drift_1,change_info_1,change_type,sudden
log_71_1692952512.xes.gz,drift_1,change_info_1,change_trace_index,[1414]
log_71_1692952512.xes.gz,drift_1,change_info_1,process_tree_before,"->( 'a', ->( +( ->( 'b', X( 'g', 'h' ) ), ->( 'd', X( 'e', ->( 'f', 'j' ) ) ) ), +( 'c', 'i' ) ) )"
log_71_1692952512.xes.gz,drift_1,change_info_1,process_tree_after,"->( 'a', ->( +( ->( 'b', X( 'g', 'h' ) ), ->( 'd', X( 'e', ->( 'f', 'j' ) ) ) ), +( *tau*, 'i' ) ) )"
log_71_1692952512.xes.gz,drift_1,change_info_1,activities_deleted,[c]
log_71_1692952512.xes.gz,drift_1,change_info_1,activities_added,[]
log_71_1692952512.xes.gz,drift_1,change_info_1,activities_moved,[]
log_71_1692952512.xes.gz,drift_1,change_info_1,change_start,2021-10-08 20:11:40.813832
log_71_1692952512.xes.gz,drift_1,change_info_1,change_end,2021-10-08 20:11:40.813832
log_71_1692952512.xes.gz,drift_1,change_info_2,change_type,sudden
log_71_1692952512.xes.gz,drift_1,change_info_2,change_trace_index,[2489]
log_71_1692952512.xes.gz,drift_1,change_info_2,process_tree_before,"->( 'a', ->( +( ->( 'b', X( 'g', 'h' ) ), ->( 'd', X( 'e', ->( 'f', 'j' ) ) ) ), +( *tau*, 'i' ) ) )"
log_71_1692952512.xes.gz,drift_1,change_info_2,process_tree_after,"->( 'a', ->( +( ->( *tau*, X( 'g', 'h' ) ), ->( 'd', X( 'e', ->( 'f', 'j' ) ) ) ), +( *tau*, 'i' ) ) )"
log_71_1692952512.xes.gz,drift_1,change_info_2,activities_deleted,[b]
log_71_1692952512.xes.gz,drift_1,change_info_2,activities_added,[]
log_71_1692952512.xes.gz,drift_1,change_info_2,activities_moved,[]
log_71_1692952512.xes.gz,drift_1,change_info_2,change_start,2023-03-22 01:30:43.239200
log_71_1692952512.xes.gz,drift_1,change_info_2,change_end,2023-03-22 01:30:43.239200
log_71_1692952512.xes.gz,drift_1,change_info_3,change_type,gradual
log_71_1692952512.xes.gz,drift_1,change_info_3,change_trace_index,"[3724, 4718]"
log_71_1692952512.xes.gz,drift_1,change_info_3,process_tree_before,"->( 'a', ->( +( ->( *tau*, X( 'g', 'h' ) ), ->( 'd', X( 'e', ->( 'f', 'j' ) ) ) ), +( *tau*, 'i' ) ) )"
log_71_1692952512.xes.gz,drift_1,change_info_3,process_tree_after,"->( 'a', ->( +( ->( *tau*, X( 'g', 'h' ) ), ->( 'd', X( 'e', ->( 'f', 'j' ) ), 'Random activity 1' ) ), +( *tau*, 'i' ) ) )"
log_71_1692952512.xes.gz,drift_1,change_info_3,activities_deleted,[]
log_71_1692952512.xes.gz,drift_1,change_info_3,activities_added,[Random activity 1]
log_71_1692952512.xes.gz,drift_1,change_info_3,activities_moved,[]
log_71_1692952512.xes.gz,drift_1,change_info_3,change_start,2024-09-11 20:22:15.137671
log_71_1692952512.xes.gz,drift_1,change_info_3,change_end,2025-12-24 11:36:53.701014
log_71_1692952512.xes.gz,drift_2,log_id,1,log_71_1692952512.xes.gz
log_71_1692952512.xes.gz,drift_2,drift_id,1,2
log_71_1692952512.xes.gz,drift_2,process_perspective,1,control-flow
log_71_1692952512.xes.gz,drift_2,process_complexity,1,middle
log_71_1692952512.xes.gz,drift_2,drift_type,1,gradual
log_71_1692952512.xes.gz,drift_2,process_trees_1,0,"->( 'a', ->( +( ->( 'b', X( 'g', 'h' ) ), ->( 'd', X( 'e', ->( 'f', 'j' ) ) ) ), +( 'c', 'i' ) ) )"
log_71_1692952512.xes.gz,drift_2,process_trees_2,1,"->( 'a', ->( +( ->( 'b', *( 'g', 'h' ) ), ->( 'd', X( 'e', ->( *tau*, 'j' ), 'Random activity 1' ) ) ), +( 'c', 'i' ) ) )"
log_71_1692952512.xes.gz,drift_2,change_info_1,change_type,gradual
log_71_1692952512.xes.gz,drift_2,change_info_1,change_trace_index,"[5950, 6652]"
log_71_1692952512.xes.gz,drift_2,change_info_1,process_tree_before,"->( 'a', ->( +( ->( 'b', X( 'g', 'h' ) ), ->( 'd', X( 'e', ->( 'f', 'j' ) ) ) ), +( 'c', 'i' ) ) )"
log_71_1692952512.xes.gz,drift_2,change_info_1,process_tree_after,"->( 'a', ->( +( ->( 'b', *( 'g', 'h' ) ), ->( 'd', X( 'e', ->( *tau*, 'j' ), 'Random activity 1' ) ) ), +( 'c', 'i' ) ) )"
log_71_1692952512.xes.gz,drift_2,change_info_1,activities_deleted,[f]
log_71_1692952512.xes.gz,drift_2,change_info_1,activities_added,[Random activity 1]
log_71_1692952512.xes.gz,drift_2,change_info_1,activities_moved,"[g, h]"
log_71_1692952512.xes.gz,drift_2,change_info_1,change_start,2027-06-24 01:04:11.755906
log_71_1692952512.xes.gz,drift_2,change_info_1,change_end,2028-05-15 05:53:13.607079
log_72_1692952515.xes.gz,drift_1,log_id,1,log_72_1692952515.xes.gz
log_72_1692952515.xes.gz,drift_1,drift_id,1,1
log_72_1692952515.xes.gz,drift_1,process_perspective,1,control-flow
log_72_1692952515.xes.gz,drift_1,process_complexity,1,simple
log_72_1692952515.xes.gz,drift_1,drift_type,1,recurring
log_72_1692952515.xes.gz,drift_1,process_trees_1,0,"X( +( ->( *( 'a', ->( 'e', 'g' ) ), 'f' ), +( 'c', 'd' ) ), 'b' )"
log_72_1692952515.xes.gz,drift_1,process_trees_2,1,"X( +( ->( *( 'a', *( 'e', 'g' ) ), 'f' ), +( 'c', 'd' ) ), 'b' )"
log_72_1692952515.xes.gz,drift_1,process_trees_3,2,"X( +( ->( *( 'a', ->( 'e', 'g' ) ), 'f' ), +( 'c', 'd' ) ), 'b' )"
log_72_1692952515.xes.gz,drift_1,process_trees_4,3,"X( +( ->( *( 'a', *( 'e', 'g' ) ), 'f' ), +( 'c', 'd' ) ), 'b' )"
log_72_1692952515.xes.gz,drift_1,change_info_1,change_type,sudden
log_72_1692952515.xes.gz,drift_1,change_info_1,change_trace_index,[1301]
log_72_1692952515.xes.gz,drift_1,change_info_1,process_tree_before,"X( +( ->( *( 'a', ->( 'e', 'g' ) ), 'f' ), +( 'c', 'd' ) ), 'b' )"
log_72_1692952515.xes.gz,drift_1,change_info_1,process_tree_after,"X( +( ->( *( 'a', *( 'e', 'g' ) ), 'f' ), +( 'c', 'd' ) ), 'b' )"
log_72_1692952515.xes.gz,drift_1,change_info_1,activities_deleted,[]
log_72_1692952515.xes.gz,drift_1,change_info_1,activities_added,[]
log_72_1692952515.xes.gz,drift_1,change_info_1,activities_moved,"[e, g]"
log_72_1692952515.xes.gz,drift_1,change_info_1,change_start,2021-09-23 14:19:49.071207
log_72_1692952515.xes.gz,drift_1,change_info_1,change_end,2021-09-23 14:19:49.071207
log_72_1692952515.xes.gz,drift_1,change_info_2,change_type,gradual
log_72_1692952515.xes.gz,drift_1,change_info_2,change_trace_index,"[2400, 3024]"
log_72_1692952515.xes.gz,drift_1,change_info_2,process_tree_before,"X( +( ->( *( 'a', *( 'e', 'g' ) ), 'f' ), +( 'c', 'd' ) ), 'b' )"
log_72_1692952515.xes.gz,drift_1,change_info_2,process_tree_after,"X( +( ->( *( 'a', ->( 'e', 'g' ) ), 'f' ), +( 'c', 'd' ) ), 'b' )"
log_72_1692952515.xes.gz,drift_1,change_info_2,activities_deleted,[]
log_72_1692952515.xes.gz,drift_1,change_info_2,activities_added,[]
log_72_1692952515.xes.gz,drift_1,change_info_2,activities_moved,"[e, g]"
log_72_1692952515.xes.gz,drift_1,change_info_2,change_start,2023-02-09 00:33:20.747368
log_72_1692952515.xes.gz,drift_1,change_info_2,change_end,2023-12-09 19:05:16.509255
log_72_1692952515.xes.gz,drift_1,change_info_3,change_type,sudden
log_72_1692952515.xes.gz,drift_1,change_info_3,change_trace_index,[4162]
log_72_1692952515.xes.gz,drift_1,change_info_3,process_tree_before,"X( +( ->( *( 'a', ->( 'e', 'g' ) ), 'f' ), +( 'c', 'd' ) ), 'b' )"
log_72_1692952515.xes.gz,drift_1,change_info_3,process_tree_after,"X( +( ->( *( 'a', *( 'e', 'g' ) ), 'f' ), +( 'c', 'd' ) ), 'b' )"
log_72_1692952515.xes.gz,drift_1,change_info_3,activities_deleted,[]
log_72_1692952515.xes.gz,drift_1,change_info_3,activities_added,[]
log_72_1692952515.xes.gz,drift_1,change_info_3,activities_moved,"[e, g]"
log_72_1692952515.xes.gz,drift_1,change_info_3,change_start,2025-06-01 14:54:35.329566
log_72_1692952515.xes.gz,drift_1,change_info_3,change_end,2025-06-01 14:54:35.329566
log_72_1692952515.xes.gz,drift_2,log_id,1,log_72_1692952515.xes.gz
log_72_1692952515.xes.gz,drift_2,drift_id,1,2
log_72_1692952515.xes.gz,drift_2,process_perspective,1,control-flow
log_72_1692952515.xes.gz,drift_2,process_complexity,1,simple
log_72_1692952515.xes.gz,drift_2,drift_type,1,gradual
log_72_1692952515.xes.gz,drift_2,process_trees_1,0,"X( +( ->( *( 'a', ->( 'e', 'g' ) ), 'f' ), +( 'c', 'd' ) ), 'b' )"
log_72_1692952515.xes.gz,drift_2,process_trees_2,1,"X( +( ->( *( 'g', ->( 'e', 'a' ) ), 'f' ), +( 'c', 'd' ) ), 'b' )"
log_72_1692952515.xes.gz,drift_2,change_info_1,change_type,gradual
log_72_1692952515.xes.gz,drift_2,change_info_1,change_trace_index,"[5434, 6322]"
log_72_1692952515.xes.gz,drift_2,change_info_1,process_tree_before,"X( +( ->( *( 'a', ->( 'e', 'g' ) ), 'f' ), +( 'c', 'd' ) ), 'b' )"
log_72_1692952515.xes.gz,drift_2,change_info_1,process_tree_after,"X( +( ->( *( 'g', ->( 'e', 'a' ) ), 'f' ), +( 'c', 'd' ) ), 'b' )"
log_72_1692952515.xes.gz,drift_2,change_info_1,activities_deleted,[]
log_72_1692952515.xes.gz,drift_2,change_info_1,activities_added,[]
log_72_1692952515.xes.gz,drift_2,change_info_1,activities_moved,"[g, a]"
log_72_1692952515.xes.gz,drift_2,change_info_1,change_start,2026-12-23 10:45:41.660077
log_72_1692952515.xes.gz,drift_2,change_info_1,change_end,2028-03-07 11:28:14.755572
log_72_1692952515.xes.gz,drift_3,log_id,1,log_72_1692952515.xes.gz
log_72_1692952515.xes.gz,drift_3,drift_id,1,3
log_72_1692952515.xes.gz,drift_3,process_perspective,1,control-flow
log_72_1692952515.xes.gz,drift_3,process_complexity,1,simple
log_72_1692952515.xes.gz,drift_3,drift_type,1,recurring
log_72_1692952515.xes.gz,drift_3,process_trees_1,0,"X( +( ->( *( 'a', ->( 'e', 'g' ) ), 'f' ), +( 'c', 'd' ) ), 'b' )"
log_72_1692952515.xes.gz,drift_3,process_trees_2,1,"X( +( ->( *tau*, 'f' ), +( 'c', 'd', *( 'a', ->( 'e', 'g' ) ) ) ), 'b' )"
log_72_1692952515.xes.gz,drift_3,process_trees_3,2,"X( +( ->( *( 'a', ->( 'e', 'g' ) ), 'f' ), +( 'c', 'd' ) ), 'b' )"
log_72_1692952515.xes.gz,drift_3,process_trees_4,3,"X( +( ->( *tau*, 'f' ), +( 'c', 'd', *( 'a', ->( 'e', 'g' ) ) ) ), 'b' )"
log_72_1692952515.xes.gz,drift_3,change_info_1,change_type,sudden
log_72_1692952515.xes.gz,drift_3,change_info_1,change_trace_index,[7584]
log_72_1692952515.xes.gz,drift_3,change_info_1,process_tree_before,"X( +( ->( *( 'a', ->( 'e', 'g' ) ), 'f' ), +( 'c', 'd' ) ), 'b' )"
log_72_1692952515.xes.gz,drift_3,change_info_1,process_tree_after,"X( +( ->( *tau*, 'f' ), +( 'c', 'd', *( 'a', ->( 'e', 'g' ) ) ) ), 'b' )"
log_72_1692952515.xes.gz,drift_3,change_info_1,activities_deleted,[]
log_72_1692952515.xes.gz,drift_3,change_info_1,activities_added,[]
log_72_1692952515.xes.gz,drift_3,change_info_1,activities_moved,"[a, e, g]"
log_72_1692952515.xes.gz,drift_3,change_info_1,change_start,2029-10-18 08:21:01.735663
log_72_1692952515.xes.gz,drift_3,change_info_1,change_end,2029-10-18 08:21:01.735663
log_72_1692952515.xes.gz,drift_3,change_info_2,change_type,sudden
log_72_1692952515.xes.gz,drift_3,change_info_2,change_trace_index,[8880]
log_72_1692952515.xes.gz,drift_3,change_info_2,process_tree_before,"X( +( ->( *tau*, 'f' ), +( 'c', 'd', *( 'a', ->( 'e', 'g' ) ) ) ), 'b' )"
log_72_1692952515.xes.gz,drift_3,change_info_2,process_tree_after,"X( +( ->( *( 'a', ->( 'e', 'g' ) ), 'f' ), +( 'c', 'd' ) ), 'b' )"
log_72_1692952515.xes.gz,drift_3,change_info_2,activities_deleted,[]
log_72_1692952515.xes.gz,drift_3,change_info_2,activities_added,[]
log_72_1692952515.xes.gz,drift_3,change_info_2,activities_moved,"[a, e, g]"
log_72_1692952515.xes.gz,drift_3,change_info_2,change_start,2031-05-24 05:04:48.426988
log_72_1692952515.xes.gz,drift_3,change_info_2,change_end,2031-05-24 05:04:48.426988
log_72_1692952515.xes.gz,drift_3,change_info_3,change_type,sudden
log_72_1692952515.xes.gz,drift_3,change_info_3,change_trace_index,[10111]
log_72_1692952515.xes.gz,drift_3,change_info_3,process_tree_before,"X( +( ->( *( 'a', ->( 'e', 'g' ) ), 'f' ), +( 'c', 'd' ) ), 'b' )"
log_72_1692952515.xes.gz,drift_3,change_info_3,process_tree_after,"X( +( ->( *tau*, 'f' ), +( 'c', 'd', *( 'a', ->( 'e', 'g' ) ) ) ), 'b' )"
log_72_1692952515.xes.gz,drift_3,change_info_3,activities_deleted,[]
log_72_1692952515.xes.gz,drift_3,change_info_3,activities_added,[]
log_72_1692952515.xes.gz,drift_3,change_info_3,activities_moved,"[a, e, g]"
log_72_1692952515.xes.gz,drift_3,change_info_3,change_start,2032-12-04 10:08:39.489253
log_72_1692952515.xes.gz,drift_3,change_info_3,change_end,2032-12-04 10:08:39.489253
log_73_1692952519.xes.gz,drift_1,log_id,1,log_73_1692952519.xes.gz
log_73_1692952519.xes.gz,drift_1,drift_id,1,1
log_73_1692952519.xes.gz,drift_1,process_perspective,1,control-flow
log_73_1692952519.xes.gz,drift_1,process_complexity,1,simple
log_73_1692952519.xes.gz,drift_1,drift_type,1,recurring
log_73_1692952519.xes.gz,drift_1,process_trees_1,0,"+( 'a', ->( ->( 'b', 'd' ), ->( 'c', +( 'e', 'f' ) ) ) )"
log_73_1692952519.xes.gz,drift_1,process_trees_2,1,"+( 'a', ->( +( 'b', 'd' ), ->( 'c', +( 'e', 'f' ) ) ) )"
log_73_1692952519.xes.gz,drift_1,process_trees_3,2,"+( 'a', ->( ->( 'b', 'd' ), ->( 'c', +( 'e', 'f' ) ) ) )"
log_73_1692952519.xes.gz,drift_1,process_trees_4,3,"+( 'a', ->( +( 'b', 'd' ), ->( 'c', +( 'e', 'f' ) ) ) )"
log_73_1692952519.xes.gz,drift_1,change_info_1,change_type,gradual
log_73_1692952519.xes.gz,drift_1,change_info_1,change_trace_index,"[1205, 1799]"
log_73_1692952519.xes.gz,drift_1,change_info_1,process_tree_before,"+( 'a', ->( ->( 'b', 'd' ), ->( 'c', +( 'e', 'f' ) ) ) )"
log_73_1692952519.xes.gz,drift_1,change_info_1,process_tree_after,"+( 'a', ->( +( 'b', 'd' ), ->( 'c', +( 'e', 'f' ) ) ) )"
log_73_1692952519.xes.gz,drift_1,change_info_1,activities_deleted,[]
log_73_1692952519.xes.gz,drift_1,change_info_1,activities_added,[]
log_73_1692952519.xes.gz,drift_1,change_info_1,activities_moved,"[b, d]"
log_73_1692952519.xes.gz,drift_1,change_info_1,change_start,2021-06-27 05:14:48.158696
log_73_1692952519.xes.gz,drift_1,change_info_1,change_end,2022-04-02 07:03:45.508380
log_73_1692952519.xes.gz,drift_1,change_info_2,change_type,gradual
log_73_1692952519.xes.gz,drift_1,change_info_2,change_trace_index,"[2891, 3554]"
log_73_1692952519.xes.gz,drift_1,change_info_2,process_tree_before,"+( 'a', ->( +( 'b', 'd' ), ->( 'c', +( 'e', 'f' ) ) ) )"
log_73_1692952519.xes.gz,drift_1,change_info_2,process_tree_after,"+( 'a', ->( ->( 'b', 'd' ), ->( 'c', +( 'e', 'f' ) ) ) )"
log_73_1692952519.xes.gz,drift_1,change_info_2,activities_deleted,[]
log_73_1692952519.xes.gz,drift_1,change_info_2,activities_added,[]
log_73_1692952519.xes.gz,drift_1,change_info_2,activities_moved,"[b, d]"
log_73_1692952519.xes.gz,drift_1,change_info_2,change_start,2023-08-17 08:36:44.444951
log_73_1692952519.xes.gz,drift_1,change_info_2,change_end,2024-06-27 00:56:00.611880
log_73_1692952519.xes.gz,drift_1,change_info_3,change_type,gradual
log_73_1692952519.xes.gz,drift_1,change_info_3,change_trace_index,"[4661, 5644]"
log_73_1692952519.xes.gz,drift_1,change_info_3,process_tree_before,"+( 'a', ->( ->( 'b', 'd' ), ->( 'c', +( 'e', 'f' ) ) ) )"
log_73_1692952519.xes.gz,drift_1,change_info_3,process_tree_after,"+( 'a', ->( +( 'b', 'd' ), ->( 'c', +( 'e', 'f' ) ) ) )"
log_73_1692952519.xes.gz,drift_1,change_info_3,activities_deleted,[]
log_73_1692952519.xes.gz,drift_1,change_info_3,activities_added,[]
log_73_1692952519.xes.gz,drift_1,change_info_3,activities_moved,"[b, d]"
log_73_1692952519.xes.gz,drift_1,change_info_3,change_start,2025-11-21 22:55:30.143984
log_73_1692952519.xes.gz,drift_1,change_info_3,change_end,2027-02-04 04:07:12.431324
log_74_1692952521.xes.gz,drift_1,log_id,1,log_74_1692952521.xes.gz
log_74_1692952521.xes.gz,drift_1,drift_id,1,1
log_74_1692952521.xes.gz,drift_1,process_perspective,1,control-flow
log_74_1692952521.xes.gz,drift_1,process_complexity,1,middle
log_74_1692952521.xes.gz,drift_1,drift_type,1,gradual
log_74_1692952521.xes.gz,drift_1,process_trees_1,0,"->( 'a', +( X( ->( +( 'b', 'i' ), ->( 'e', 'h' ) ), +( ->( 'd', ->( 'g', 'j' ) ), 'f' ) ), 'c' ) )"
log_74_1692952521.xes.gz,drift_1,process_trees_2,1,"->( 'a', +( X( ->( +( 'b', 'i' ), ->( 'e', *tau* ) ), +( ->( 'd', ->( 'g', 'j' ) ), 'f' ) ), 'c', 'Random activity 1' ) )"
log_74_1692952521.xes.gz,drift_1,change_info_1,change_type,gradual
log_74_1692952521.xes.gz,drift_1,change_info_1,change_trace_index,"[1297, 2133]"
log_74_1692952521.xes.gz,drift_1,change_info_1,process_tree_before,"->( 'a', +( X( ->( +( 'b', 'i' ), ->( 'e', 'h' ) ), +( ->( 'd', ->( 'g', 'j' ) ), 'f' ) ), 'c' ) )"
log_74_1692952521.xes.gz,drift_1,change_info_1,process_tree_after,"->( 'a', +( X( ->( +( 'b', 'i' ), ->( 'e', *tau* ) ), +( ->( 'd', ->( 'g', 'j' ) ), 'f' ) ), 'c', 'Random activity 1' ) )"
log_74_1692952521.xes.gz,drift_1,change_info_1,activities_deleted,[h]
log_74_1692952521.xes.gz,drift_1,change_info_1,activities_added,[Random activity 1]
log_74_1692952521.xes.gz,drift_1,change_info_1,activities_moved,[]
log_74_1692952521.xes.gz,drift_1,change_info_1,change_start,2021-09-13 17:37:09.269994
log_74_1692952521.xes.gz,drift_1,change_info_1,change_end,2022-09-18 17:34:08.894240
log_75_1692952522.xes.gz,drift_1,log_id,1,log_75_1692952522.xes.gz
log_75_1692952522.xes.gz,drift_1,drift_id,1,1
log_75_1692952522.xes.gz,drift_1,process_perspective,1,control-flow
log_75_1692952522.xes.gz,drift_1,process_complexity,1,complex
log_75_1692952522.xes.gz,drift_1,drift_type,1,gradual
log_75_1692952522.xes.gz,drift_1,process_trees_1,0,"X( +( ->( 'a', 'l' ), 'd' ), +( ->( *( +( 'b', 'm' ), ->( 'h', 'j' ) ), 'i' ), ->( ->( *( ->( 'c', 'n' ), +( X( 'f', 'o' ), 'k' ) ), 'g' ), 'e' ) ) )"
log_75_1692952522.xes.gz,drift_1,process_trees_2,1,"X( +( ->( 'a', 'l' ), 'd' ), +( ->( *( +( *tau*, 'm' ), ->( 'h', ->( 'c', 'n' ) ) ), 'i' ), ->( ->( *( 'j', +( X( 'f', 'o' ), 'k' ) ), 'g' ), 'e' ) ) )"
log_75_1692952522.xes.gz,drift_1,change_info_1,change_type,gradual
log_75_1692952522.xes.gz,drift_1,change_info_1,change_trace_index,"[1388, 2031]"
log_75_1692952522.xes.gz,drift_1,change_info_1,process_tree_before,"X( +( ->( 'a', 'l' ), 'd' ), +( ->( *( +( 'b', 'm' ), ->( 'h', 'j' ) ), 'i' ), ->( ->( *( ->( 'c', 'n' ), +( X( 'f', 'o' ), 'k' ) ), 'g' ), 'e' ) ) )"
log_75_1692952522.xes.gz,drift_1,change_info_1,process_tree_after,"X( +( ->( 'a', 'l' ), 'd' ), +( ->( *( +( *tau*, 'm' ), ->( 'h', ->( 'c', 'n' ) ) ), 'i' ), ->( ->( *( 'j', +( X( 'f', 'o' ), 'k' ) ), 'g' ), 'e' ) ) )"
log_75_1692952522.xes.gz,drift_1,change_info_1,activities_deleted,[b]
log_75_1692952522.xes.gz,drift_1,change_info_1,activities_added,[]
log_75_1692952522.xes.gz,drift_1,change_info_1,activities_moved,"[j, c, n]"
log_75_1692952522.xes.gz,drift_1,change_info_1,change_start,2021-09-30 17:24:14.882552
log_75_1692952522.xes.gz,drift_1,change_info_1,change_end,2022-08-06 19:08:33.417867
log_76_1692952523.xes.gz,drift_1,log_id,1,log_76_1692952523.xes.gz
log_76_1692952523.xes.gz,drift_1,drift_id,1,1
log_76_1692952523.xes.gz,drift_1,process_perspective,1,control-flow
log_76_1692952523.xes.gz,drift_1,process_complexity,1,complex
log_76_1692952523.xes.gz,drift_1,drift_type,1,gradual
log_76_1692952523.xes.gz,drift_1,process_trees_1,0,"X( 'a', X( 'b', ->( *( ->( *( +( 'c', 'l' ), ->( *( 'f', 'i' ), X( 'j', ->( 'm', 'n' ) ) ) ), ->( ->( *( 'g', 'o' ), 'p' ), 'h' ) ), 'd' ), +( 'e', X( 'k', 'q' ) ) ) ) )"
log_76_1692952523.xes.gz,drift_1,process_trees_2,1,"X( 'a', X( 'b', ->( *( ->( *( +( 'c', 'l' ), ->( *( 'f', 'i' ), X( 'j', ->( 'm', 'n' ) ) ) ), ->( ->( *( 'd', 'o' ), 'Random activity 1' ), 'h' ) ), 'g' ), +( 'e', X( 'k', 'q' ) ) ) ) )"
log_76_1692952523.xes.gz,drift_1,change_info_1,change_type,gradual
log_76_1692952523.xes.gz,drift_1,change_info_1,change_trace_index,"[1179, 1765]"
log_76_1692952523.xes.gz,drift_1,change_info_1,process_tree_before,"X( 'a', X( 'b', ->( *( ->( *( +( 'c', 'l' ), ->( *( 'f', 'i' ), X( 'j', ->( 'm', 'n' ) ) ) ), ->( ->( *( 'g', 'o' ), 'p' ), 'h' ) ), 'd' ), +( 'e', X( 'k', 'q' ) ) ) ) )"
log_76_1692952523.xes.gz,drift_1,change_info_1,process_tree_after,"X( 'a', X( 'b', ->( *( ->( *( +( 'c', 'l' ), ->( *( 'f', 'i' ), X( 'j', ->( 'm', 'n' ) ) ) ), ->( ->( *( 'd', 'o' ), 'Random activity 1' ), 'h' ) ), 'g' ), +( 'e', X( 'k', 'q' ) ) ) ) )"
log_76_1692952523.xes.gz,drift_1,change_info_1,activities_deleted,[p]
log_76_1692952523.xes.gz,drift_1,change_info_1,activities_added,[Random activity 1]
log_76_1692952523.xes.gz,drift_1,change_info_1,activities_moved,"[d, g]"
log_76_1692952523.xes.gz,drift_1,change_info_1,change_start,2021-07-11 17:38:17.874188
log_76_1692952523.xes.gz,drift_1,change_info_1,change_end,2022-03-31 13:04:50.503780
log_76_1692952523.xes.gz,drift_2,log_id,1,log_76_1692952523.xes.gz
log_76_1692952523.xes.gz,drift_2,drift_id,1,2
log_76_1692952523.xes.gz,drift_2,process_perspective,1,control-flow
log_76_1692952523.xes.gz,drift_2,process_complexity,1,complex
log_76_1692952523.xes.gz,drift_2,drift_type,1,incremental
log_76_1692952523.xes.gz,drift_2,process_trees_1,0,"X( 'a', X( 'b', ->( *( ->( *( +( 'c', 'l' ), ->( *( 'f', 'i' ), X( 'j', ->( 'm', 'n' ) ) ) ), ->( ->( *( 'g', 'o' ), 'p' ), 'h' ) ), 'd' ), +( 'e', X( 'k', 'q' ) ) ) ) )"
log_76_1692952523.xes.gz,drift_2,process_trees_2,1,"X( 'a', X( 'b', ->( *( ->( *( +( 'c', 'l' ), ->( *( 'f', 'i' ), X( 'j', ->( 'm', 'n' ) ) ) ), ->( ->( *( 'g', 'o' ), 'p' ), 'h' ) ), 'd' ), +( 'e', X( 'k', 'q' ) ) ) ), 'Random activity 1' )"
log_76_1692952523.xes.gz,drift_2,process_trees_3,2,"X( 'a', X( 'b', ->( *( ->( *( +( 'c', 'l' ), ->( *( 'f', 'i' ), X( 'j', ->( 'm', 'n' ) ) ) ), ->( ->( *( 'g', 'o' ), 'p' ), 'h' ) ), 'd' ), +( 'e', X( 'k', 'q', 'Random activity 2' ) ) ) ), 'Random activity 1' )"
log_76_1692952523.xes.gz,drift_2,process_trees_4,3,"X( 'a', X( 'b', ->( *( ->( *( +( 'c', 'l' ), ->( *( 'f', 'i' ), X( 'j', ->( 'm', 'n' ) ) ) ), ->( ->( *( 'g', 'o' ), 'p' ), 'h', 'Random activity 3', 'Random activity 4' ) ), 'd' ), +( 'e', X( 'k', 'q', 'Random activity 2' ) ) ) ), 'Random activity 1' )"
log_76_1692952523.xes.gz,drift_2,change_info_1,change_type,sudden
log_76_1692952523.xes.gz,drift_2,change_info_1,change_trace_index,[3121]
log_76_1692952523.xes.gz,drift_2,change_info_1,process_tree_before,"X( 'a', X( 'b', ->( *( ->( *( +( 'c', 'l' ), ->( *( 'f', 'i' ), X( 'j', ->( 'm', 'n' ) ) ) ), ->( ->( *( 'g', 'o' ), 'p' ), 'h' ) ), 'd' ), +( 'e', X( 'k', 'q' ) ) ) ) )"
log_76_1692952523.xes.gz,drift_2,change_info_1,process_tree_after,"X( 'a', X( 'b', ->( *( ->( *( +( 'c', 'l' ), ->( *( 'f', 'i' ), X( 'j', ->( 'm', 'n' ) ) ) ), ->( ->( *( 'g', 'o' ), 'p' ), 'h' ) ), 'd' ), +( 'e', X( 'k', 'q' ) ) ) ), 'Random activity 1' )"
log_76_1692952523.xes.gz,drift_2,change_info_1,activities_deleted,[]
log_76_1692952523.xes.gz,drift_2,change_info_1,activities_added,[Random activity 1]
log_76_1692952523.xes.gz,drift_2,change_info_1,activities_moved,[]
log_76_1692952523.xes.gz,drift_2,change_info_1,change_start,2023-12-20 13:57:43.672854
log_76_1692952523.xes.gz,drift_2,change_info_1,change_end,2023-12-20 13:57:43.672854
log_76_1692952523.xes.gz,drift_2,change_info_2,change_type,gradual
log_76_1692952523.xes.gz,drift_2,change_info_2,change_trace_index,"[4586, 5250]"
log_76_1692952523.xes.gz,drift_2,change_info_2,process_tree_before,"X( 'a', X( 'b', ->( *( ->( *( +( 'c', 'l' ), ->( *( 'f', 'i' ), X( 'j', ->( 'm', 'n' ) ) ) ), ->( ->( *( 'g', 'o' ), 'p' ), 'h' ) ), 'd' ), +( 'e', X( 'k', 'q' ) ) ) ), 'Random activity 1' )"
log_76_1692952523.xes.gz,drift_2,change_info_2,process_tree_after,"X( 'a', X( 'b', ->( *( ->( *( +( 'c', 'l' ), ->( *( 'f', 'i' ), X( 'j', ->( 'm', 'n' ) ) ) ), ->( ->( *( 'g', 'o' ), 'p' ), 'h' ) ), 'd' ), +( 'e', X( 'k', 'q', 'Random activity 2' ) ) ) ), 'Random activity 1' )"
log_76_1692952523.xes.gz,drift_2,change_info_2,activities_deleted,[]
log_76_1692952523.xes.gz,drift_2,change_info_2,activities_added,[Random activity 2]
log_76_1692952523.xes.gz,drift_2,change_info_2,activities_moved,[]
log_76_1692952523.xes.gz,drift_2,change_info_2,change_start,2025-10-28 17:56:24.095054
log_76_1692952523.xes.gz,drift_2,change_info_2,change_end,2026-08-22 09:59:44.606764
log_76_1692952523.xes.gz,drift_2,change_info_3,change_type,gradual
log_76_1692952523.xes.gz,drift_2,change_info_3,change_trace_index,"[6506, 7495]"
log_76_1692952523.xes.gz,drift_2,change_info_3,process_tree_before,"X( 'a', X( 'b', ->( *( ->( *( +( 'c', 'l' ), ->( *( 'f', 'i' ), X( 'j', ->( 'm', 'n' ) ) ) ), ->( ->( *( 'g', 'o' ), 'p' ), 'h' ) ), 'd' ), +( 'e', X( 'k', 'q', 'Random activity 2' ) ) ) ), 'Random activity 1' )"
log_76_1692952523.xes.gz,drift_2,change_info_3,process_tree_after,"X( 'a', X( 'b', ->( *( ->( *( +( 'c', 'l' ), ->( *( 'f', 'i' ), X( 'j', ->( 'm', 'n' ) ) ) ), ->( ->( *( 'g', 'o' ), 'p' ), 'h', 'Random activity 3', 'Random activity 4' ) ), 'd' ), +( 'e', X( 'k', 'q', 'Random activity 2' ) ) ) ), 'Random activity 1' )"
log_76_1692952523.xes.gz,drift_2,change_info_3,activities_deleted,[]
log_76_1692952523.xes.gz,drift_2,change_info_3,activities_added,"[Random activity 3, Random activity 4]"
log_76_1692952523.xes.gz,drift_2,change_info_3,activities_moved,[]
log_76_1692952523.xes.gz,drift_2,change_info_3,change_start,2028-03-19 02:46:45.437585
log_76_1692952523.xes.gz,drift_2,change_info_3,change_end,2029-06-24 16:46:03.129949
log_77_1692952527.xes.gz,drift_1,log_id,1,log_77_1692952527.xes.gz
log_77_1692952527.xes.gz,drift_1,drift_id,1,1
log_77_1692952527.xes.gz,drift_1,process_perspective,1,control-flow
log_77_1692952527.xes.gz,drift_1,process_complexity,1,complex
log_77_1692952527.xes.gz,drift_1,drift_type,1,incremental
log_77_1692952527.xes.gz,drift_1,process_trees_1,0,"->( ->( *( ->( *( +( 'a', +( ->( *( 'h', 'k' ), ->( 'l', 'm' ) ), +( 'i', 'j' ) ) ), 'e' ), 'f' ), 'c' ), +( 'd', 'g' ) ), 'b' )"
log_77_1692952527.xes.gz,drift_1,process_trees_2,1,"->( ->( *( ->( *( +( *tau*, +( ->( *( 'h', 'k' ), ->( 'l', 'm' ) ), +( 'i', 'j' ) ) ), 'e' ), 'f' ), 'c' ), +( 'd', 'g' ) ), 'b' )"
log_77_1692952527.xes.gz,drift_1,process_trees_3,2,"->( ->( *( ->( *( +( *tau*, +( ->( *( 'h', 'k' ), ->( 'l', 'm' ) ), +( 'i', 'j' ) ) ), 'e' ), *tau* ), 'c' ), +( 'd', 'g' ) ), 'b' )"
log_77_1692952527.xes.gz,drift_1,process_trees_4,3,"->( ->( *( ->( *( +( *tau*, +( ->( *( 'h', 'k' ), ->( *tau*, 'm' ) ), +( 'i', 'j' ) ) ), 'e' ), *tau* ), 'c' ), +( 'd', 'g' ) ), 'b' )"
log_77_1692952527.xes.gz,drift_1,change_info_1,change_type,gradual
log_77_1692952527.xes.gz,drift_1,change_info_1,change_trace_index,"[1150, 2081]"
log_77_1692952527.xes.gz,drift_1,change_info_1,process_tree_before,"->( ->( *( ->( *( +( 'a', +( ->( *( 'h', 'k' ), ->( 'l', 'm' ) ), +( 'i', 'j' ) ) ), 'e' ), 'f' ), 'c' ), +( 'd', 'g' ) ), 'b' )"
log_77_1692952527.xes.gz,drift_1,change_info_1,process_tree_after,"->( ->( *( ->( *( +( *tau*, +( ->( *( 'h', 'k' ), ->( 'l', 'm' ) ), +( 'i', 'j' ) ) ), 'e' ), 'f' ), 'c' ), +( 'd', 'g' ) ), 'b' )"
log_77_1692952527.xes.gz,drift_1,change_info_1,activities_deleted,[a]
log_77_1692952527.xes.gz,drift_1,change_info_1,activities_added,[]
log_77_1692952527.xes.gz,drift_1,change_info_1,activities_moved,[]
log_77_1692952527.xes.gz,drift_1,change_info_1,change_start,2021-06-12 13:36:24.289075
log_77_1692952527.xes.gz,drift_1,change_info_1,change_end,2022-09-05 20:55:41.472770
log_77_1692952527.xes.gz,drift_1,change_info_2,change_type,gradual
log_77_1692952527.xes.gz,drift_1,change_info_2,change_trace_index,"[3258, 3936]"
log_77_1692952527.xes.gz,drift_1,change_info_2,process_tree_before,"->( ->( *( ->( *( +( *tau*, +( ->( *( 'h', 'k' ), ->( 'l', 'm' ) ), +( 'i', 'j' ) ) ), 'e' ), 'f' ), 'c' ), +( 'd', 'g' ) ), 'b' )"
log_77_1692952527.xes.gz,drift_1,change_info_2,process_tree_after,"->( ->( *( ->( *( +( *tau*, +( ->( *( 'h', 'k' ), ->( 'l', 'm' ) ), +( 'i', 'j' ) ) ), 'e' ), *tau* ), 'c' ), +( 'd', 'g' ) ), 'b' )"
log_77_1692952527.xes.gz,drift_1,change_info_2,activities_deleted,[f]
log_77_1692952527.xes.gz,drift_1,change_info_2,activities_added,[]
log_77_1692952527.xes.gz,drift_1,change_info_2,activities_moved,[]
log_77_1692952527.xes.gz,drift_1,change_info_2,change_start,2024-02-23 16:11:01.935955
log_77_1692952527.xes.gz,drift_1,change_info_2,change_end,2025-01-11 20:55:34.248195
log_77_1692952527.xes.gz,drift_1,change_info_3,change_type,sudden
log_77_1692952527.xes.gz,drift_1,change_info_3,change_trace_index,[4990]
log_77_1692952527.xes.gz,drift_1,change_info_3,process_tree_before,"->( ->( *( ->( *( +( *tau*, +( ->( *( 'h', 'k' ), ->( 'l', 'm' ) ), +( 'i', 'j' ) ) ), 'e' ), *tau* ), 'c' ), +( 'd', 'g' ) ), 'b' )"
log_77_1692952527.xes.gz,drift_1,change_info_3,process_tree_after,"->( ->( *( ->( *( +( *tau*, +( ->( *( 'h', 'k' ), ->( *tau*, 'm' ) ), +( 'i', 'j' ) ) ), 'e' ), *tau* ), 'c' ), +( 'd', 'g' ) ), 'b' )"
log_77_1692952527.xes.gz,drift_1,change_info_3,activities_deleted,[l]
log_77_1692952527.xes.gz,drift_1,change_info_3,activities_added,[]
log_77_1692952527.xes.gz,drift_1,change_info_3,activities_moved,[]
log_77_1692952527.xes.gz,drift_1,change_info_3,change_start,2026-05-16 18:05:55.198279
log_77_1692952527.xes.gz,drift_1,change_info_3,change_end,2026-05-16 18:05:55.198279
log_77_1692952527.xes.gz,drift_2,log_id,1,log_77_1692952527.xes.gz
log_77_1692952527.xes.gz,drift_2,drift_id,1,2
log_77_1692952527.xes.gz,drift_2,process_perspective,1,control-flow
log_77_1692952527.xes.gz,drift_2,process_complexity,1,complex
log_77_1692952527.xes.gz,drift_2,drift_type,1,gradual
log_77_1692952527.xes.gz,drift_2,process_trees_1,0,"->( ->( *( ->( *( +( 'a', +( ->( *( 'h', 'k' ), ->( 'l', 'm' ) ), +( 'i', 'j' ) ) ), 'e' ), 'f' ), 'c' ), +( 'd', 'g' ) ), 'b' )"
log_77_1692952527.xes.gz,drift_2,process_trees_2,1,"->( ->( *( ->( *( +( 'a', +( ->( *( 'h', 'e' ), ->( 'l', 'm' ) ), +( 'i', 'j' ) ) ), 'k' ), 'f' ), 'c' ), +( 'd', 'g' ) ), 'b' )"
log_77_1692952527.xes.gz,drift_2,change_info_1,change_type,gradual
log_77_1692952527.xes.gz,drift_2,change_info_1,change_trace_index,"[6332, 7232]"
log_77_1692952527.xes.gz,drift_2,change_info_1,process_tree_before,"->( ->( *( ->( *( +( 'a', +( ->( *( 'h', 'k' ), ->( 'l', 'm' ) ), +( 'i', 'j' ) ) ), 'e' ), 'f' ), 'c' ), +( 'd', 'g' ) ), 'b' )"
log_77_1692952527.xes.gz,drift_2,change_info_1,process_tree_after,"->( ->( *( ->( *( +( 'a', +( ->( *( 'h', 'e' ), ->( 'l', 'm' ) ), +( 'i', 'j' ) ) ), 'k' ), 'f' ), 'c' ), +( 'd', 'g' ) ), 'b' )"
log_77_1692952527.xes.gz,drift_2,change_info_1,activities_deleted,[]
log_77_1692952527.xes.gz,drift_2,change_info_1,activities_added,[]
log_77_1692952527.xes.gz,drift_2,change_info_1,activities_moved,"[k, e]"
log_77_1692952527.xes.gz,drift_2,change_info_1,change_start,2028-01-23 17:27:06.059276
log_77_1692952527.xes.gz,drift_2,change_info_1,change_end,2029-03-23 17:46:17.993345
log_77_1692952527.xes.gz,drift_3,log_id,1,log_77_1692952527.xes.gz
log_77_1692952527.xes.gz,drift_3,drift_id,1,3
log_77_1692952527.xes.gz,drift_3,process_perspective,1,control-flow
log_77_1692952527.xes.gz,drift_3,process_complexity,1,complex
log_77_1692952527.xes.gz,drift_3,drift_type,1,incremental
log_77_1692952527.xes.gz,drift_3,process_trees_1,0,"->( ->( *( ->( *( +( 'a', +( ->( *( 'h', 'k' ), ->( 'l', 'm' ) ), +( 'i', 'j' ) ) ), 'e' ), 'f' ), 'c' ), +( 'd', 'g' ) ), 'b' )"
log_77_1692952527.xes.gz,drift_3,process_trees_2,1,"->( ->( *( ->( *( +( 'a', +( ->( *( *tau*, 'k' ), ->( 'l', 'm' ) ), +( 'i', 'j' ) ) ), 'e' ), 'f' ), 'c' ), +( 'd', 'g' ) ), 'b' )"
log_77_1692952527.xes.gz,drift_3,process_trees_3,2,"->( ->( *( ->( *( +( 'a', +( ->( *( *tau*, 'k' ), ->( 'l', 'm' ) ), +( 'i', 'j', 'Random activity 1' ) ) ), 'e' ), 'f' ), 'c' ), +( 'd', 'g' ) ), 'b' )"
log_77_1692952527.xes.gz,drift_3,process_trees_4,3,"->( ->( *( ->( *( +( 'a', +( ->( *( *tau*, 'k' ), ->( 'l', 'm' ) ), +( 'i', 'j', 'Random activity 1' ) ) ), *tau* ), 'f' ), 'c' ), +( 'd', 'g' ) ), 'b' )"
log_77_1692952527.xes.gz,drift_3,change_info_1,change_type,sudden
log_77_1692952527.xes.gz,drift_3,change_info_1,change_trace_index,[8267]
log_77_1692952527.xes.gz,drift_3,change_info_1,process_tree_before,"->( ->( *( ->( *( +( 'a', +( ->( *( 'h', 'k' ), ->( 'l', 'm' ) ), +( 'i', 'j' ) ) ), 'e' ), 'f' ), 'c' ), +( 'd', 'g' ) ), 'b' )"
log_77_1692952527.xes.gz,drift_3,change_info_1,process_tree_after,"->( ->( *( ->( *( +( 'a', +( ->( *( *tau*, 'k' ), ->( 'l', 'm' ) ), +( 'i', 'j' ) ) ), 'e' ), 'f' ), 'c' ), +( 'd', 'g' ) ), 'b' )"
log_77_1692952527.xes.gz,drift_3,change_info_1,activities_deleted,[h]
log_77_1692952527.xes.gz,drift_3,change_info_1,activities_added,[]
log_77_1692952527.xes.gz,drift_3,change_info_1,activities_moved,[]
log_77_1692952527.xes.gz,drift_3,change_info_1,change_start,2030-07-28 22:16:36.770913
log_77_1692952527.xes.gz,drift_3,change_info_1,change_end,2030-07-28 22:16:36.770913
log_77_1692952527.xes.gz,drift_3,change_info_2,change_type,sudden
log_77_1692952527.xes.gz,drift_3,change_info_2,change_trace_index,[9297]
log_77_1692952527.xes.gz,drift_3,change_info_2,process_tree_before,"->( ->( *( ->( *( +( 'a', +( ->( *( *tau*, 'k' ), ->( 'l', 'm' ) ), +( 'i', 'j' ) ) ), 'e' ), 'f' ), 'c' ), +( 'd', 'g' ) ), 'b' )"
log_77_1692952527.xes.gz,drift_3,change_info_2,process_tree_after,"->( ->( *( ->( *( +( 'a', +( ->( *( *tau*, 'k' ), ->( 'l', 'm' ) ), +( 'i', 'j', 'Random activity 1' ) ) ), 'e' ), 'f' ), 'c' ), +( 'd', 'g' ) ), 'b' )"
log_77_1692952527.xes.gz,drift_3,change_info_2,activities_deleted,[]
log_77_1692952527.xes.gz,drift_3,change_info_2,activities_added,[Random activity 1]
log_77_1692952527.xes.gz,drift_3,change_info_2,activities_moved,[]
log_77_1692952527.xes.gz,drift_3,change_info_2,change_start,2031-11-16 00:49:25.984960
log_77_1692952527.xes.gz,drift_3,change_info_2,change_end,2031-11-16 00:49:25.984960
log_77_1692952527.xes.gz,drift_3,change_info_3,change_type,sudden
log_77_1692952527.xes.gz,drift_3,change_info_3,change_trace_index,[10336]
log_77_1692952527.xes.gz,drift_3,change_info_3,process_tree_before,"->( ->( *( ->( *( +( 'a', +( ->( *( *tau*, 'k' ), ->( 'l', 'm' ) ), +( 'i', 'j', 'Random activity 1' ) ) ), 'e' ), 'f' ), 'c' ), +( 'd', 'g' ) ), 'b' )"
log_77_1692952527.xes.gz,drift_3,change_info_3,process_tree_after,"->( ->( *( ->( *( +( 'a', +( ->( *( *tau*, 'k' ), ->( 'l', 'm' ) ), +( 'i', 'j', 'Random activity 1' ) ) ), *tau* ), 'f' ), 'c' ), +( 'd', 'g' ) ), 'b' )"
log_77_1692952527.xes.gz,drift_3,change_info_3,activities_deleted,[e]
log_77_1692952527.xes.gz,drift_3,change_info_3,activities_added,[]
log_77_1692952527.xes.gz,drift_3,change_info_3,activities_moved,[]
log_77_1692952527.xes.gz,drift_3,change_info_3,change_start,2033-04-05 21:50:46.003282
log_77_1692952527.xes.gz,drift_3,change_info_3,change_end,2033-04-05 21:50:46.003282
log_78_1692952551.xes.gz,drift_1,log_id,1,log_78_1692952551.xes.gz
log_78_1692952551.xes.gz,drift_1,drift_id,1,1
log_78_1692952551.xes.gz,drift_1,process_perspective,1,control-flow
log_78_1692952551.xes.gz,drift_1,process_complexity,1,complex
log_78_1692952551.xes.gz,drift_1,drift_type,1,gradual
log_78_1692952551.xes.gz,drift_1,process_trees_1,0,"->( *( X( X( X( 'a', ->( 'l', 'm' ) ), 'f' ), 'd' ), +( +( 'b', +( X( 'i', ->( 'k', 'n' ) ), 'j' ) ), 'h' ) ), X( X( 'c', 'g' ), 'e' ) )"
log_78_1692952551.xes.gz,drift_1,process_trees_2,1,"->( *( X( X( X( 'a', ->( 'l', 'm' ) ), 'f' ), 'd' ), +( +( 'Random activity 1', +( X( 'i', ->( 'k', 'n' ) ), 'j' ) ), 'h' ) ), X( X( 'c', 'g' ), 'e' ) )"
log_78_1692952551.xes.gz,drift_1,change_info_1,change_type,gradual
log_78_1692952551.xes.gz,drift_1,change_info_1,change_trace_index,"[1057, 1576]"
log_78_1692952551.xes.gz,drift_1,change_info_1,process_tree_before,"->( *( X( X( X( 'a', ->( 'l', 'm' ) ), 'f' ), 'd' ), +( +( 'b', +( X( 'i', ->( 'k', 'n' ) ), 'j' ) ), 'h' ) ), X( X( 'c', 'g' ), 'e' ) )"
log_78_1692952551.xes.gz,drift_1,change_info_1,process_tree_after,"->( *( X( X( X( 'a', ->( 'l', 'm' ) ), 'f' ), 'd' ), +( +( 'Random activity 1', +( X( 'i', ->( 'k', 'n' ) ), 'j' ) ), 'h' ) ), X( X( 'c', 'g' ), 'e' ) )"
log_78_1692952551.xes.gz,drift_1,change_info_1,activities_deleted,[b]
log_78_1692952551.xes.gz,drift_1,change_info_1,activities_added,[Random activity 1]
log_78_1692952551.xes.gz,drift_1,change_info_1,activities_moved,[]
log_78_1692952551.xes.gz,drift_1,change_info_1,change_start,2021-04-19 07:17:18.626643
log_78_1692952551.xes.gz,drift_1,change_info_1,change_end,2021-12-16 00:33:47.638443
log_79_1692952552.xes.gz,drift_1,log_id,1,log_79_1692952552.xes.gz
log_79_1692952552.xes.gz,drift_1,drift_id,1,1
log_79_1692952552.xes.gz,drift_1,process_perspective,1,control-flow
log_79_1692952552.xes.gz,drift_1,process_complexity,1,simple
log_79_1692952552.xes.gz,drift_1,drift_type,1,incremental
log_79_1692952552.xes.gz,drift_1,process_trees_1,0,"->( 'a', ->( 'b', ->( +( 'c', 'e' ), 'd' ) ) )"
log_79_1692952552.xes.gz,drift_1,process_trees_2,1,"->( 'a', ->( 'b', ->( +( *tau*, 'e' ), 'd' ) ) )"
log_79_1692952552.xes.gz,drift_1,process_trees_3,2,"->( 'a', ->( 'b', ->( +( *tau*, 'e' ), 'd', 'Random activity 1' ) ) )"
log_79_1692952552.xes.gz,drift_1,process_trees_4,3,"->( 'a', ->( 'b', ->( +( *tau*, 'e' ), 'd', 'Random activity 1' ) ), 'Random activity 2' )"
log_79_1692952552.xes.gz,drift_1,change_info_1,change_type,sudden
log_79_1692952552.xes.gz,drift_1,change_info_1,change_trace_index,[1364]
log_79_1692952552.xes.gz,drift_1,change_info_1,process_tree_before,"->( 'a', ->( 'b', ->( +( 'c', 'e' ), 'd' ) ) )"
log_79_1692952552.xes.gz,drift_1,change_info_1,process_tree_after,"->( 'a', ->( 'b', ->( +( *tau*, 'e' ), 'd' ) ) )"
log_79_1692952552.xes.gz,drift_1,change_info_1,activities_deleted,[c]
log_79_1692952552.xes.gz,drift_1,change_info_1,activities_added,[]
log_79_1692952552.xes.gz,drift_1,change_info_1,activities_moved,[]
log_79_1692952552.xes.gz,drift_1,change_info_1,change_start,2021-09-12 11:18:02.802090
log_79_1692952552.xes.gz,drift_1,change_info_1,change_end,2021-09-12 11:18:02.802090
log_79_1692952552.xes.gz,drift_1,change_info_2,change_type,sudden
log_79_1692952552.xes.gz,drift_1,change_info_2,change_trace_index,[2681]
log_79_1692952552.xes.gz,drift_1,change_info_2,process_tree_before,"->( 'a', ->( 'b', ->( +( *tau*, 'e' ), 'd' ) ) )"
log_79_1692952552.xes.gz,drift_1,change_info_2,process_tree_after,"->( 'a', ->( 'b', ->( +( *tau*, 'e' ), 'd', 'Random activity 1' ) ) )"
log_79_1692952552.xes.gz,drift_1,change_info_2,activities_deleted,[]
log_79_1692952552.xes.gz,drift_1,change_info_2,activities_added,[Random activity 1]
log_79_1692952552.xes.gz,drift_1,change_info_2,activities_moved,[]
log_79_1692952552.xes.gz,drift_1,change_info_2,change_start,2023-05-01 08:42:40.938744
log_79_1692952552.xes.gz,drift_1,change_info_2,change_end,2023-05-01 08:42:40.938744
log_79_1692952552.xes.gz,drift_1,change_info_3,change_type,gradual
log_79_1692952552.xes.gz,drift_1,change_info_3,change_trace_index,"[3924, 4512]"
log_79_1692952552.xes.gz,drift_1,change_info_3,process_tree_before,"->( 'a', ->( 'b', ->( +( *tau*, 'e' ), 'd', 'Random activity 1' ) ) )"
log_79_1692952552.xes.gz,drift_1,change_info_3,process_tree_after,"->( 'a', ->( 'b', ->( +( *tau*, 'e' ), 'd', 'Random activity 1' ) ), 'Random activity 2' )"
log_79_1692952552.xes.gz,drift_1,change_info_3,activities_deleted,[]
log_79_1692952552.xes.gz,drift_1,change_info_3,activities_added,[Random activity 2]
log_79_1692952552.xes.gz,drift_1,change_info_3,activities_moved,[]
log_79_1692952552.xes.gz,drift_1,change_info_3,change_start,2024-11-18 02:27:17.150700
log_79_1692952552.xes.gz,drift_1,change_info_3,change_end,2025-08-09 12:27:07.856418
log_80_1692952554.xes.gz,drift_1,log_id,1,log_80_1692952554.xes.gz
log_80_1692952554.xes.gz,drift_1,drift_id,1,1
log_80_1692952554.xes.gz,drift_1,process_perspective,1,control-flow
log_80_1692952554.xes.gz,drift_1,process_complexity,1,simple
log_80_1692952554.xes.gz,drift_1,drift_type,1,incremental
log_80_1692952554.xes.gz,drift_1,process_trees_1,0,"->( ->( ->( 'a', 'd' ), ->( ->( 'c', 'f' ), 'e' ) ), 'b' )"
log_80_1692952554.xes.gz,drift_1,process_trees_2,1,"->( ->( ->( 'a', *tau* ), ->( ->( 'c', 'f' ), 'e' ) ), 'b' )"
log_80_1692952554.xes.gz,drift_1,process_trees_3,2,"->( ->( ->( 'a', *tau* ), ->( ->( 'c', 'f' ), 'e' ), 'Random activity 1' ), 'b' )"
log_80_1692952554.xes.gz,drift_1,process_trees_4,3,"->( ->( ->( 'a', *tau* ), ->( ->( 'c', 'f' ), 'e', 'Random activity 2' ), 'Random activity 1' ), 'b' )"
log_80_1692952554.xes.gz,drift_1,change_info_1,change_type,sudden
log_80_1692952554.xes.gz,drift_1,change_info_1,change_trace_index,[1043]
log_80_1692952554.xes.gz,drift_1,change_info_1,process_tree_before,"->( ->( ->( 'a', 'd' ), ->( ->( 'c', 'f' ), 'e' ) ), 'b' )"
log_80_1692952554.xes.gz,drift_1,change_info_1,process_tree_after,"->( ->( ->( 'a', *tau* ), ->( ->( 'c', 'f' ), 'e' ) ), 'b' )"
log_80_1692952554.xes.gz,drift_1,change_info_1,activities_deleted,[d]
log_80_1692952554.xes.gz,drift_1,change_info_1,activities_added,[]
log_80_1692952554.xes.gz,drift_1,change_info_1,activities_moved,[]
log_80_1692952554.xes.gz,drift_1,change_info_1,change_start,2021-05-09 18:39:25.670509
log_80_1692952554.xes.gz,drift_1,change_info_1,change_end,2021-05-09 18:39:25.670509
log_80_1692952554.xes.gz,drift_1,change_info_2,change_type,gradual
log_80_1692952554.xes.gz,drift_1,change_info_2,change_trace_index,"[2139, 2799]"
log_80_1692952554.xes.gz,drift_1,change_info_2,process_tree_before,"->( ->( ->( 'a', *tau* ), ->( ->( 'c', 'f' ), 'e' ) ), 'b' )"
log_80_1692952554.xes.gz,drift_1,change_info_2,process_tree_after,"->( ->( ->( 'a', *tau* ), ->( ->( 'c', 'f' ), 'e' ), 'Random activity 1' ), 'b' )"
log_80_1692952554.xes.gz,drift_1,change_info_2,activities_deleted,[]
log_80_1692952554.xes.gz,drift_1,change_info_2,activities_added,[Random activity 1]
log_80_1692952554.xes.gz,drift_1,change_info_2,activities_moved,[]
log_80_1692952554.xes.gz,drift_1,change_info_2,change_start,2022-10-07 19:33:52.090246
log_80_1692952554.xes.gz,drift_1,change_info_2,change_end,2023-08-16 23:58:18.524252
log_80_1692952554.xes.gz,drift_1,change_info_3,change_type,gradual
log_80_1692952554.xes.gz,drift_1,change_info_3,change_trace_index,"[3922, 4435]"
log_80_1692952554.xes.gz,drift_1,change_info_3,process_tree_before,"->( ->( ->( 'a', *tau* ), ->( ->( 'c', 'f' ), 'e' ), 'Random activity 1' ), 'b' )"
log_80_1692952554.xes.gz,drift_1,change_info_3,process_tree_after,"->( ->( ->( 'a', *tau* ), ->( ->( 'c', 'f' ), 'e', 'Random activity 2' ), 'Random activity 1' ), 'b' )"
log_80_1692952554.xes.gz,drift_1,change_info_3,activities_deleted,[]
log_80_1692952554.xes.gz,drift_1,change_info_3,activities_added,[Random activity 2]
log_80_1692952554.xes.gz,drift_1,change_info_3,activities_moved,[]
log_80_1692952554.xes.gz,drift_1,change_info_3,change_start,2025-01-12 02:19:38.699933
log_80_1692952554.xes.gz,drift_1,change_info_3,change_end,2025-09-03 07:52:59.242475
log_81_1692952556.xes.gz,drift_1,log_id,1,log_81_1692952556.xes.gz
log_81_1692952556.xes.gz,drift_1,drift_id,1,1
log_81_1692952556.xes.gz,drift_1,process_perspective,1,control-flow
log_81_1692952556.xes.gz,drift_1,process_complexity,1,simple
log_81_1692952556.xes.gz,drift_1,drift_type,1,gradual
log_81_1692952556.xes.gz,drift_1,process_trees_1,0,"->( *( 'a', ->( 'b', ->( *( 'e', 'f' ), 'g' ) ) ), ->( 'c', 'd' ) )"
log_81_1692952556.xes.gz,drift_1,process_trees_2,1,"->( *( 'a', ->( 'b', ->( *( 'e', 'f' ), 'g' ) ), ->( 'c', 'd' ) ), *tau* )"
log_81_1692952556.xes.gz,drift_1,change_info_1,change_type,gradual
log_81_1692952556.xes.gz,drift_1,change_info_1,change_trace_index,"[1270, 2223]"
log_81_1692952556.xes.gz,drift_1,change_info_1,process_tree_before,"->( *( 'a', ->( 'b', ->( *( 'e', 'f' ), 'g' ) ) ), ->( 'c', 'd' ) )"
log_81_1692952556.xes.gz,drift_1,change_info_1,process_tree_after,"->( *( 'a', ->( 'b', ->( *( 'e', 'f' ), 'g' ) ), ->( 'c', 'd' ) ), *tau* )"
log_81_1692952556.xes.gz,drift_1,change_info_1,activities_deleted,[]
log_81_1692952556.xes.gz,drift_1,change_info_1,activities_added,[]
log_81_1692952556.xes.gz,drift_1,change_info_1,activities_moved,"[c, d]"
log_81_1692952556.xes.gz,drift_1,change_info_1,change_start,2021-08-17 03:31:04.175578
log_81_1692952556.xes.gz,drift_1,change_info_1,change_end,2022-10-24 18:57:41.385731
log_81_1692952556.xes.gz,drift_2,log_id,1,log_81_1692952556.xes.gz
log_81_1692952556.xes.gz,drift_2,drift_id,1,2
log_81_1692952556.xes.gz,drift_2,process_perspective,1,control-flow
log_81_1692952556.xes.gz,drift_2,process_complexity,1,simple
log_81_1692952556.xes.gz,drift_2,drift_type,1,sudden
log_81_1692952556.xes.gz,drift_2,process_trees_1,0,"->( *( 'a', ->( 'b', ->( *( 'e', 'f' ), 'g' ) ) ), ->( 'c', 'd' ) )"
log_81_1692952556.xes.gz,drift_2,process_trees_2,1,"->( *( 'g', ->( 'b', ->( *( 'e', 'f' ), 'a' ), 'Random activity 1' ) ), ->( 'c', 'd' ) )"
log_81_1692952556.xes.gz,drift_2,change_info_1,change_type,sudden
log_81_1692952556.xes.gz,drift_2,change_info_1,change_trace_index,[3514]
log_81_1692952556.xes.gz,drift_2,change_info_1,process_tree_before,"->( *( 'a', ->( 'b', ->( *( 'e', 'f' ), 'g' ) ) ), ->( 'c', 'd' ) )"
log_81_1692952556.xes.gz,drift_2,change_info_1,process_tree_after,"->( *( 'g', ->( 'b', ->( *( 'e', 'f' ), 'a' ), 'Random activity 1' ) ), ->( 'c', 'd' ) )"
log_81_1692952556.xes.gz,drift_2,change_info_1,activities_deleted,[]
log_81_1692952556.xes.gz,drift_2,change_info_1,activities_added,[Random activity 1]
log_81_1692952556.xes.gz,drift_2,change_info_1,activities_moved,"[g, a]"
log_81_1692952556.xes.gz,drift_2,change_info_1,change_start,2024-06-30 23:21:23.624234
log_81_1692952556.xes.gz,drift_2,change_info_1,change_end,2024-06-30 23:21:23.624234
log_81_1692952556.xes.gz,drift_3,log_id,1,log_81_1692952556.xes.gz
log_81_1692952556.xes.gz,drift_3,drift_id,1,3
log_81_1692952556.xes.gz,drift_3,process_perspective,1,control-flow
log_81_1692952556.xes.gz,drift_3,process_complexity,1,simple
log_81_1692952556.xes.gz,drift_3,drift_type,1,gradual
log_81_1692952556.xes.gz,drift_3,process_trees_1,0,"->( *( 'a', ->( 'b', ->( *( 'e', 'f' ), 'g' ) ) ), ->( 'c', 'd' ) )"
log_81_1692952556.xes.gz,drift_3,process_trees_2,1,"->( *( 'a', ->( 'b', ->( X( 'Random activity 1', *( 'e', 'f' ) ), 'g' ) ) ), ->( 'c', 'd' ) )"
log_81_1692952556.xes.gz,drift_3,change_info_1,change_type,gradual
log_81_1692952556.xes.gz,drift_3,change_info_1,change_trace_index,"[4835, 5383]"
log_81_1692952556.xes.gz,drift_3,change_info_1,process_tree_before,"->( *( 'a', ->( 'b', ->( *( 'e', 'f' ), 'g' ) ) ), ->( 'c', 'd' ) )"
log_81_1692952556.xes.gz,drift_3,change_info_1,process_tree_after,"->( *( 'a', ->( 'b', ->( X( 'Random activity 1', *( 'e', 'f' ) ), 'g' ) ) ), ->( 'c', 'd' ) )"
log_81_1692952556.xes.gz,drift_3,change_info_1,activities_deleted,[]
log_81_1692952556.xes.gz,drift_3,change_info_1,activities_added,[Random activity 1]
log_81_1692952556.xes.gz,drift_3,change_info_1,activities_moved,"[e, f]"
log_81_1692952556.xes.gz,drift_3,change_info_1,change_start,2026-02-19 21:07:31.534208
log_81_1692952556.xes.gz,drift_3,change_info_1,change_end,2026-11-04 08:59:43.920394
log_82_1692952560.xes.gz,drift_1,log_id,1,log_82_1692952560.xes.gz
log_82_1692952560.xes.gz,drift_1,drift_id,1,1
log_82_1692952560.xes.gz,drift_1,process_perspective,1,control-flow
log_82_1692952560.xes.gz,drift_1,process_complexity,1,middle
log_82_1692952560.xes.gz,drift_1,drift_type,1,recurring
log_82_1692952560.xes.gz,drift_1,process_trees_1,0,"+( X( ->( 'a', ->( *( 'f', 'g' ), 'h' ) ), ->( ->( *( ->( 'c', 'l' ), 'j' ), 'k' ), 'd' ) ), X( 'b', ->( 'e', 'i' ) ) )"
log_82_1692952560.xes.gz,drift_1,process_trees_2,1,"+( X( ->( 'a', ->( *( 'f', 'g' ), 'h' ) ), ->( ->( *( +( 'Random activity 1', ->( 'c', 'l' ) ), 'j' ), 'k' ), 'd' ) ), X( 'b', ->( 'e', 'i' ) ) )"
log_82_1692952560.xes.gz,drift_1,process_trees_3,2,"+( X( ->( 'a', ->( *( 'f', 'g' ), 'h' ) ), ->( ->( *( ->( 'c', 'l' ), 'j' ), 'k' ), 'd' ) ), X( 'b', ->( 'e', 'i' ) ) )"
log_82_1692952560.xes.gz,drift_1,process_trees_4,3,"+( X( ->( 'a', ->( *( 'f', 'g' ), 'h' ) ), ->( ->( *( +( 'Random activity 1', ->( 'c', 'l' ) ), 'j' ), 'k' ), 'd' ) ), X( 'b', ->( 'e', 'i' ) ) )"
log_82_1692952560.xes.gz,drift_1,change_info_1,change_type,gradual
log_82_1692952560.xes.gz,drift_1,change_info_1,change_trace_index,"[1360, 1891]"
log_82_1692952560.xes.gz,drift_1,change_info_1,process_tree_before,"+( X( ->( 'a', ->( *( 'f', 'g' ), 'h' ) ), ->( ->( *( ->( 'c', 'l' ), 'j' ), 'k' ), 'd' ) ), X( 'b', ->( 'e', 'i' ) ) )"
log_82_1692952560.xes.gz,drift_1,change_info_1,process_tree_after,"+( X( ->( 'a', ->( *( 'f', 'g' ), 'h' ) ), ->( ->( *( +( 'Random activity 1', ->( 'c', 'l' ) ), 'j' ), 'k' ), 'd' ) ), X( 'b', ->( 'e', 'i' ) ) )"
log_82_1692952560.xes.gz,drift_1,change_info_1,activities_deleted,[]
log_82_1692952560.xes.gz,drift_1,change_info_1,activities_added,[Random activity 1]
log_82_1692952560.xes.gz,drift_1,change_info_1,activities_moved,"[c, l]"
log_82_1692952560.xes.gz,drift_1,change_info_1,change_start,2021-10-10 18:08:57.209152
log_82_1692952560.xes.gz,drift_1,change_info_1,change_end,2022-06-10 13:48:52.487069
log_82_1692952560.xes.gz,drift_1,change_info_2,change_type,gradual
log_82_1692952560.xes.gz,drift_1,change_info_2,change_trace_index,"[3328, 4126]"
log_82_1692952560.xes.gz,drift_1,change_info_2,process_tree_before,"+( X( ->( 'a', ->( *( 'f', 'g' ), 'h' ) ), ->( ->( *( +( 'Random activity 1', ->( 'c', 'l' ) ), 'j' ), 'k' ), 'd' ) ), X( 'b', ->( 'e', 'i' ) ) )"
log_82_1692952560.xes.gz,drift_1,change_info_2,process_tree_after,"+( X( ->( 'a', ->( *( 'f', 'g' ), 'h' ) ), ->( ->( *( ->( 'c', 'l' ), 'j' ), 'k' ), 'd' ) ), X( 'b', ->( 'e', 'i' ) ) )"
log_82_1692952560.xes.gz,drift_1,change_info_2,activities_deleted,[Random activity 1]
log_82_1692952560.xes.gz,drift_1,change_info_2,activities_added,[]
log_82_1692952560.xes.gz,drift_1,change_info_2,activities_moved,"[c, l]"
log_82_1692952560.xes.gz,drift_1,change_info_2,change_start,2024-04-05 08:25:30.075828
log_82_1692952560.xes.gz,drift_1,change_info_2,change_end,2025-04-13 17:49:11.523248
log_82_1692952560.xes.gz,drift_1,change_info_3,change_type,gradual
log_82_1692952560.xes.gz,drift_1,change_info_3,change_trace_index,"[5282, 6014]"
log_82_1692952560.xes.gz,drift_1,change_info_3,process_tree_before,"+( X( ->( 'a', ->( *( 'f', 'g' ), 'h' ) ), ->( ->( *( ->( 'c', 'l' ), 'j' ), 'k' ), 'd' ) ), X( 'b', ->( 'e', 'i' ) ) )"
log_82_1692952560.xes.gz,drift_1,change_info_3,process_tree_after,"+( X( ->( 'a', ->( *( 'f', 'g' ), 'h' ) ), ->( ->( *( +( 'Random activity 1', ->( 'c', 'l' ) ), 'j' ), 'k' ), 'd' ) ), X( 'b', ->( 'e', 'i' ) ) )"
log_82_1692952560.xes.gz,drift_1,change_info_3,activities_deleted,[]
log_82_1692952560.xes.gz,drift_1,change_info_3,activities_added,[Random activity 1]
log_82_1692952560.xes.gz,drift_1,change_info_3,activities_moved,"[c, l]"
log_82_1692952560.xes.gz,drift_1,change_info_3,change_start,2026-10-11 03:28:47.197557
log_82_1692952560.xes.gz,drift_1,change_info_3,change_end,2027-09-07 11:34:46.059982
log_83_1692952563.xes.gz,drift_1,log_id,1,log_83_1692952563.xes.gz
log_83_1692952563.xes.gz,drift_1,drift_id,1,1
log_83_1692952563.xes.gz,drift_1,process_perspective,1,control-flow
log_83_1692952563.xes.gz,drift_1,process_complexity,1,middle
log_83_1692952563.xes.gz,drift_1,drift_type,1,recurring
log_83_1692952563.xes.gz,drift_1,process_trees_1,0,"->( ->( *( ->( *( 'a', ->( 'e', 'h' ) ), ->( ->( 'f', 'l' ), 'g' ) ), 'c' ), +( 'd', 'k' ) ), ->( *( 'b', 'i' ), 'j' ) )"
log_83_1692952563.xes.gz,drift_1,process_trees_2,1,"->( ->( *( ->( *( 'a', ->( 'e', 'h' ) ), ->( ->( 'f', 'l' ), 'g' ) ), 'c' ), +( 'd', 'k' ), 'Random activity 1' ), ->( *( 'b', 'i' ), 'j', 'Random activity 2' ) )"
log_83_1692952563.xes.gz,drift_1,process_trees_3,2,"->( ->( *( ->( *( 'a', ->( 'e', 'h' ) ), ->( ->( 'f', 'l' ), 'g' ) ), 'c' ), +( 'd', 'k' ) ), ->( *( 'b', 'i' ), 'j' ) )"
log_83_1692952563.xes.gz,drift_1,process_trees_4,3,"->( ->( *( ->( *( 'a', ->( 'e', 'h' ) ), ->( ->( 'f', 'l' ), 'g' ) ), 'c' ), +( 'd', 'k' ), 'Random activity 1' ), ->( *( 'b', 'i' ), 'j', 'Random activity 2' ) )"
log_83_1692952563.xes.gz,drift_1,change_info_1,change_type,sudden
log_83_1692952563.xes.gz,drift_1,change_info_1,change_trace_index,[1140]
log_83_1692952563.xes.gz,drift_1,change_info_1,process_tree_before,"->( ->( *( ->( *( 'a', ->( 'e', 'h' ) ), ->( ->( 'f', 'l' ), 'g' ) ), 'c' ), +( 'd', 'k' ) ), ->( *( 'b', 'i' ), 'j' ) )"
log_83_1692952563.xes.gz,drift_1,change_info_1,process_tree_after,"->( ->( *( ->( *( 'a', ->( 'e', 'h' ) ), ->( ->( 'f', 'l' ), 'g' ) ), 'c' ), +( 'd', 'k' ), 'Random activity 1' ), ->( *( 'b', 'i' ), 'j', 'Random activity 2' ) )"
log_83_1692952563.xes.gz,drift_1,change_info_1,activities_deleted,[]
log_83_1692952563.xes.gz,drift_1,change_info_1,activities_added,"[Random activity 1, Random activity 2]"
log_83_1692952563.xes.gz,drift_1,change_info_1,activities_moved,[]
log_83_1692952563.xes.gz,drift_1,change_info_1,change_start,2021-06-30 16:17:10.283908
log_83_1692952563.xes.gz,drift_1,change_info_1,change_end,2021-06-30 16:17:10.283908
log_83_1692952563.xes.gz,drift_1,change_info_2,change_type,sudden
log_83_1692952563.xes.gz,drift_1,change_info_2,change_trace_index,[2294]
log_83_1692952563.xes.gz,drift_1,change_info_2,process_tree_before,"->( ->( *( ->( *( 'a', ->( 'e', 'h' ) ), ->( ->( 'f', 'l' ), 'g' ) ), 'c' ), +( 'd', 'k' ), 'Random activity 1' ), ->( *( 'b', 'i' ), 'j', 'Random activity 2' ) )"
log_83_1692952563.xes.gz,drift_1,change_info_2,process_tree_after,"->( ->( *( ->( *( 'a', ->( 'e', 'h' ) ), ->( ->( 'f', 'l' ), 'g' ) ), 'c' ), +( 'd', 'k' ) ), ->( *( 'b', 'i' ), 'j' ) )"
log_83_1692952563.xes.gz,drift_1,change_info_2,activities_deleted,"[Random activity 1, Random activity 2]"
log_83_1692952563.xes.gz,drift_1,change_info_2,activities_added,[]
log_83_1692952563.xes.gz,drift_1,change_info_2,activities_moved,[]
log_83_1692952563.xes.gz,drift_1,change_info_2,change_start,2022-12-03 02:56:17.397124
log_83_1692952563.xes.gz,drift_1,change_info_2,change_end,2022-12-03 02:56:17.397124
log_83_1692952563.xes.gz,drift_1,change_info_3,change_type,sudden
log_83_1692952563.xes.gz,drift_1,change_info_3,change_trace_index,[3652]
log_83_1692952563.xes.gz,drift_1,change_info_3,process_tree_before,"->( ->( *( ->( *( 'a', ->( 'e', 'h' ) ), ->( ->( 'f', 'l' ), 'g' ) ), 'c' ), +( 'd', 'k' ) ), ->( *( 'b', 'i' ), 'j' ) )"
log_83_1692952563.xes.gz,drift_1,change_info_3,process_tree_after,"->( ->( *( ->( *( 'a', ->( 'e', 'h' ) ), ->( ->( 'f', 'l' ), 'g' ) ), 'c' ), +( 'd', 'k' ), 'Random activity 1' ), ->( *( 'b', 'i' ), 'j', 'Random activity 2' ) )"
log_83_1692952563.xes.gz,drift_1,change_info_3,activities_deleted,[]
log_83_1692952563.xes.gz,drift_1,change_info_3,activities_added,"[Random activity 1, Random activity 2]"
log_83_1692952563.xes.gz,drift_1,change_info_3,activities_moved,[]
log_83_1692952563.xes.gz,drift_1,change_info_3,change_start,2024-08-15 16:31:17.246427
log_83_1692952563.xes.gz,drift_1,change_info_3,change_end,2024-08-15 16:31:17.246427
log_83_1692952563.xes.gz,drift_2,log_id,1,log_83_1692952563.xes.gz
log_83_1692952563.xes.gz,drift_2,drift_id,1,2
log_83_1692952563.xes.gz,drift_2,process_perspective,1,control-flow
log_83_1692952563.xes.gz,drift_2,process_complexity,1,middle
log_83_1692952563.xes.gz,drift_2,drift_type,1,sudden
log_83_1692952563.xes.gz,drift_2,process_trees_1,0,"->( ->( *( ->( *( 'a', ->( 'e', 'h' ) ), ->( ->( 'f', 'l' ), 'g' ) ), 'c' ), +( 'd', 'k' ) ), ->( *( 'b', 'i' ), 'j' ) )"
log_83_1692952563.xes.gz,drift_2,process_trees_2,1,"->( ->( *( ->( *( 'a', ->( 'e', 'h' ) ), ->( ->( 'f', 'l' ), 'g' ), 'Random activity 1' ), 'c' ), +( 'd', 'k' ) ), ->( *( 'b', 'i' ), 'j' ) )"
log_83_1692952563.xes.gz,drift_2,change_info_1,change_type,sudden
log_83_1692952563.xes.gz,drift_2,change_info_1,change_trace_index,[5073]
log_83_1692952563.xes.gz,drift_2,change_info_1,process_tree_before,"->( ->( *( ->( *( 'a', ->( 'e', 'h' ) ), ->( ->( 'f', 'l' ), 'g' ) ), 'c' ), +( 'd', 'k' ) ), ->( *( 'b', 'i' ), 'j' ) )"
log_83_1692952563.xes.gz,drift_2,change_info_1,process_tree_after,"->( ->( *( ->( *( 'a', ->( 'e', 'h' ) ), ->( ->( 'f', 'l' ), 'g' ), 'Random activity 1' ), 'c' ), +( 'd', 'k' ) ), ->( *( 'b', 'i' ), 'j' ) )"
log_83_1692952563.xes.gz,drift_2,change_info_1,activities_deleted,[]
log_83_1692952563.xes.gz,drift_2,change_info_1,activities_added,[Random activity 1]
log_83_1692952563.xes.gz,drift_2,change_info_1,activities_moved,[]
log_83_1692952563.xes.gz,drift_2,change_info_1,change_start,2026-05-12 00:32:05.620183
log_83_1692952563.xes.gz,drift_2,change_info_1,change_end,2026-05-12 00:32:05.620183
log_83_1692952563.xes.gz,drift_3,log_id,1,log_83_1692952563.xes.gz
log_83_1692952563.xes.gz,drift_3,drift_id,1,3
log_83_1692952563.xes.gz,drift_3,process_perspective,1,control-flow
log_83_1692952563.xes.gz,drift_3,process_complexity,1,middle
log_83_1692952563.xes.gz,drift_3,drift_type,1,gradual
log_83_1692952563.xes.gz,drift_3,process_trees_1,0,"->( ->( *( ->( *( 'a', ->( 'e', 'h' ) ), ->( ->( 'f', 'l' ), 'g' ) ), 'c' ), +( 'd', 'k' ) ), ->( *( 'b', 'i' ), 'j' ) )"
log_83_1692952563.xes.gz,drift_3,process_trees_2,1,"->( ->( *( ->( *tau*, ->( ->( 'f', 'l' ), 'g' ) ), 'c' ), +( 'd', 'k', *( 'a', ->( 'e', 'h' ) ) ) ), ->( *( 'b', 'i', 'Random activity 1' ), 'j' ) )"
log_83_1692952563.xes.gz,drift_3,change_info_1,change_type,gradual
log_83_1692952563.xes.gz,drift_3,change_info_1,change_trace_index,"[6291, 6948]"
log_83_1692952563.xes.gz,drift_3,change_info_1,process_tree_before,"->( ->( *( ->( *( 'a', ->( 'e', 'h' ) ), ->( ->( 'f', 'l' ), 'g' ) ), 'c' ), +( 'd', 'k' ) ), ->( *( 'b', 'i' ), 'j' ) )"
log_83_1692952563.xes.gz,drift_3,change_info_1,process_tree_after,"->( ->( *( ->( *tau*, ->( ->( 'f', 'l' ), 'g' ) ), 'c' ), +( 'd', 'k', *( 'a', ->( 'e', 'h' ) ) ) ), ->( *( 'b', 'i', 'Random activity 1' ), 'j' ) )"
log_83_1692952563.xes.gz,drift_3,change_info_1,activities_deleted,[]
log_83_1692952563.xes.gz,drift_3,change_info_1,activities_added,[Random activity 1]
log_83_1692952563.xes.gz,drift_3,change_info_1,activities_moved,"[a, e, h]"
log_83_1692952563.xes.gz,drift_3,change_info_1,change_start,2027-11-15 11:56:56.804633
log_83_1692952563.xes.gz,drift_3,change_info_1,change_end,2028-09-13 23:43:16.760259
log_84_1692952573.xes.gz,drift_1,log_id,1,log_84_1692952573.xes.gz
log_84_1692952573.xes.gz,drift_1,drift_id,1,1
log_84_1692952573.xes.gz,drift_1,process_perspective,1,control-flow
log_84_1692952573.xes.gz,drift_1,process_complexity,1,simple
log_84_1692952573.xes.gz,drift_1,drift_type,1,incremental
log_84_1692952573.xes.gz,drift_1,process_trees_1,0,"->( *( 'a', 'b' ), ->( ->( 'c', 'g' ), ->( ->( 'd', 'f' ), 'e' ) ) )"
log_84_1692952573.xes.gz,drift_1,process_trees_2,1,"->( *( 'a', 'b' ), ->( ->( 'c', 'g' ), ->( ->( 'd', 'f' ), 'e' ) ), 'Random activity 1' )"
log_84_1692952573.xes.gz,drift_1,process_trees_3,2,"->( *( 'a', 'b' ), ->( ->( 'c', 'g' ), ->( ->( 'd', 'f', 'Random activity 2' ), 'e' ) ), 'Random activity 1' )"
log_84_1692952573.xes.gz,drift_1,process_trees_4,3,"->( *( 'a', 'b' ), ->( ->( 'c', 'g' ), ->( ->( 'd', 'f', 'Random activity 2' ), *tau* ) ), 'Random activity 1' )"
log_84_1692952573.xes.gz,drift_1,change_info_1,change_type,gradual
log_84_1692952573.xes.gz,drift_1,change_info_1,change_trace_index,"[1146, 2011]"
log_84_1692952573.xes.gz,drift_1,change_info_1,process_tree_before,"->( *( 'a', 'b' ), ->( ->( 'c', 'g' ), ->( ->( 'd', 'f' ), 'e' ) ) )"
log_84_1692952573.xes.gz,drift_1,change_info_1,process_tree_after,"->( *( 'a', 'b' ), ->( ->( 'c', 'g' ), ->( ->( 'd', 'f' ), 'e' ) ), 'Random activity 1' )"
log_84_1692952573.xes.gz,drift_1,change_info_1,activities_deleted,[]
log_84_1692952573.xes.gz,drift_1,change_info_1,activities_added,[Random activity 1]
log_84_1692952573.xes.gz,drift_1,change_info_1,activities_moved,[]
log_84_1692952573.xes.gz,drift_1,change_info_1,change_start,2021-07-28 10:18:42.100250
log_84_1692952573.xes.gz,drift_1,change_info_1,change_end,2022-08-23 01:01:12.851929
log_84_1692952573.xes.gz,drift_1,change_info_2,change_type,sudden
log_84_1692952573.xes.gz,drift_1,change_info_2,change_trace_index,[3360]
log_84_1692952573.xes.gz,drift_1,change_info_2,process_tree_before,"->( *( 'a', 'b' ), ->( ->( 'c', 'g' ), ->( ->( 'd', 'f' ), 'e' ) ), 'Random activity 1' )"
log_84_1692952573.xes.gz,drift_1,change_info_2,process_tree_after,"->( *( 'a', 'b' ), ->( ->( 'c', 'g' ), ->( ->( 'd', 'f', 'Random activity 2' ), 'e' ) ), 'Random activity 1' )"
log_84_1692952573.xes.gz,drift_1,change_info_2,activities_deleted,[]
log_84_1692952573.xes.gz,drift_1,change_info_2,activities_added,[Random activity 2]
log_84_1692952573.xes.gz,drift_1,change_info_2,activities_moved,[]
log_84_1692952573.xes.gz,drift_1,change_info_2,change_start,2024-04-11 13:37:49.237965
log_84_1692952573.xes.gz,drift_1,change_info_2,change_end,2024-04-11 13:37:49.237965
log_84_1692952573.xes.gz,drift_1,change_info_3,change_type,sudden
log_84_1692952573.xes.gz,drift_1,change_info_3,change_trace_index,[4613]
log_84_1692952573.xes.gz,drift_1,change_info_3,process_tree_before,"->( *( 'a', 'b' ), ->( ->( 'c', 'g' ), ->( ->( 'd', 'f', 'Random activity 2' ), 'e' ) ), 'Random activity 1' )"
log_84_1692952573.xes.gz,drift_1,change_info_3,process_tree_after,"->( *( 'a', 'b' ), ->( ->( 'c', 'g' ), ->( ->( 'd', 'f', 'Random activity 2' ), *tau* ) ), 'Random activity 1' )"
log_84_1692952573.xes.gz,drift_1,change_info_3,activities_deleted,[e]
log_84_1692952573.xes.gz,drift_1,change_info_3,activities_added,[]
log_84_1692952573.xes.gz,drift_1,change_info_3,activities_moved,[]
log_84_1692952573.xes.gz,drift_1,change_info_3,change_start,2025-11-11 06:19:37.644109
log_84_1692952573.xes.gz,drift_1,change_info_3,change_end,2025-11-11 06:19:37.644109
log_85_1692952576.xes.gz,drift_1,log_id,1,log_85_1692952576.xes.gz
log_85_1692952576.xes.gz,drift_1,drift_id,1,1
log_85_1692952576.xes.gz,drift_1,process_perspective,1,control-flow
log_85_1692952576.xes.gz,drift_1,process_complexity,1,simple
log_85_1692952576.xes.gz,drift_1,drift_type,1,gradual
log_85_1692952576.xes.gz,drift_1,process_trees_1,0,"->( ->( 'a', 'e' ), ->( ->( 'b', 'd' ), 'c' ) )"
log_85_1692952576.xes.gz,drift_1,process_trees_2,1,"->( ->( 'a', *tau* ), ->( ->( 'b', 'd' ), 'c' ) )"
log_85_1692952576.xes.gz,drift_1,change_info_1,change_type,gradual
log_85_1692952576.xes.gz,drift_1,change_info_1,change_trace_index,"[1459, 1990]"
log_85_1692952576.xes.gz,drift_1,change_info_1,process_tree_before,"->( ->( 'a', 'e' ), ->( ->( 'b', 'd' ), 'c' ) )"
log_85_1692952576.xes.gz,drift_1,change_info_1,process_tree_after,"->( ->( 'a', *tau* ), ->( ->( 'b', 'd' ), 'c' ) )"
log_85_1692952576.xes.gz,drift_1,change_info_1,activities_deleted,[e]
log_85_1692952576.xes.gz,drift_1,change_info_1,activities_added,[]
log_85_1692952576.xes.gz,drift_1,change_info_1,activities_moved,[]
log_85_1692952576.xes.gz,drift_1,change_info_1,change_start,2021-11-06 02:00:21.209061
log_85_1692952576.xes.gz,drift_1,change_info_1,change_end,2022-07-15 23:23:01.474632
log_85_1692952576.xes.gz,drift_2,log_id,1,log_85_1692952576.xes.gz
log_85_1692952576.xes.gz,drift_2,drift_id,1,2
log_85_1692952576.xes.gz,drift_2,process_perspective,1,control-flow
log_85_1692952576.xes.gz,drift_2,process_complexity,1,simple
log_85_1692952576.xes.gz,drift_2,drift_type,1,sudden
log_85_1692952576.xes.gz,drift_2,process_trees_1,0,"->( ->( 'a', 'e' ), ->( ->( 'b', 'd' ), 'c' ) )"
log_85_1692952576.xes.gz,drift_2,process_trees_2,1,"->( ->( 'a', 'e' ), ->( ->( 'b', 'Random activity 1' ), 'c' ) )"
log_85_1692952576.xes.gz,drift_2,change_info_1,change_type,sudden
log_85_1692952576.xes.gz,drift_2,change_info_1,change_trace_index,[3383]
log_85_1692952576.xes.gz,drift_2,change_info_1,process_tree_before,"->( ->( 'a', 'e' ), ->( ->( 'b', 'd' ), 'c' ) )"
log_85_1692952576.xes.gz,drift_2,change_info_1,process_tree_after,"->( ->( 'a', 'e' ), ->( ->( 'b', 'Random activity 1' ), 'c' ) )"
log_85_1692952576.xes.gz,drift_2,change_info_1,activities_deleted,[d]
log_85_1692952576.xes.gz,drift_2,change_info_1,activities_added,[Random activity 1]
log_85_1692952576.xes.gz,drift_2,change_info_1,activities_moved,[]
log_85_1692952576.xes.gz,drift_2,change_info_1,change_start,2024-04-02 02:36:03.129138
log_85_1692952576.xes.gz,drift_2,change_info_1,change_end,2024-04-02 02:36:03.129138
log_85_1692952576.xes.gz,drift_3,log_id,1,log_85_1692952576.xes.gz
log_85_1692952576.xes.gz,drift_3,drift_id,1,3
log_85_1692952576.xes.gz,drift_3,process_perspective,1,control-flow
log_85_1692952576.xes.gz,drift_3,process_complexity,1,simple
log_85_1692952576.xes.gz,drift_3,drift_type,1,incremental
log_85_1692952576.xes.gz,drift_3,process_trees_1,0,"->( ->( 'a', 'e' ), ->( ->( 'b', 'd' ), 'c' ) )"
log_85_1692952576.xes.gz,drift_3,process_trees_2,1,"->( ->( 'a', 'e' ), ->( ->( 'b', 'd' ), 'c' ), 'Random activity 1' )"
log_85_1692952576.xes.gz,drift_3,process_trees_3,2,"->( ->( 'a', *tau* ), ->( ->( 'b', 'd' ), 'c' ), 'Random activity 1' )"
log_85_1692952576.xes.gz,drift_3,process_trees_4,3,"->( ->( 'a', *tau* ), ->( ->( 'b', 'd' ), 'c' ), 'Random activity 1', 'Random activity 2' )"
log_85_1692952576.xes.gz,drift_3,change_info_1,change_type,gradual
log_85_1692952576.xes.gz,drift_3,change_info_1,change_trace_index,"[4503, 5074]"
log_85_1692952576.xes.gz,drift_3,change_info_1,process_tree_before,"->( ->( 'a', 'e' ), ->( ->( 'b', 'd' ), 'c' ) )"
log_85_1692952576.xes.gz,drift_3,change_info_1,process_tree_after,"->( ->( 'a', 'e' ), ->( ->( 'b', 'd' ), 'c' ), 'Random activity 1' )"
log_85_1692952576.xes.gz,drift_3,change_info_1,activities_deleted,[]
log_85_1692952576.xes.gz,drift_3,change_info_1,activities_added,[Random activity 1]
log_85_1692952576.xes.gz,drift_3,change_info_1,activities_moved,[]
log_85_1692952576.xes.gz,drift_3,change_info_1,change_start,2025-09-02 07:24:10.765132
log_85_1692952576.xes.gz,drift_3,change_info_1,change_end,2026-05-25 08:21:17.108644
log_85_1692952576.xes.gz,drift_3,change_info_2,change_type,gradual
log_85_1692952576.xes.gz,drift_3,change_info_2,change_trace_index,"[6148, 6878]"
log_85_1692952576.xes.gz,drift_3,change_info_2,process_tree_before,"->( ->( 'a', 'e' ), ->( ->( 'b', 'd' ), 'c' ), 'Random activity 1' )"
log_85_1692952576.xes.gz,drift_3,change_info_2,process_tree_after,"->( ->( 'a', *tau* ), ->( ->( 'b', 'd' ), 'c' ), 'Random activity 1' )"
log_85_1692952576.xes.gz,drift_3,change_info_2,activities_deleted,[e]
log_85_1692952576.xes.gz,drift_3,change_info_2,activities_added,[]
log_85_1692952576.xes.gz,drift_3,change_info_2,activities_moved,[]
log_85_1692952576.xes.gz,drift_3,change_info_2,change_start,2027-10-23 02:20:29.016542
log_85_1692952576.xes.gz,drift_3,change_info_2,change_end,2028-10-01 04:39:00.079788
log_85_1692952576.xes.gz,drift_3,change_info_3,change_type,sudden
log_85_1692952576.xes.gz,drift_3,change_info_3,change_trace_index,[8310]
log_85_1692952576.xes.gz,drift_3,change_info_3,process_tree_before,"->( ->( 'a', *tau* ), ->( ->( 'b', 'd' ), 'c' ), 'Random activity 1' )"
log_85_1692952576.xes.gz,drift_3,change_info_3,process_tree_after,"->( ->( 'a', *tau* ), ->( ->( 'b', 'd' ), 'c' ), 'Random activity 1', 'Random activity 2' )"
log_85_1692952576.xes.gz,drift_3,change_info_3,activities_deleted,[]
log_85_1692952576.xes.gz,drift_3,change_info_3,activities_added,[Random activity 2]
log_85_1692952576.xes.gz,drift_3,change_info_3,activities_moved,[]
log_85_1692952576.xes.gz,drift_3,change_info_3,change_start,2030-08-04 14:15:35.588615
log_85_1692952576.xes.gz,drift_3,change_info_3,change_end,2030-08-04 14:15:35.588615
log_86_1692952579.xes.gz,drift_1,log_id,1,log_86_1692952579.xes.gz
log_86_1692952579.xes.gz,drift_1,drift_id,1,1
log_86_1692952579.xes.gz,drift_1,process_perspective,1,control-flow
log_86_1692952579.xes.gz,drift_1,process_complexity,1,complex
log_86_1692952579.xes.gz,drift_1,drift_type,1,sudden
log_86_1692952579.xes.gz,drift_1,process_trees_1,0,"X( +( ->( +( 'a', 'h' ), ->( *( 'f', ->( 'k', 'r' ) ), 'l' ) ), ->( *( 'c', 'd' ), +( ->( *( 'e', ->( *( 'i', 'o' ), 'p' ) ), 'j' ), ->( *( 'g', 'm' ), ->( 'n', 'q' ) ) ) ) ), 'b' )"
log_86_1692952579.xes.gz,drift_1,process_trees_2,1,"X( +( ->( *( 'a', 'h' ), ->( *( 'f', ->( 'k', 'r' ) ), 'l' ) ), ->( *( 'c', 'd' ), +( ->( *( 'e', ->( *( 'i', 'o' ), 'p' ) ), 'j' ), ->( +( 'g', 'm' ), ->( 'n', 'q' ), 'Random activity 1' ) ) ) ), 'b' )"
log_86_1692952579.xes.gz,drift_1,change_info_1,change_type,sudden
log_86_1692952579.xes.gz,drift_1,change_info_1,change_trace_index,[1451]
log_86_1692952579.xes.gz,drift_1,change_info_1,process_tree_before,"X( +( ->( +( 'a', 'h' ), ->( *( 'f', ->( 'k', 'r' ) ), 'l' ) ), ->( *( 'c', 'd' ), +( ->( *( 'e', ->( *( 'i', 'o' ), 'p' ) ), 'j' ), ->( *( 'g', 'm' ), ->( 'n', 'q' ) ) ) ) ), 'b' )"
log_86_1692952579.xes.gz,drift_1,change_info_1,process_tree_after,"X( +( ->( *( 'a', 'h' ), ->( *( 'f', ->( 'k', 'r' ) ), 'l' ) ), ->( *( 'c', 'd' ), +( ->( *( 'e', ->( *( 'i', 'o' ), 'p' ) ), 'j' ), ->( +( 'g', 'm' ), ->( 'n', 'q' ), 'Random activity 1' ) ) ) ), 'b' )"
log_86_1692952579.xes.gz,drift_1,change_info_1,activities_deleted,[]
log_86_1692952579.xes.gz,drift_1,change_info_1,activities_added,[Random activity 1]
log_86_1692952579.xes.gz,drift_1,change_info_1,activities_moved,"[a, h, g, m]"
log_86_1692952579.xes.gz,drift_1,change_info_1,change_start,2021-11-25 06:48:22.590515
log_86_1692952579.xes.gz,drift_1,change_info_1,change_end,2021-11-25 06:48:22.590515
log_86_1692952579.xes.gz,drift_2,log_id,1,log_86_1692952579.xes.gz
log_86_1692952579.xes.gz,drift_2,drift_id,1,2
log_86_1692952579.xes.gz,drift_2,process_perspective,1,control-flow
log_86_1692952579.xes.gz,drift_2,process_complexity,1,complex
log_86_1692952579.xes.gz,drift_2,drift_type,1,recurring
log_86_1692952579.xes.gz,drift_2,process_trees_1,0,"X( +( ->( +( 'a', 'h' ), ->( *( 'f', ->( 'k', 'r' ) ), 'l' ) ), ->( *( 'c', 'd' ), +( ->( *( 'e', ->( *( 'i', 'o' ), 'p' ) ), 'j' ), ->( *( 'g', 'm' ), ->( 'n', 'q' ) ) ) ) ), 'b' )"
log_86_1692952579.xes.gz,drift_2,process_trees_2,1,"X( +( X( +( 'a', 'h' ), ->( *( 'f', ->( 'k', 'r' ) ), 'l' ) ), ->( *( 'c', 'd' ), +( ->( *( 'e', ->( *( 'i', 'o' ), 'p' ) ), 'j' ), ->( *( 'g', 'm' ), ->( 'n', 'q' ) ) ) ) ), 'b' )"
log_86_1692952579.xes.gz,drift_2,process_trees_3,2,"X( +( ->( +( 'a', 'h' ), ->( *( 'f', ->( 'k', 'r' ) ), 'l' ) ), ->( *( 'c', 'd' ), +( ->( *( 'e', ->( *( 'i', 'o' ), 'p' ) ), 'j' ), ->( *( 'g', 'm' ), ->( 'n', 'q' ) ) ) ) ), 'b' )"
log_86_1692952579.xes.gz,drift_2,process_trees_4,3,"X( +( X( +( 'a', 'h' ), ->( *( 'f', ->( 'k', 'r' ) ), 'l' ) ), ->( *( 'c', 'd' ), +( ->( *( 'e', ->( *( 'i', 'o' ), 'p' ) ), 'j' ), ->( *( 'g', 'm' ), ->( 'n', 'q' ) ) ) ) ), 'b' )"
log_86_1692952579.xes.gz,drift_2,change_info_1,change_type,gradual
log_86_1692952579.xes.gz,drift_2,change_info_1,change_trace_index,"[2814, 3789]"
log_86_1692952579.xes.gz,drift_2,change_info_1,process_tree_before,"X( +( ->( +( 'a', 'h' ), ->( *( 'f', ->( 'k', 'r' ) ), 'l' ) ), ->( *( 'c', 'd' ), +( ->( *( 'e', ->( *( 'i', 'o' ), 'p' ) ), 'j' ), ->( *( 'g', 'm' ), ->( 'n', 'q' ) ) ) ) ), 'b' )"
log_86_1692952579.xes.gz,drift_2,change_info_1,process_tree_after,"X( +( X( +( 'a', 'h' ), ->( *( 'f', ->( 'k', 'r' ) ), 'l' ) ), ->( *( 'c', 'd' ), +( ->( *( 'e', ->( *( 'i', 'o' ), 'p' ) ), 'j' ), ->( *( 'g', 'm' ), ->( 'n', 'q' ) ) ) ) ), 'b' )"
log_86_1692952579.xes.gz,drift_2,change_info_1,activities_deleted,[]
log_86_1692952579.xes.gz,drift_2,change_info_1,activities_added,[]
log_86_1692952579.xes.gz,drift_2,change_info_1,activities_moved,"[a, h, l, f, k, r]"
log_86_1692952579.xes.gz,drift_2,change_info_1,change_start,2023-09-17 02:31:47.105673
log_86_1692952579.xes.gz,drift_2,change_info_1,change_end,2024-12-20 06:17:10.433706
log_86_1692952579.xes.gz,drift_2,change_info_2,change_type,gradual
log_86_1692952579.xes.gz,drift_2,change_info_2,change_trace_index,"[5069, 6015]"
log_86_1692952579.xes.gz,drift_2,change_info_2,process_tree_before,"X( +( X( +( 'a', 'h' ), ->( *( 'f', ->( 'k', 'r' ) ), 'l' ) ), ->( *( 'c', 'd' ), +( ->( *( 'e', ->( *( 'i', 'o' ), 'p' ) ), 'j' ), ->( *( 'g', 'm' ), ->( 'n', 'q' ) ) ) ) ), 'b' )"
log_86_1692952579.xes.gz,drift_2,change_info_2,process_tree_after,"X( +( ->( +( 'a', 'h' ), ->( *( 'f', ->( 'k', 'r' ) ), 'l' ) ), ->( *( 'c', 'd' ), +( ->( *( 'e', ->( *( 'i', 'o' ), 'p' ) ), 'j' ), ->( *( 'g', 'm' ), ->( 'n', 'q' ) ) ) ) ), 'b' )"
log_86_1692952579.xes.gz,drift_2,change_info_2,activities_deleted,[]
log_86_1692952579.xes.gz,drift_2,change_info_2,activities_added,[]
log_86_1692952579.xes.gz,drift_2,change_info_2,activities_moved,"[a, h, l, f, k, r]"
log_86_1692952579.xes.gz,drift_2,change_info_2,change_start,2026-08-11 17:56:19.025598
log_86_1692952579.xes.gz,drift_2,change_info_2,change_end,2027-10-17 19:12:56.591377
log_86_1692952579.xes.gz,drift_2,change_info_3,change_type,gradual
log_86_1692952579.xes.gz,drift_2,change_info_3,change_trace_index,"[7177, 8153]"
log_86_1692952579.xes.gz,drift_2,change_info_3,process_tree_before,"X( +( ->( +( 'a', 'h' ), ->( *( 'f', ->( 'k', 'r' ) ), 'l' ) ), ->( *( 'c', 'd' ), +( ->( *( 'e', ->( *( 'i', 'o' ), 'p' ) ), 'j' ), ->( *( 'g', 'm' ), ->( 'n', 'q' ) ) ) ) ), 'b' )"
log_86_1692952579.xes.gz,drift_2,change_info_3,process_tree_after,"X( +( X( +( 'a', 'h' ), ->( *( 'f', ->( 'k', 'r' ) ), 'l' ) ), ->( *( 'c', 'd' ), +( ->( *( 'e', ->( *( 'i', 'o' ), 'p' ) ), 'j' ), ->( *( 'g', 'm' ), ->( 'n', 'q' ) ) ) ) ), 'b' )"
log_86_1692952579.xes.gz,drift_2,change_info_3,activities_deleted,[]
log_86_1692952579.xes.gz,drift_2,change_info_3,activities_added,[]
log_86_1692952579.xes.gz,drift_2,change_info_3,activities_moved,"[a, h, l, f, k, r]"
log_86_1692952579.xes.gz,drift_2,change_info_3,change_start,2029-04-19 00:30:26.040363
log_86_1692952579.xes.gz,drift_2,change_info_3,change_end,2030-08-09 03:37:43.600059
log_86_1692952579.xes.gz,drift_3,log_id,1,log_86_1692952579.xes.gz
log_86_1692952579.xes.gz,drift_3,drift_id,1,3
log_86_1692952579.xes.gz,drift_3,process_perspective,1,control-flow
log_86_1692952579.xes.gz,drift_3,process_complexity,1,complex
log_86_1692952579.xes.gz,drift_3,drift_type,1,sudden
log_86_1692952579.xes.gz,drift_3,process_trees_1,0,"X( +( ->( +( 'a', 'h' ), ->( *( 'f', ->( 'k', 'r' ) ), 'l' ) ), ->( *( 'c', 'd' ), +( ->( *( 'e', ->( *( 'i', 'o' ), 'p' ) ), 'j' ), ->( *( 'g', 'm' ), ->( 'n', 'q' ) ) ) ) ), 'b' )"
log_86_1692952579.xes.gz,drift_3,process_trees_2,1,"X( +( ->( +( 'a', 'h', 'Random activity 1' ), ->( *( 'f', ->( 'k', 'r' ) ), 'l' ) ), ->( *tau*, +( ->( *( 'e', ->( *( 'i', 'o' ), 'p' ) ), 'j' ), ->( *( 'g', 'm' ), +( 'n', 'q' ), *( 'c', 'd' ) ) ) ) ), 'b' )"
log_86_1692952579.xes.gz,drift_3,change_info_1,change_type,sudden
log_86_1692952579.xes.gz,drift_3,change_info_1,change_trace_index,[9456]
log_86_1692952579.xes.gz,drift_3,change_info_1,process_tree_before,"X( +( ->( +( 'a', 'h' ), ->( *( 'f', ->( 'k', 'r' ) ), 'l' ) ), ->( *( 'c', 'd' ), +( ->( *( 'e', ->( *( 'i', 'o' ), 'p' ) ), 'j' ), ->( *( 'g', 'm' ), ->( 'n', 'q' ) ) ) ) ), 'b' )"
log_86_1692952579.xes.gz,drift_3,change_info_1,process_tree_after,"X( +( ->( +( 'a', 'h', 'Random activity 1' ), ->( *( 'f', ->( 'k', 'r' ) ), 'l' ) ), ->( *tau*, +( ->( *( 'e', ->( *( 'i', 'o' ), 'p' ) ), 'j' ), ->( *( 'g', 'm' ), +( 'n', 'q' ), *( 'c', 'd' ) ) ) ) ), 'b' )"
log_86_1692952579.xes.gz,drift_3,change_info_1,activities_deleted,[]
log_86_1692952579.xes.gz,drift_3,change_info_1,activities_added,[Random activity 1]
log_86_1692952579.xes.gz,drift_3,change_info_1,activities_moved,"[c, d, n, q]"
log_86_1692952579.xes.gz,drift_3,change_info_1,change_start,2032-04-01 04:55:25.017406
log_86_1692952579.xes.gz,drift_3,change_info_1,change_end,2032-04-01 04:55:25.017406
log_87_1692952585.xes.gz,drift_1,log_id,1,log_87_1692952585.xes.gz
log_87_1692952585.xes.gz,drift_1,drift_id,1,1
log_87_1692952585.xes.gz,drift_1,process_perspective,1,control-flow
log_87_1692952585.xes.gz,drift_1,process_complexity,1,simple
log_87_1692952585.xes.gz,drift_1,drift_type,1,incremental
log_87_1692952585.xes.gz,drift_1,process_trees_1,0,"->( ->( 'a', 'c' ), ->( 'b', ->( 'd', ->( 'e', 'f' ) ) ) )"
log_87_1692952585.xes.gz,drift_1,process_trees_2,1,"->( ->( 'a', 'c' ), ->( 'b', ->( *tau*, ->( 'e', 'f' ) ) ) )"
log_87_1692952585.xes.gz,drift_1,process_trees_3,2,"->( ->( 'a', 'c' ), ->( 'b', ->( *tau*, ->( *tau*, 'f' ) ) ) )"
log_87_1692952585.xes.gz,drift_1,process_trees_4,3,"->( ->( 'a', 'c' ), ->( *tau*, ->( *tau*, ->( *tau*, 'f' ) ) ) )"
log_87_1692952585.xes.gz,drift_1,change_info_1,change_type,sudden
log_87_1692952585.xes.gz,drift_1,change_info_1,change_trace_index,[1372]
log_87_1692952585.xes.gz,drift_1,change_info_1,process_tree_before,"->( ->( 'a', 'c' ), ->( 'b', ->( 'd', ->( 'e', 'f' ) ) ) )"
log_87_1692952585.xes.gz,drift_1,change_info_1,process_tree_after,"->( ->( 'a', 'c' ), ->( 'b', ->( *tau*, ->( 'e', 'f' ) ) ) )"
log_87_1692952585.xes.gz,drift_1,change_info_1,activities_deleted,[d]
log_87_1692952585.xes.gz,drift_1,change_info_1,activities_added,[]
log_87_1692952585.xes.gz,drift_1,change_info_1,activities_moved,[]
log_87_1692952585.xes.gz,drift_1,change_info_1,change_start,2021-09-26 16:16:33.928365
log_87_1692952585.xes.gz,drift_1,change_info_1,change_end,2021-09-26 16:16:33.928365
log_87_1692952585.xes.gz,drift_1,change_info_2,change_type,gradual
log_87_1692952585.xes.gz,drift_1,change_info_2,change_trace_index,"[2863, 3391]"
log_87_1692952585.xes.gz,drift_1,change_info_2,process_tree_before,"->( ->( 'a', 'c' ), ->( 'b', ->( *tau*, ->( 'e', 'f' ) ) ) )"
log_87_1692952585.xes.gz,drift_1,change_info_2,process_tree_after,"->( ->( 'a', 'c' ), ->( 'b', ->( *tau*, ->( *tau*, 'f' ) ) ) )"
log_87_1692952585.xes.gz,drift_1,change_info_2,activities_deleted,[e]
log_87_1692952585.xes.gz,drift_1,change_info_2,activities_added,[]
log_87_1692952585.xes.gz,drift_1,change_info_2,activities_moved,[]
log_87_1692952585.xes.gz,drift_1,change_info_2,change_start,2023-08-13 16:04:12.241249
log_87_1692952585.xes.gz,drift_1,change_info_2,change_end,2024-04-14 21:50:46.394851
log_87_1692952585.xes.gz,drift_1,change_info_3,change_type,gradual
log_87_1692952585.xes.gz,drift_1,change_info_3,change_trace_index,"[4735, 5393]"
log_87_1692952585.xes.gz,drift_1,change_info_3,process_tree_before,"->( ->( 'a', 'c' ), ->( 'b', ->( *tau*, ->( *tau*, 'f' ) ) ) )"
log_87_1692952585.xes.gz,drift_1,change_info_3,process_tree_after,"->( ->( 'a', 'c' ), ->( *tau*, ->( *tau*, ->( *tau*, 'f' ) ) ) )"
log_87_1692952585.xes.gz,drift_1,change_info_3,activities_deleted,[b]
log_87_1692952585.xes.gz,drift_1,change_info_3,activities_added,[]
log_87_1692952585.xes.gz,drift_1,change_info_3,activities_moved,[]
log_87_1692952585.xes.gz,drift_1,change_info_3,change_start,2025-12-22 02:09:22.342247
log_87_1692952585.xes.gz,drift_1,change_info_3,change_end,2026-10-21 23:39:48.387331
log_87_1692952585.xes.gz,drift_2,log_id,1,log_87_1692952585.xes.gz
log_87_1692952585.xes.gz,drift_2,drift_id,1,2
log_87_1692952585.xes.gz,drift_2,process_perspective,1,control-flow
log_87_1692952585.xes.gz,drift_2,process_complexity,1,simple
log_87_1692952585.xes.gz,drift_2,drift_type,1,gradual
log_87_1692952585.xes.gz,drift_2,process_trees_1,0,"->( ->( 'a', 'c' ), ->( 'b', ->( 'd', ->( 'e', 'f' ) ) ) )"
log_87_1692952585.xes.gz,drift_2,process_trees_2,1,"->( ->( 'a', 'c' ), ->( 'b', ->( 'd', ->( 'e', 'f' ) ) ), 'Random activity 1' )"
log_87_1692952585.xes.gz,drift_2,change_info_1,change_type,gradual
log_87_1692952585.xes.gz,drift_2,change_info_1,change_trace_index,"[6760, 7388]"
log_87_1692952585.xes.gz,drift_2,change_info_1,process_tree_before,"->( ->( 'a', 'c' ), ->( 'b', ->( 'd', ->( 'e', 'f' ) ) ) )"
log_87_1692952585.xes.gz,drift_2,change_info_1,process_tree_after,"->( ->( 'a', 'c' ), ->( 'b', ->( 'd', ->( 'e', 'f' ) ) ), 'Random activity 1' )"
log_87_1692952585.xes.gz,drift_2,change_info_1,activities_deleted,[]
log_87_1692952585.xes.gz,drift_2,change_info_1,activities_added,[Random activity 1]
log_87_1692952585.xes.gz,drift_2,change_info_1,activities_moved,[]
log_87_1692952585.xes.gz,drift_2,change_info_1,change_start,2028-08-17 11:15:32.143618
log_87_1692952585.xes.gz,drift_2,change_info_1,change_end,2029-06-02 09:11:28.845421
log_88_1692952587.xes.gz,drift_1,log_id,1,log_88_1692952587.xes.gz
log_88_1692952587.xes.gz,drift_1,drift_id,1,1
log_88_1692952587.xes.gz,drift_1,process_perspective,1,control-flow
log_88_1692952587.xes.gz,drift_1,process_complexity,1,simple
log_88_1692952587.xes.gz,drift_1,drift_type,1,gradual
log_88_1692952587.xes.gz,drift_1,process_trees_1,0,"->( X( 'a', ->( ->( 'c', 'f' ), ->( 'd', 'e' ) ) ), 'b' )"
log_88_1692952587.xes.gz,drift_1,process_trees_2,1,"->( X( 'a', ->( ->( 'c', 'f' ), ->( 'd', *tau* ) ) ), 'b' )"
log_88_1692952587.xes.gz,drift_1,change_info_1,change_type,gradual
log_88_1692952587.xes.gz,drift_1,change_info_1,change_trace_index,"[1366, 2110]"
log_88_1692952587.xes.gz,drift_1,change_info_1,process_tree_before,"->( X( 'a', ->( ->( 'c', 'f' ), ->( 'd', 'e' ) ) ), 'b' )"
log_88_1692952587.xes.gz,drift_1,change_info_1,process_tree_after,"->( X( 'a', ->( ->( 'c', 'f' ), ->( 'd', *tau* ) ) ), 'b' )"
log_88_1692952587.xes.gz,drift_1,change_info_1,activities_deleted,[e]
log_88_1692952587.xes.gz,drift_1,change_info_1,activities_added,[]
log_88_1692952587.xes.gz,drift_1,change_info_1,activities_moved,[]
log_88_1692952587.xes.gz,drift_1,change_info_1,change_start,2021-08-27 11:01:59.848282
log_88_1692952587.xes.gz,drift_1,change_info_1,change_end,2022-08-14 01:28:27.866922
log_88_1692952587.xes.gz,drift_2,log_id,1,log_88_1692952587.xes.gz
log_88_1692952587.xes.gz,drift_2,drift_id,1,2
log_88_1692952587.xes.gz,drift_2,process_perspective,1,control-flow
log_88_1692952587.xes.gz,drift_2,process_complexity,1,simple
log_88_1692952587.xes.gz,drift_2,drift_type,1,gradual
log_88_1692952587.xes.gz,drift_2,process_trees_1,0,"->( X( 'a', ->( ->( 'c', 'f' ), ->( 'd', 'e' ) ) ), 'b' )"
log_88_1692952587.xes.gz,drift_2,process_trees_2,1,"->( X( *tau*, ->( ->( 'c', 'f' ), ->( 'd', 'e' ) ) ), 'b' )"
log_88_1692952587.xes.gz,drift_2,change_info_1,change_type,gradual
log_88_1692952587.xes.gz,drift_2,change_info_1,change_trace_index,"[3182, 3771]"
log_88_1692952587.xes.gz,drift_2,change_info_1,process_tree_before,"->( X( 'a', ->( ->( 'c', 'f' ), ->( 'd', 'e' ) ) ), 'b' )"
log_88_1692952587.xes.gz,drift_2,change_info_1,process_tree_after,"->( X( *tau*, ->( ->( 'c', 'f' ), ->( 'd', 'e' ) ) ), 'b' )"
log_88_1692952587.xes.gz,drift_2,change_info_1,activities_deleted,[a]
log_88_1692952587.xes.gz,drift_2,change_info_1,activities_added,[]
log_88_1692952587.xes.gz,drift_2,change_info_1,activities_moved,[]
log_88_1692952587.xes.gz,drift_2,change_info_1,change_start,2024-01-13 21:21:41.158991
log_88_1692952587.xes.gz,drift_2,change_info_1,change_end,2024-10-09 07:55:52.014980
log_89_1692952588.xes.gz,drift_1,log_id,1,log_89_1692952588.xes.gz
log_89_1692952588.xes.gz,drift_1,drift_id,1,1
log_89_1692952588.xes.gz,drift_1,process_perspective,1,control-flow
log_89_1692952588.xes.gz,drift_1,process_complexity,1,middle
log_89_1692952588.xes.gz,drift_1,drift_type,1,incremental
log_89_1692952588.xes.gz,drift_1,process_trees_1,0,"->( *( 'a', ->( X( +( 'b', 'k' ), 'e' ), ->( ->( +( 'd', 'j' ), 'i' ), 'h' ) ) ), +( 'c', X( 'f', 'g' ) ) )"
log_89_1692952588.xes.gz,drift_1,process_trees_2,1,"->( *( 'a', ->( X( +( 'b', 'k' ), 'e' ), ->( ->( +( 'd', 'j' ), 'i' ), 'h' ) ) ), +( 'c', X( 'f', 'g' ) ), 'Random activity 1' )"
log_89_1692952588.xes.gz,drift_1,process_trees_3,2,"->( *( 'a', ->( X( +( 'b', 'k' ), 'e' ), ->( ->( +( 'd', 'j' ), 'i' ), 'h' ) ) ), +( 'c', X( 'f', 'g' ), 'Random activity 2' ), 'Random activity 1' )"
log_89_1692952588.xes.gz,drift_1,process_trees_4,3,"->( *( 'a', ->( X( +( 'b', 'k' ), 'e' ), ->( ->( +( 'd', 'j' ), 'i' ), 'h' ) ) ), +( 'c', X( 'f', 'g' ), *tau* ), 'Random activity 1' )"
log_89_1692952588.xes.gz,drift_1,change_info_1,change_type,gradual
log_89_1692952588.xes.gz,drift_1,change_info_1,change_trace_index,"[1231, 2194]"
log_89_1692952588.xes.gz,drift_1,change_info_1,process_tree_before,"->( *( 'a', ->( X( +( 'b', 'k' ), 'e' ), ->( ->( +( 'd', 'j' ), 'i' ), 'h' ) ) ), +( 'c', X( 'f', 'g' ) ) )"
log_89_1692952588.xes.gz,drift_1,change_info_1,process_tree_after,"->( *( 'a', ->( X( +( 'b', 'k' ), 'e' ), ->( ->( +( 'd', 'j' ), 'i' ), 'h' ) ) ), +( 'c', X( 'f', 'g' ) ), 'Random activity 1' )"
log_89_1692952588.xes.gz,drift_1,change_info_1,activities_deleted,[]
log_89_1692952588.xes.gz,drift_1,change_info_1,activities_added,[Random activity 1]
log_89_1692952588.xes.gz,drift_1,change_info_1,activities_moved,[]
log_89_1692952588.xes.gz,drift_1,change_info_1,change_start,2021-08-07 02:12:16.512797
log_89_1692952588.xes.gz,drift_1,change_info_1,change_end,2022-11-06 00:51:42.509091
log_89_1692952588.xes.gz,drift_1,change_info_2,change_type,sudden
log_89_1692952588.xes.gz,drift_1,change_info_2,change_trace_index,[3370]
log_89_1692952588.xes.gz,drift_1,change_info_2,process_tree_before,"->( *( 'a', ->( X( +( 'b', 'k' ), 'e' ), ->( ->( +( 'd', 'j' ), 'i' ), 'h' ) ) ), +( 'c', X( 'f', 'g' ) ), 'Random activity 1' )"
log_89_1692952588.xes.gz,drift_1,change_info_2,process_tree_after,"->( *( 'a', ->( X( +( 'b', 'k' ), 'e' ), ->( ->( +( 'd', 'j' ), 'i' ), 'h' ) ) ), +( 'c', X( 'f', 'g' ), 'Random activity 2' ), 'Random activity 1' )"
log_89_1692952588.xes.gz,drift_1,change_info_2,activities_deleted,[]
log_89_1692952588.xes.gz,drift_1,change_info_2,activities_added,[Random activity 2]
log_89_1692952588.xes.gz,drift_1,change_info_2,activities_moved,[]
log_89_1692952588.xes.gz,drift_1,change_info_2,change_start,2024-05-03 05:13:24.166985
log_89_1692952588.xes.gz,drift_1,change_info_2,change_end,2024-05-03 05:13:24.166985
log_89_1692952588.xes.gz,drift_1,change_info_3,change_type,sudden
log_89_1692952588.xes.gz,drift_1,change_info_3,change_trace_index,[4789]
log_89_1692952588.xes.gz,drift_1,change_info_3,process_tree_before,"->( *( 'a', ->( X( +( 'b', 'k' ), 'e' ), ->( ->( +( 'd', 'j' ), 'i' ), 'h' ) ) ), +( 'c', X( 'f', 'g' ), 'Random activity 2' ), 'Random activity 1' )"
log_89_1692952588.xes.gz,drift_1,change_info_3,process_tree_after,"->( *( 'a', ->( X( +( 'b', 'k' ), 'e' ), ->( ->( +( 'd', 'j' ), 'i' ), 'h' ) ) ), +( 'c', X( 'f', 'g' ), *tau* ), 'Random activity 1' )"
log_89_1692952588.xes.gz,drift_1,change_info_3,activities_deleted,[Random activity 2]
log_89_1692952588.xes.gz,drift_1,change_info_3,activities_added,[]
log_89_1692952588.xes.gz,drift_1,change_info_3,activities_moved,[]
log_89_1692952588.xes.gz,drift_1,change_info_3,change_start,2026-03-12 05:09:34.300722
log_89_1692952588.xes.gz,drift_1,change_info_3,change_end,2026-03-12 05:09:34.300722
log_89_1692952588.xes.gz,drift_2,log_id,1,log_89_1692952588.xes.gz
log_89_1692952588.xes.gz,drift_2,drift_id,1,2
log_89_1692952588.xes.gz,drift_2,process_perspective,1,control-flow
log_89_1692952588.xes.gz,drift_2,process_complexity,1,middle
log_89_1692952588.xes.gz,drift_2,drift_type,1,incremental
log_89_1692952588.xes.gz,drift_2,process_trees_1,0,"->( *( 'a', ->( X( +( 'b', 'k' ), 'e' ), ->( ->( +( 'd', 'j' ), 'i' ), 'h' ) ) ), +( 'c', X( 'f', 'g' ) ) )"
log_89_1692952588.xes.gz,drift_2,process_trees_2,1,"->( *( *tau*, ->( X( +( 'b', 'k' ), 'e' ), ->( ->( +( 'd', 'j' ), 'i' ), 'h' ) ) ), +( 'c', X( 'f', 'g' ) ) )"
log_89_1692952588.xes.gz,drift_2,process_trees_3,2,"->( *( *tau*, ->( X( +( 'b', 'k' ), 'e' ), ->( ->( +( 'd', 'j', 'Random activity 1' ), 'i' ), 'h' ) ) ), +( 'c', X( 'f', 'g' ) ) )"
log_89_1692952588.xes.gz,drift_2,process_trees_4,3,"->( *( *tau*, ->( X( +( 'b', 'k' ), 'e' ), ->( ->( +( 'd', 'j', 'Random activity 1', 'Random activity 2' ), 'i' ), 'h' ) ) ), +( 'c', X( 'f', 'g' ) ) )"
log_89_1692952588.xes.gz,drift_2,change_info_1,change_type,gradual
log_89_1692952588.xes.gz,drift_2,change_info_1,change_trace_index,"[6034, 6961]"
log_89_1692952588.xes.gz,drift_2,change_info_1,process_tree_before,"->( *( 'a', ->( X( +( 'b', 'k' ), 'e' ), ->( ->( +( 'd', 'j' ), 'i' ), 'h' ) ) ), +( 'c', X( 'f', 'g' ) ) )"
log_89_1692952588.xes.gz,drift_2,change_info_1,process_tree_after,"->( *( *tau*, ->( X( +( 'b', 'k' ), 'e' ), ->( ->( +( 'd', 'j' ), 'i' ), 'h' ) ) ), +( 'c', X( 'f', 'g' ) ) )"
log_89_1692952588.xes.gz,drift_2,change_info_1,activities_deleted,[a]
log_89_1692952588.xes.gz,drift_2,change_info_1,activities_added,[]
log_89_1692952588.xes.gz,drift_2,change_info_1,activities_moved,[]
log_89_1692952588.xes.gz,drift_2,change_info_1,change_start,2027-10-01 20:30:22.610223
log_89_1692952588.xes.gz,drift_2,change_info_1,change_end,2028-12-24 18:32:02.379075
log_89_1692952588.xes.gz,drift_2,change_info_2,change_type,gradual
log_89_1692952588.xes.gz,drift_2,change_info_2,change_trace_index,"[8392, 8969]"
log_89_1692952588.xes.gz,drift_2,change_info_2,process_tree_before,"->( *( *tau*, ->( X( +( 'b', 'k' ), 'e' ), ->( ->( +( 'd', 'j' ), 'i' ), 'h' ) ) ), +( 'c', X( 'f', 'g' ) ) )"
log_89_1692952588.xes.gz,drift_2,change_info_2,process_tree_after,"->( *( *tau*, ->( X( +( 'b', 'k' ), 'e' ), ->( ->( +( 'd', 'j', 'Random activity 1' ), 'i' ), 'h' ) ) ), +( 'c', X( 'f', 'g' ) ) )"
log_89_1692952588.xes.gz,drift_2,change_info_2,activities_deleted,[]
log_89_1692952588.xes.gz,drift_2,change_info_2,activities_added,[Random activity 1]
log_89_1692952588.xes.gz,drift_2,change_info_2,activities_moved,[]
log_89_1692952588.xes.gz,drift_2,change_info_2,change_start,2030-10-17 22:49:55.642420
log_89_1692952588.xes.gz,drift_2,change_info_2,change_end,2031-07-06 10:55:12.925442
log_89_1692952588.xes.gz,drift_2,change_info_3,change_type,gradual
log_89_1692952588.xes.gz,drift_2,change_info_3,change_trace_index,"[10160, 11100]"
log_89_1692952588.xes.gz,drift_2,change_info_3,process_tree_before,"->( *( *tau*, ->( X( +( 'b', 'k' ), 'e' ), ->( ->( +( 'd', 'j', 'Random activity 1' ), 'i' ), 'h' ) ) ), +( 'c', X( 'f', 'g' ) ) )"
log_89_1692952588.xes.gz,drift_2,change_info_3,process_tree_after,"->( *( *tau*, ->( X( +( 'b', 'k' ), 'e' ), ->( ->( +( 'd', 'j', 'Random activity 1', 'Random activity 2' ), 'i' ), 'h' ) ) ), +( 'c', X( 'f', 'g' ) ) )"
log_89_1692952588.xes.gz,drift_2,change_info_3,activities_deleted,[]
log_89_1692952588.xes.gz,drift_2,change_info_3,activities_added,[Random activity 2]
log_89_1692952588.xes.gz,drift_2,change_info_3,activities_moved,[]
log_89_1692952588.xes.gz,drift_2,change_info_3,change_start,2033-01-18 12:59:30.704417
log_89_1692952588.xes.gz,drift_2,change_info_3,change_end,2034-04-06 20:42:44.805451
log_89_1692952588.xes.gz,drift_3,log_id,1,log_89_1692952588.xes.gz
log_89_1692952588.xes.gz,drift_3,drift_id,1,3
log_89_1692952588.xes.gz,drift_3,process_perspective,1,control-flow
log_89_1692952588.xes.gz,drift_3,process_complexity,1,middle
log_89_1692952588.xes.gz,drift_3,drift_type,1,incremental
log_89_1692952588.xes.gz,drift_3,process_trees_1,0,"->( *( 'a', ->( X( +( 'b', 'k' ), 'e' ), ->( ->( +( 'd', 'j' ), 'i' ), 'h' ) ) ), +( 'c', X( 'f', 'g' ) ) )"
log_89_1692952588.xes.gz,drift_3,process_trees_2,1,"->( *( 'a', ->( X( +( 'b', 'k' ), 'e' ), ->( ->( +( 'd', *tau* ), 'i' ), 'h' ) ) ), +( 'c', X( 'f', 'g' ) ) )"
log_89_1692952588.xes.gz,drift_3,process_trees_3,2,"->( *( 'a', ->( X( +( 'b', 'k' ), 'e' ), ->( ->( +( 'd', *tau*, 'Random activity 1' ), 'i' ), 'h' ) ) ), +( 'c', X( 'f', 'g' ) ) )"
log_89_1692952588.xes.gz,drift_3,process_trees_4,3,"->( *( 'a', ->( X( +( 'b', 'k' ), 'e' ), ->( ->( +( 'd', *tau*, 'Random activity 1' ), 'i' ), 'h' ) ) ), +( 'c', X( 'f', 'g' ), 'Random activity 2' ) )"
log_89_1692952588.xes.gz,drift_3,change_info_1,change_type,gradual
log_89_1692952588.xes.gz,drift_3,change_info_1,change_trace_index,"[12512, 13171]"
log_89_1692952588.xes.gz,drift_3,change_info_1,process_tree_before,"->( *( 'a', ->( X( +( 'b', 'k' ), 'e' ), ->( ->( +( 'd', 'j' ), 'i' ), 'h' ) ) ), +( 'c', X( 'f', 'g' ) ) )"
log_89_1692952588.xes.gz,drift_3,change_info_1,process_tree_after,"->( *( 'a', ->( X( +( 'b', 'k' ), 'e' ), ->( ->( +( 'd', *tau* ), 'i' ), 'h' ) ) ), +( 'c', X( 'f', 'g' ) ) )"
log_89_1692952588.xes.gz,drift_3,change_info_1,activities_deleted,[j]
log_89_1692952588.xes.gz,drift_3,change_info_1,activities_added,[]
log_89_1692952588.xes.gz,drift_3,change_info_1,activities_moved,[]
log_89_1692952588.xes.gz,drift_3,change_info_1,change_start,2036-01-30 16:59:23.030518
log_89_1692952588.xes.gz,drift_3,change_info_1,change_end,2036-12-11 17:37:57.022910
log_89_1692952588.xes.gz,drift_3,change_info_2,change_type,sudden
log_89_1692952588.xes.gz,drift_3,change_info_2,change_trace_index,[14519]
log_89_1692952588.xes.gz,drift_3,change_info_2,process_tree_before,"->( *( 'a', ->( X( +( 'b', 'k' ), 'e' ), ->( ->( +( 'd', *tau* ), 'i' ), 'h' ) ) ), +( 'c', X( 'f', 'g' ) ) )"
log_89_1692952588.xes.gz,drift_3,change_info_2,process_tree_after,"->( *( 'a', ->( X( +( 'b', 'k' ), 'e' ), ->( ->( +( 'd', *tau*, 'Random activity 1' ), 'i' ), 'h' ) ) ), +( 'c', X( 'f', 'g' ) ) )"
log_89_1692952588.xes.gz,drift_3,change_info_2,activities_deleted,[]
log_89_1692952588.xes.gz,drift_3,change_info_2,activities_added,[Random activity 1]
log_89_1692952588.xes.gz,drift_3,change_info_2,activities_moved,[]
log_89_1692952588.xes.gz,drift_3,change_info_2,change_start,2038-08-31 21:58:55.990310
log_89_1692952588.xes.gz,drift_3,change_info_2,change_end,2038-08-31 21:58:55.990310
log_89_1692952588.xes.gz,drift_3,change_info_3,change_type,sudden
log_89_1692952588.xes.gz,drift_3,change_info_3,change_trace_index,[15691]
log_89_1692952588.xes.gz,drift_3,change_info_3,process_tree_before,"->( *( 'a', ->( X( +( 'b', 'k' ), 'e' ), ->( ->( +( 'd', *tau*, 'Random activity 1' ), 'i' ), 'h' ) ) ), +( 'c', X( 'f', 'g' ) ) )"
log_89_1692952588.xes.gz,drift_3,change_info_3,process_tree_after,"->( *( 'a', ->( X( +( 'b', 'k' ), 'e' ), ->( ->( +( 'd', *tau*, 'Random activity 1' ), 'i' ), 'h' ) ) ), +( 'c', X( 'f', 'g' ), 'Random activity 2' ) )"
log_89_1692952588.xes.gz,drift_3,change_info_3,activities_deleted,[]
log_89_1692952588.xes.gz,drift_3,change_info_3,activities_added,[Random activity 2]
log_89_1692952588.xes.gz,drift_3,change_info_3,activities_moved,[]
log_89_1692952588.xes.gz,drift_3,change_info_3,change_start,2040-02-03 16:36:17.032334
log_89_1692952588.xes.gz,drift_3,change_info_3,change_end,2040-02-03 16:36:17.032334
log_90_1692952603.xes.gz,drift_1,log_id,1,log_90_1692952603.xes.gz
log_90_1692952603.xes.gz,drift_1,drift_id,1,1
log_90_1692952603.xes.gz,drift_1,process_perspective,1,control-flow
log_90_1692952603.xes.gz,drift_1,process_complexity,1,simple
log_90_1692952603.xes.gz,drift_1,drift_type,1,gradual
log_90_1692952603.xes.gz,drift_1,process_trees_1,0,"->( ->( 'a', ->( 'd', 'e' ) ), +( ->( *( 'b', 'f' ), 'g' ), 'c' ) )"
log_90_1692952603.xes.gz,drift_1,process_trees_2,1,"->( ->( 'a', ->( 'd', 'e' ) ), +( ->( *( 'b', 'f' ), 'g' ), *tau* ) )"
log_90_1692952603.xes.gz,drift_1,change_info_1,change_type,gradual
log_90_1692952603.xes.gz,drift_1,change_info_1,change_trace_index,"[1042, 1748]"
log_90_1692952603.xes.gz,drift_1,change_info_1,process_tree_before,"->( ->( 'a', ->( 'd', 'e' ) ), +( ->( *( 'b', 'f' ), 'g' ), 'c' ) )"
log_90_1692952603.xes.gz,drift_1,change_info_1,process_tree_after,"->( ->( 'a', ->( 'd', 'e' ) ), +( ->( *( 'b', 'f' ), 'g' ), *tau* ) )"
log_90_1692952603.xes.gz,drift_1,change_info_1,activities_deleted,[c]
log_90_1692952603.xes.gz,drift_1,change_info_1,activities_added,[]
log_90_1692952603.xes.gz,drift_1,change_info_1,activities_moved,[]
log_90_1692952603.xes.gz,drift_1,change_info_1,change_start,2021-05-15 22:04:33.704860
log_90_1692952603.xes.gz,drift_1,change_info_1,change_end,2022-03-14 17:49:55.193717
log_90_1692952603.xes.gz,drift_2,log_id,1,log_90_1692952603.xes.gz
log_90_1692952603.xes.gz,drift_2,drift_id,1,2
log_90_1692952603.xes.gz,drift_2,process_perspective,1,control-flow
log_90_1692952603.xes.gz,drift_2,process_complexity,1,simple
log_90_1692952603.xes.gz,drift_2,drift_type,1,incremental
log_90_1692952603.xes.gz,drift_2,process_trees_1,0,"->( ->( 'a', ->( 'd', 'e' ) ), +( ->( *( 'b', 'f' ), 'g' ), 'c' ) )"
log_90_1692952603.xes.gz,drift_2,process_trees_2,1,"->( ->( 'a', ->( 'd', 'e' ) ), +( ->( *( *tau*, 'f' ), 'g' ), 'c' ) )"
log_90_1692952603.xes.gz,drift_2,process_trees_3,2,"->( ->( 'a', ->( 'd', 'e' ) ), +( ->( *( *tau*, 'f' ), 'g' ), 'c', 'Random activity 1' ) )"
log_90_1692952603.xes.gz,drift_2,process_trees_4,3,"->( ->( 'a', ->( 'd', 'e' ) ), +( ->( *( *tau*, 'f' ), *tau* ), 'c', 'Random activity 1' ) )"
log_90_1692952603.xes.gz,drift_2,change_info_1,change_type,sudden
log_90_1692952603.xes.gz,drift_2,change_info_1,change_trace_index,[2855]
log_90_1692952603.xes.gz,drift_2,change_info_1,process_tree_before,"->( ->( 'a', ->( 'd', 'e' ) ), +( ->( *( 'b', 'f' ), 'g' ), 'c' ) )"
log_90_1692952603.xes.gz,drift_2,change_info_1,process_tree_after,"->( ->( 'a', ->( 'd', 'e' ) ), +( ->( *( *tau*, 'f' ), 'g' ), 'c' ) )"
log_90_1692952603.xes.gz,drift_2,change_info_1,activities_deleted,[b]
log_90_1692952603.xes.gz,drift_2,change_info_1,activities_added,[]
log_90_1692952603.xes.gz,drift_2,change_info_1,activities_moved,[]
log_90_1692952603.xes.gz,drift_2,change_info_1,change_start,2023-07-30 08:23:46.722492
log_90_1692952603.xes.gz,drift_2,change_info_1,change_end,2023-07-30 08:23:46.722492
log_90_1692952603.xes.gz,drift_2,change_info_2,change_type,gradual
log_90_1692952603.xes.gz,drift_2,change_info_2,change_trace_index,"[4089, 4623]"
log_90_1692952603.xes.gz,drift_2,change_info_2,process_tree_before,"->( ->( 'a', ->( 'd', 'e' ) ), +( ->( *( *tau*, 'f' ), 'g' ), 'c' ) )"
log_90_1692952603.xes.gz,drift_2,change_info_2,process_tree_after,"->( ->( 'a', ->( 'd', 'e' ) ), +( ->( *( *tau*, 'f' ), 'g' ), 'c', 'Random activity 1' ) )"
log_90_1692952603.xes.gz,drift_2,change_info_2,activities_deleted,[]
log_90_1692952603.xes.gz,drift_2,change_info_2,activities_added,[Random activity 1]
log_90_1692952603.xes.gz,drift_2,change_info_2,activities_moved,[]
log_90_1692952603.xes.gz,drift_2,change_info_2,change_start,2025-01-16 19:36:26.551981
log_90_1692952603.xes.gz,drift_2,change_info_2,change_end,2025-09-23 22:16:16.370629
log_90_1692952603.xes.gz,drift_2,change_info_3,change_type,gradual
log_90_1692952603.xes.gz,drift_2,change_info_3,change_trace_index,"[5847, 6623]"
log_90_1692952603.xes.gz,drift_2,change_info_3,process_tree_before,"->( ->( 'a', ->( 'd', 'e' ) ), +( ->( *( *tau*, 'f' ), 'g' ), 'c', 'Random activity 1' ) )"
log_90_1692952603.xes.gz,drift_2,change_info_3,process_tree_after,"->( ->( 'a', ->( 'd', 'e' ) ), +( ->( *( *tau*, 'f' ), *tau* ), 'c', 'Random activity 1' ) )"
log_90_1692952603.xes.gz,drift_2,change_info_3,activities_deleted,[g]
log_90_1692952603.xes.gz,drift_2,change_info_3,activities_added,[]
log_90_1692952603.xes.gz,drift_2,change_info_3,activities_moved,[]
log_90_1692952603.xes.gz,drift_2,change_info_3,change_start,2027-04-14 08:05:32.220913
log_90_1692952603.xes.gz,drift_2,change_info_3,change_end,2028-04-26 08:02:13.388703
log_90_1692952603.xes.gz,drift_3,log_id,1,log_90_1692952603.xes.gz
log_90_1692952603.xes.gz,drift_3,drift_id,1,3
log_90_1692952603.xes.gz,drift_3,process_perspective,1,control-flow
log_90_1692952603.xes.gz,drift_3,process_complexity,1,simple
log_90_1692952603.xes.gz,drift_3,drift_type,1,sudden
log_90_1692952603.xes.gz,drift_3,process_trees_1,0,"->( ->( 'a', ->( 'd', 'e' ) ), +( ->( *( 'b', 'f' ), 'g' ), 'c' ) )"
log_90_1692952603.xes.gz,drift_3,process_trees_2,1,"->( ->( 'a', ->( 'd', 'e' ), 'Random activity 1' ), +( ->( *( 'b', 'f' ), 'g' ), 'c' ) )"
log_90_1692952603.xes.gz,drift_3,change_info_1,change_type,sudden
log_90_1692952603.xes.gz,drift_3,change_info_1,change_trace_index,[7991]
log_90_1692952603.xes.gz,drift_3,change_info_1,process_tree_before,"->( ->( 'a', ->( 'd', 'e' ) ), +( ->( *( 'b', 'f' ), 'g' ), 'c' ) )"
log_90_1692952603.xes.gz,drift_3,change_info_1,process_tree_after,"->( ->( 'a', ->( 'd', 'e' ), 'Random activity 1' ), +( ->( *( 'b', 'f' ), 'g' ), 'c' ) )"
log_90_1692952603.xes.gz,drift_3,change_info_1,activities_deleted,[]
log_90_1692952603.xes.gz,drift_3,change_info_1,activities_added,[Random activity 1]
log_90_1692952603.xes.gz,drift_3,change_info_1,activities_moved,[]
log_90_1692952603.xes.gz,drift_3,change_info_1,change_start,2030-02-06 00:11:55.169128
log_90_1692952603.xes.gz,drift_3,change_info_1,change_end,2030-02-06 00:11:55.169128
log_91_1692952607.xes.gz,drift_1,log_id,1,log_91_1692952607.xes.gz
log_91_1692952607.xes.gz,drift_1,drift_id,1,1
log_91_1692952607.xes.gz,drift_1,process_perspective,1,control-flow
log_91_1692952607.xes.gz,drift_1,process_complexity,1,simple
log_91_1692952607.xes.gz,drift_1,drift_type,1,incremental
log_91_1692952607.xes.gz,drift_1,process_trees_1,0,"->( +( 'a', ->( 'd', ->( 'e', 'f' ) ) ), ->( 'b', 'c' ) )"
log_91_1692952607.xes.gz,drift_1,process_trees_2,1,"->( +( 'a', ->( 'd', ->( 'e', 'f', 'Random activity 1' ) ) ), ->( 'b', 'c' ) )"
log_91_1692952607.xes.gz,drift_1,process_trees_3,2,"->( +( 'a', ->( 'd', ->( 'e', 'f', *tau* ) ) ), ->( 'b', 'c' ) )"
log_91_1692952607.xes.gz,drift_1,process_trees_4,3,"->( +( 'a', ->( 'd', ->( 'e', 'f', *tau* ) ) ), ->( 'b', *tau* ) )"
log_91_1692952607.xes.gz,drift_1,change_info_1,change_type,gradual
log_91_1692952607.xes.gz,drift_1,change_info_1,change_trace_index,"[1460, 2204]"
log_91_1692952607.xes.gz,drift_1,change_info_1,process_tree_before,"->( +( 'a', ->( 'd', ->( 'e', 'f' ) ) ), ->( 'b', 'c' ) )"
log_91_1692952607.xes.gz,drift_1,change_info_1,process_tree_after,"->( +( 'a', ->( 'd', ->( 'e', 'f', 'Random activity 1' ) ) ), ->( 'b', 'c' ) )"
log_91_1692952607.xes.gz,drift_1,change_info_1,activities_deleted,[]
log_91_1692952607.xes.gz,drift_1,change_info_1,activities_added,[Random activity 1]
log_91_1692952607.xes.gz,drift_1,change_info_1,activities_moved,[]
log_91_1692952607.xes.gz,drift_1,change_info_1,change_start,2021-11-06 16:55:29.606070
log_91_1692952607.xes.gz,drift_1,change_info_1,change_end,2022-10-17 18:27:23.643864
log_91_1692952607.xes.gz,drift_1,change_info_2,change_type,gradual
log_91_1692952607.xes.gz,drift_1,change_info_2,change_trace_index,"[3325, 3998]"
log_91_1692952607.xes.gz,drift_1,change_info_2,process_tree_before,"->( +( 'a', ->( 'd', ->( 'e', 'f', 'Random activity 1' ) ) ), ->( 'b', 'c' ) )"
log_91_1692952607.xes.gz,drift_1,change_info_2,process_tree_after,"->( +( 'a', ->( 'd', ->( 'e', 'f', *tau* ) ) ), ->( 'b', 'c' ) )"
log_91_1692952607.xes.gz,drift_1,change_info_2,activities_deleted,[Random activity 1]
log_91_1692952607.xes.gz,drift_1,change_info_2,activities_added,[]
log_91_1692952607.xes.gz,drift_1,change_info_2,activities_moved,[]
log_91_1692952607.xes.gz,drift_1,change_info_2,change_start,2024-03-16 07:54:04.807002
log_91_1692952607.xes.gz,drift_1,change_info_2,change_end,2025-01-05 20:51:07.508183
log_91_1692952607.xes.gz,drift_1,change_info_3,change_type,sudden
log_91_1692952607.xes.gz,drift_1,change_info_3,change_trace_index,[5233]
log_91_1692952607.xes.gz,drift_1,change_info_3,process_tree_before,"->( +( 'a', ->( 'd', ->( 'e', 'f', *tau* ) ) ), ->( 'b', 'c' ) )"
log_91_1692952607.xes.gz,drift_1,change_info_3,process_tree_after,"->( +( 'a', ->( 'd', ->( 'e', 'f', *tau* ) ) ), ->( 'b', *tau* ) )"
log_91_1692952607.xes.gz,drift_1,change_info_3,activities_deleted,[c]
log_91_1692952607.xes.gz,drift_1,change_info_3,activities_added,[]
log_91_1692952607.xes.gz,drift_1,change_info_3,activities_moved,[]
log_91_1692952607.xes.gz,drift_1,change_info_3,change_start,2026-07-22 18:14:20.474315
log_91_1692952607.xes.gz,drift_1,change_info_3,change_end,2026-07-22 18:14:20.474315
log_92_1692952610.xes.gz,drift_1,log_id,1,log_92_1692952610.xes.gz
log_92_1692952610.xes.gz,drift_1,drift_id,1,1
log_92_1692952610.xes.gz,drift_1,process_perspective,1,control-flow
log_92_1692952610.xes.gz,drift_1,process_complexity,1,middle
log_92_1692952610.xes.gz,drift_1,drift_type,1,recurring
log_92_1692952610.xes.gz,drift_1,process_trees_1,0,"X( ->( X( +( X( 'a', +( 'f', 'k' ) ), 'e' ), ->( *( 'd', 'h' ), +( 'i', 'j' ) ) ), 'c' ), X( 'b', 'g' ) )"
log_92_1692952610.xes.gz,drift_1,process_trees_2,1,"X( ->( X( +( X( 'a', +( 'f', 'k' ) ), 'e', 'Random activity 2' ), ->( *( 'd', 'h' ), +( 'i', 'j' ), 'Random activity 1' ) ), 'c' ), X( 'b', 'g' ) )"
log_92_1692952610.xes.gz,drift_1,process_trees_3,2,"X( ->( X( +( X( 'a', +( 'f', 'k' ) ), 'e' ), ->( *( 'd', 'h' ), +( 'i', 'j' ) ) ), 'c' ), X( 'b', 'g' ) )"
log_92_1692952610.xes.gz,drift_1,process_trees_4,3,"X( ->( X( +( X( 'a', +( 'f', 'k' ) ), 'e', 'Random activity 2' ), ->( *( 'd', 'h' ), +( 'i', 'j' ), 'Random activity 1' ) ), 'c' ), X( 'b', 'g' ) )"
log_92_1692952610.xes.gz,drift_1,change_info_1,change_type,sudden
log_92_1692952610.xes.gz,drift_1,change_info_1,change_trace_index,[1496]
log_92_1692952610.xes.gz,drift_1,change_info_1,process_tree_before,"X( ->( X( +( X( 'a', +( 'f', 'k' ) ), 'e' ), ->( *( 'd', 'h' ), +( 'i', 'j' ) ) ), 'c' ), X( 'b', 'g' ) )"
log_92_1692952610.xes.gz,drift_1,change_info_1,process_tree_after,"X( ->( X( +( X( 'a', +( 'f', 'k' ) ), 'e', 'Random activity 2' ), ->( *( 'd', 'h' ), +( 'i', 'j' ), 'Random activity 1' ) ), 'c' ), X( 'b', 'g' ) )"
log_92_1692952610.xes.gz,drift_1,change_info_1,activities_deleted,[]
log_92_1692952610.xes.gz,drift_1,change_info_1,activities_added,"[Random activity 1, Random activity 2]"
log_92_1692952610.xes.gz,drift_1,change_info_1,activities_moved,[]
log_92_1692952610.xes.gz,drift_1,change_info_1,change_start,2021-12-05 00:54:30.445163
log_92_1692952610.xes.gz,drift_1,change_info_1,change_end,2021-12-05 00:54:30.445163
log_92_1692952610.xes.gz,drift_1,change_info_2,change_type,gradual
log_92_1692952610.xes.gz,drift_1,change_info_2,change_trace_index,"[2990, 3497]"
log_92_1692952610.xes.gz,drift_1,change_info_2,process_tree_before,"X( ->( X( +( X( 'a', +( 'f', 'k' ) ), 'e', 'Random activity 2' ), ->( *( 'd', 'h' ), +( 'i', 'j' ), 'Random activity 1' ) ), 'c' ), X( 'b', 'g' ) )"
log_92_1692952610.xes.gz,drift_1,change_info_2,process_tree_after,"X( ->( X( +( X( 'a', +( 'f', 'k' ) ), 'e' ), ->( *( 'd', 'h' ), +( 'i', 'j' ) ) ), 'c' ), X( 'b', 'g' ) )"
log_92_1692952610.xes.gz,drift_1,change_info_2,activities_deleted,"[Random activity 1, Random activity 2]"
log_92_1692952610.xes.gz,drift_1,change_info_2,activities_added,[]
log_92_1692952610.xes.gz,drift_1,change_info_2,activities_moved,[]
log_92_1692952610.xes.gz,drift_1,change_info_2,change_start,2023-10-12 20:44:51.518646
log_92_1692952610.xes.gz,drift_1,change_info_2,change_end,2024-06-11 18:50:17.530013
log_92_1692952610.xes.gz,drift_1,change_info_3,change_type,gradual
log_92_1692952610.xes.gz,drift_1,change_info_3,change_trace_index,"[4700, 5462]"
log_92_1692952610.xes.gz,drift_1,change_info_3,process_tree_before,"X( ->( X( +( X( 'a', +( 'f', 'k' ) ), 'e' ), ->( *( 'd', 'h' ), +( 'i', 'j' ) ) ), 'c' ), X( 'b', 'g' ) )"
log_92_1692952610.xes.gz,drift_1,change_info_3,process_tree_after,"X( ->( X( +( X( 'a', +( 'f', 'k' ) ), 'e', 'Random activity 2' ), ->( *( 'd', 'h' ), +( 'i', 'j' ), 'Random activity 1' ) ), 'c' ), X( 'b', 'g' ) )"
log_92_1692952610.xes.gz,drift_1,change_info_3,activities_deleted,[]
log_92_1692952610.xes.gz,drift_1,change_info_3,activities_added,"[Random activity 1, Random activity 2]"
log_92_1692952610.xes.gz,drift_1,change_info_3,activities_moved,[]
log_92_1692952610.xes.gz,drift_1,change_info_3,change_start,2025-11-29 09:21:28.734921
log_92_1692952610.xes.gz,drift_1,change_info_3,change_end,2026-11-09 00:00:08.890200
log_92_1692952610.xes.gz,drift_2,log_id,1,log_92_1692952610.xes.gz
log_92_1692952610.xes.gz,drift_2,drift_id,1,2
log_92_1692952610.xes.gz,drift_2,process_perspective,1,control-flow
log_92_1692952610.xes.gz,drift_2,process_complexity,1,middle
log_92_1692952610.xes.gz,drift_2,drift_type,1,gradual
log_92_1692952610.xes.gz,drift_2,process_trees_1,0,"X( ->( X( +( X( 'a', +( 'f', 'k' ) ), 'e' ), ->( *( 'd', 'h' ), +( 'i', 'j' ) ) ), 'c' ), X( 'b', 'g' ) )"
log_92_1692952610.xes.gz,drift_2,process_trees_2,1,"X( ->( X( +( X( 'a', +( 'f', 'k' ) ), 'e' ), ->( ->( 'Random activity 1', *( 'd', 'h' ) ), +( 'i', 'j' ) ) ), 'c' ), X( 'b', 'g' ) )"
log_92_1692952610.xes.gz,drift_2,change_info_1,change_type,gradual
log_92_1692952610.xes.gz,drift_2,change_info_1,change_trace_index,"[6515, 7455]"
log_92_1692952610.xes.gz,drift_2,change_info_1,process_tree_before,"X( ->( X( +( X( 'a', +( 'f', 'k' ) ), 'e' ), ->( *( 'd', 'h' ), +( 'i', 'j' ) ) ), 'c' ), X( 'b', 'g' ) )"
log_92_1692952610.xes.gz,drift_2,change_info_1,process_tree_after,"X( ->( X( +( X( 'a', +( 'f', 'k' ) ), 'e' ), ->( ->( 'Random activity 1', *( 'd', 'h' ) ), +( 'i', 'j' ) ) ), 'c' ), X( 'b', 'g' ) )"
log_92_1692952610.xes.gz,drift_2,change_info_1,activities_deleted,[]
log_92_1692952610.xes.gz,drift_2,change_info_1,activities_added,[Random activity 1]
log_92_1692952610.xes.gz,drift_2,change_info_1,activities_moved,"[d, h]"
log_92_1692952610.xes.gz,drift_2,change_info_1,change_start,2028-04-11 00:15:48.300118
log_92_1692952610.xes.gz,drift_2,change_info_1,change_end,2029-06-15 17:59:42.779389
log_92_1692952610.xes.gz,drift_3,log_id,1,log_92_1692952610.xes.gz
log_92_1692952610.xes.gz,drift_3,drift_id,1,3
log_92_1692952610.xes.gz,drift_3,process_perspective,1,control-flow
log_92_1692952610.xes.gz,drift_3,process_complexity,1,middle
log_92_1692952610.xes.gz,drift_3,drift_type,1,gradual
log_92_1692952610.xes.gz,drift_3,process_trees_1,0,"X( ->( X( +( X( 'a', +( 'f', 'k' ) ), 'e' ), ->( *( 'd', 'h' ), +( 'i', 'j' ) ) ), 'c' ), X( 'b', 'g' ) )"
log_92_1692952610.xes.gz,drift_3,process_trees_2,1,"X( ->( X( +( X( 'a', +( 'f', 'e' ) ), 'k' ), ->( *( 'd', 'h' ), +( 'i', 'j', 'Random activity 1' ) ) ), 'c', 'Random activity 2' ), X( 'b', 'g' ) )"
log_92_1692952610.xes.gz,drift_3,change_info_1,change_type,gradual
log_92_1692952610.xes.gz,drift_3,change_info_1,change_trace_index,"[8576, 9153]"
log_92_1692952610.xes.gz,drift_3,change_info_1,process_tree_before,"X( ->( X( +( X( 'a', +( 'f', 'k' ) ), 'e' ), ->( *( 'd', 'h' ), +( 'i', 'j' ) ) ), 'c' ), X( 'b', 'g' ) )"
log_92_1692952610.xes.gz,drift_3,change_info_1,process_tree_after,"X( ->( X( +( X( 'a', +( 'f', 'e' ) ), 'k' ), ->( *( 'd', 'h' ), +( 'i', 'j', 'Random activity 1' ) ) ), 'c', 'Random activity 2' ), X( 'b', 'g' ) )"
log_92_1692952610.xes.gz,drift_3,change_info_1,activities_deleted,[]
log_92_1692952610.xes.gz,drift_3,change_info_1,activities_added,"[Random activity 1, Random activity 2]"
log_92_1692952610.xes.gz,drift_3,change_info_1,activities_moved,"[k, e]"
log_92_1692952610.xes.gz,drift_3,change_info_1,change_start,2030-11-13 21:44:23.612986
log_92_1692952610.xes.gz,drift_3,change_info_1,change_end,2031-08-09 10:25:56.378943
log_93_1692952613.xes.gz,drift_1,log_id,1,log_93_1692952613.xes.gz
log_93_1692952613.xes.gz,drift_1,drift_id,1,1
log_93_1692952613.xes.gz,drift_1,process_perspective,1,control-flow
log_93_1692952613.xes.gz,drift_1,process_complexity,1,simple
log_93_1692952613.xes.gz,drift_1,drift_type,1,gradual
log_93_1692952613.xes.gz,drift_1,process_trees_1,0,"->( ->( 'a', +( 'd', 'e' ) ), ->( 'b', ->( 'c', 'f' ) ) )"
log_93_1692952613.xes.gz,drift_1,process_trees_2,1,"->( ->( 'a', +( 'd', 'e', 'Random activity 1' ) ), ->( 'b', ->( *tau*, 'f' ) ) )"
log_93_1692952613.xes.gz,drift_1,change_info_1,change_type,gradual
log_93_1692952613.xes.gz,drift_1,change_info_1,change_trace_index,"[1019, 1564]"
log_93_1692952613.xes.gz,drift_1,change_info_1,process_tree_before,"->( ->( 'a', +( 'd', 'e' ) ), ->( 'b', ->( 'c', 'f' ) ) )"
log_93_1692952613.xes.gz,drift_1,change_info_1,process_tree_after,"->( ->( 'a', +( 'd', 'e', 'Random activity 1' ) ), ->( 'b', ->( *tau*, 'f' ) ) )"
log_93_1692952613.xes.gz,drift_1,change_info_1,activities_deleted,[c]
log_93_1692952613.xes.gz,drift_1,change_info_1,activities_added,[Random activity 1]
log_93_1692952613.xes.gz,drift_1,change_info_1,activities_moved,[]
log_93_1692952613.xes.gz,drift_1,change_info_1,change_start,2021-04-01 03:34:16.207284
log_93_1692952613.xes.gz,drift_1,change_info_1,change_end,2021-12-10 16:53:45.760161
log_93_1692952613.xes.gz,drift_2,log_id,1,log_93_1692952613.xes.gz
log_93_1692952613.xes.gz,drift_2,drift_id,1,2
log_93_1692952613.xes.gz,drift_2,process_perspective,1,control-flow
log_93_1692952613.xes.gz,drift_2,process_complexity,1,simple
log_93_1692952613.xes.gz,drift_2,drift_type,1,sudden
log_93_1692952613.xes.gz,drift_2,process_trees_1,0,"->( ->( 'a', +( 'd', 'e' ) ), ->( 'b', ->( 'c', 'f' ) ) )"
log_93_1692952613.xes.gz,drift_2,process_trees_2,1,"->( ->( 'a', X( 'd', 'e' ) ), ->( 'b', ->( 'c', 'f' ) ) )"
log_93_1692952613.xes.gz,drift_2,change_info_1,change_type,sudden
log_93_1692952613.xes.gz,drift_2,change_info_1,change_trace_index,[2739]
log_93_1692952613.xes.gz,drift_2,change_info_1,process_tree_before,"->( ->( 'a', +( 'd', 'e' ) ), ->( 'b', ->( 'c', 'f' ) ) )"
log_93_1692952613.xes.gz,drift_2,change_info_1,process_tree_after,"->( ->( 'a', X( 'd', 'e' ) ), ->( 'b', ->( 'c', 'f' ) ) )"
log_93_1692952613.xes.gz,drift_2,change_info_1,activities_deleted,[]
log_93_1692952613.xes.gz,drift_2,change_info_1,activities_added,[]
log_93_1692952613.xes.gz,drift_2,change_info_1,activities_moved,"[d, e]"
log_93_1692952613.xes.gz,drift_2,change_info_1,change_start,2023-05-25 10:17:37.301717
log_93_1692952613.xes.gz,drift_2,change_info_1,change_end,2023-05-25 10:17:37.301717
log_93_1692952613.xes.gz,drift_3,log_id,1,log_93_1692952613.xes.gz
log_93_1692952613.xes.gz,drift_3,drift_id,1,3
log_93_1692952613.xes.gz,drift_3,process_perspective,1,control-flow
log_93_1692952613.xes.gz,drift_3,process_complexity,1,simple
log_93_1692952613.xes.gz,drift_3,drift_type,1,recurring
log_93_1692952613.xes.gz,drift_3,process_trees_1,0,"->( ->( 'a', +( 'd', 'e' ) ), ->( 'b', ->( 'c', 'f' ) ) )"
log_93_1692952613.xes.gz,drift_3,process_trees_2,1,"->( ->( 'a', X( 'd', 'e' ) ), ->( 'b', ->( 'c', 'f' ) ) )"
log_93_1692952613.xes.gz,drift_3,process_trees_3,2,"->( ->( 'a', +( 'd', 'e' ) ), ->( 'b', ->( 'c', 'f' ) ) )"
log_93_1692952613.xes.gz,drift_3,process_trees_4,3,"->( ->( 'a', X( 'd', 'e' ) ), ->( 'b', ->( 'c', 'f' ) ) )"
log_93_1692952613.xes.gz,drift_3,change_info_1,change_type,sudden
log_93_1692952613.xes.gz,drift_3,change_info_1,change_trace_index,[4083]
log_93_1692952613.xes.gz,drift_3,change_info_1,process_tree_before,"->( ->( 'a', +( 'd', 'e' ) ), ->( 'b', ->( 'c', 'f' ) ) )"
log_93_1692952613.xes.gz,drift_3,change_info_1,process_tree_after,"->( ->( 'a', X( 'd', 'e' ) ), ->( 'b', ->( 'c', 'f' ) ) )"
log_93_1692952613.xes.gz,drift_3,change_info_1,activities_deleted,[]
log_93_1692952613.xes.gz,drift_3,change_info_1,activities_added,[]
log_93_1692952613.xes.gz,drift_3,change_info_1,activities_moved,"[d, e]"
log_93_1692952613.xes.gz,drift_3,change_info_1,change_start,2025-01-16 07:46:53.313136
log_93_1692952613.xes.gz,drift_3,change_info_1,change_end,2025-01-16 07:46:53.313136
log_93_1692952613.xes.gz,drift_3,change_info_2,change_type,sudden
log_93_1692952613.xes.gz,drift_3,change_info_2,change_trace_index,[5315]
log_93_1692952613.xes.gz,drift_3,change_info_2,process_tree_before,"->( ->( 'a', X( 'd', 'e' ) ), ->( 'b', ->( 'c', 'f' ) ) )"
log_93_1692952613.xes.gz,drift_3,change_info_2,process_tree_after,"->( ->( 'a', +( 'd', 'e' ) ), ->( 'b', ->( 'c', 'f' ) ) )"
log_93_1692952613.xes.gz,drift_3,change_info_2,activities_deleted,[]
log_93_1692952613.xes.gz,drift_3,change_info_2,activities_added,[]
log_93_1692952613.xes.gz,drift_3,change_info_2,activities_moved,"[d, e]"
log_93_1692952613.xes.gz,drift_3,change_info_2,change_start,2026-07-30 08:40:02.896128
log_93_1692952613.xes.gz,drift_3,change_info_2,change_end,2026-07-30 08:40:02.896128
log_93_1692952613.xes.gz,drift_3,change_info_3,change_type,sudden
log_93_1692952613.xes.gz,drift_3,change_info_3,change_trace_index,[6443]
log_93_1692952613.xes.gz,drift_3,change_info_3,process_tree_before,"->( ->( 'a', +( 'd', 'e' ) ), ->( 'b', ->( 'c', 'f' ) ) )"
log_93_1692952613.xes.gz,drift_3,change_info_3,process_tree_after,"->( ->( 'a', X( 'd', 'e' ) ), ->( 'b', ->( 'c', 'f' ) ) )"
log_93_1692952613.xes.gz,drift_3,change_info_3,activities_deleted,[]
log_93_1692952613.xes.gz,drift_3,change_info_3,activities_added,[]
log_93_1692952613.xes.gz,drift_3,change_info_3,activities_moved,"[d, e]"
log_93_1692952613.xes.gz,drift_3,change_info_3,change_start,2027-12-14 12:57:47.242117
log_93_1692952613.xes.gz,drift_3,change_info_3,change_end,2027-12-14 12:57:47.242117
log_94_1692952615.xes.gz,drift_1,log_id,1,log_94_1692952615.xes.gz
log_94_1692952615.xes.gz,drift_1,drift_id,1,1
log_94_1692952615.xes.gz,drift_1,process_perspective,1,control-flow
log_94_1692952615.xes.gz,drift_1,process_complexity,1,simple
log_94_1692952615.xes.gz,drift_1,drift_type,1,sudden
log_94_1692952615.xes.gz,drift_1,process_trees_1,0,"->( ->( 'a', ->( 'd', 'e' ) ), ->( 'b', ->( 'c', 'f' ) ) )"
log_94_1692952615.xes.gz,drift_1,process_trees_2,1,"->( ->( 'a', ->( 'd', 'e', 'Random activity 1' ) ), ->( 'b', ->( 'c', 'f' ) ) )"
log_94_1692952615.xes.gz,drift_1,change_info_1,change_type,sudden
log_94_1692952615.xes.gz,drift_1,change_info_1,change_trace_index,[1486]
log_94_1692952615.xes.gz,drift_1,change_info_1,process_tree_before,"->( ->( 'a', ->( 'd', 'e' ) ), ->( 'b', ->( 'c', 'f' ) ) )"
log_94_1692952615.xes.gz,drift_1,change_info_1,process_tree_after,"->( ->( 'a', ->( 'd', 'e', 'Random activity 1' ) ), ->( 'b', ->( 'c', 'f' ) ) )"
log_94_1692952615.xes.gz,drift_1,change_info_1,activities_deleted,[]
log_94_1692952615.xes.gz,drift_1,change_info_1,activities_added,[Random activity 1]
log_94_1692952615.xes.gz,drift_1,change_info_1,activities_moved,[]
log_94_1692952615.xes.gz,drift_1,change_info_1,change_start,2021-12-11 06:58:19.490520
log_94_1692952615.xes.gz,drift_1,change_info_1,change_end,2021-12-11 06:58:19.490520
log_94_1692952615.xes.gz,drift_2,log_id,1,log_94_1692952615.xes.gz
log_94_1692952615.xes.gz,drift_2,drift_id,1,2
log_94_1692952615.xes.gz,drift_2,process_perspective,1,control-flow
log_94_1692952615.xes.gz,drift_2,process_complexity,1,simple
log_94_1692952615.xes.gz,drift_2,drift_type,1,gradual
log_94_1692952615.xes.gz,drift_2,process_trees_1,0,"->( ->( 'a', ->( 'd', 'e' ) ), ->( 'b', ->( 'c', 'f' ) ) )"
log_94_1692952615.xes.gz,drift_2,process_trees_2,1,"->( ->( 'a', ->( 'd', *tau*, 'Random activity 1' ) ), ->( 'b', ->( 'c', 'f' ) ) )"
log_94_1692952615.xes.gz,drift_2,change_info_1,change_type,gradual
log_94_1692952615.xes.gz,drift_2,change_info_1,change_trace_index,"[2734, 3393]"
log_94_1692952615.xes.gz,drift_2,change_info_1,process_tree_before,"->( ->( 'a', ->( 'd', 'e' ) ), ->( 'b', ->( 'c', 'f' ) ) )"
log_94_1692952615.xes.gz,drift_2,change_info_1,process_tree_after,"->( ->( 'a', ->( 'd', *tau*, 'Random activity 1' ) ), ->( 'b', ->( 'c', 'f' ) ) )"
log_94_1692952615.xes.gz,drift_2,change_info_1,activities_deleted,[e]
log_94_1692952615.xes.gz,drift_2,change_info_1,activities_added,[Random activity 1]
log_94_1692952615.xes.gz,drift_2,change_info_1,activities_moved,[]
log_94_1692952615.xes.gz,drift_2,change_info_1,change_start,2023-07-06 23:57:34.798109
log_94_1692952615.xes.gz,drift_2,change_info_1,change_end,2024-04-27 16:35:03.489697
log_95_1692952617.xes.gz,drift_1,log_id,1,log_95_1692952617.xes.gz
log_95_1692952617.xes.gz,drift_1,drift_id,1,1
log_95_1692952617.xes.gz,drift_1,process_perspective,1,control-flow
log_95_1692952617.xes.gz,drift_1,process_complexity,1,complex
log_95_1692952617.xes.gz,drift_1,drift_type,1,incremental
log_95_1692952617.xes.gz,drift_1,process_trees_1,0,"+( +( 'a', 'l' ), ->( X( X( ->( 'b', 'j' ), 'g' ), ->( *( +( 'd', 'h' ), 'e' ), X( ->( 'f', 'm' ), X( X( 'i', 'n' ), 'k' ) ) ) ), X( 'c', 'o' ) ) )"
log_95_1692952617.xes.gz,drift_1,process_trees_2,1,"+( +( 'a', 'l' ), ->( X( X( ->( 'b', 'j' ), 'g' ), ->( *( +( 'd', 'h' ), 'e' ), X( ->( 'f', 'm' ), X( X( *tau*, 'n' ), 'k' ) ) ) ), X( 'c', 'o' ) ) )"
log_95_1692952617.xes.gz,drift_1,process_trees_3,2,"+( +( 'a', 'l' ), ->( X( X( ->( 'b', 'j' ), 'g' ), ->( *( +( 'd', 'h' ), 'e' ), X( ->( 'f', 'm' ), X( X( *tau*, 'n' ), *tau* ) ) ) ), X( 'c', 'o' ) ) )"
log_95_1692952617.xes.gz,drift_1,process_trees_4,3,"+( +( 'a', 'l' ), ->( X( X( ->( 'b', 'j' ), *tau* ), ->( *( +( 'd', 'h' ), 'e' ), X( ->( 'f', 'm' ), X( X( *tau*, 'n' ), *tau* ) ) ) ), X( 'c', 'o' ) ) )"
log_95_1692952617.xes.gz,drift_1,change_info_1,change_type,gradual
log_95_1692952617.xes.gz,drift_1,change_info_1,change_trace_index,"[1156, 1959]"
log_95_1692952617.xes.gz,drift_1,change_info_1,process_tree_before,"+( +( 'a', 'l' ), ->( X( X( ->( 'b', 'j' ), 'g' ), ->( *( +( 'd', 'h' ), 'e' ), X( ->( 'f', 'm' ), X( X( 'i', 'n' ), 'k' ) ) ) ), X( 'c', 'o' ) ) )"
log_95_1692952617.xes.gz,drift_1,change_info_1,process_tree_after,"+( +( 'a', 'l' ), ->( X( X( ->( 'b', 'j' ), 'g' ), ->( *( +( 'd', 'h' ), 'e' ), X( ->( 'f', 'm' ), X( X( *tau*, 'n' ), 'k' ) ) ) ), X( 'c', 'o' ) ) )"
log_95_1692952617.xes.gz,drift_1,change_info_1,activities_deleted,[i]
log_95_1692952617.xes.gz,drift_1,change_info_1,activities_added,[]
log_95_1692952617.xes.gz,drift_1,change_info_1,activities_moved,[]
log_95_1692952617.xes.gz,drift_1,change_info_1,change_start,2021-07-10 05:46:41.636070
log_95_1692952617.xes.gz,drift_1,change_info_1,change_end,2022-07-06 12:09:42.415978
log_95_1692952617.xes.gz,drift_1,change_info_2,change_type,sudden
log_95_1692952617.xes.gz,drift_1,change_info_2,change_trace_index,[2970]
log_95_1692952617.xes.gz,drift_1,change_info_2,process_tree_before,"+( +( 'a', 'l' ), ->( X( X( ->( 'b', 'j' ), 'g' ), ->( *( +( 'd', 'h' ), 'e' ), X( ->( 'f', 'm' ), X( X( *tau*, 'n' ), 'k' ) ) ) ), X( 'c', 'o' ) ) )"
log_95_1692952617.xes.gz,drift_1,change_info_2,process_tree_after,"+( +( 'a', 'l' ), ->( X( X( ->( 'b', 'j' ), 'g' ), ->( *( +( 'd', 'h' ), 'e' ), X( ->( 'f', 'm' ), X( X( *tau*, 'n' ), *tau* ) ) ) ), X( 'c', 'o' ) ) )"
log_95_1692952617.xes.gz,drift_1,change_info_2,activities_deleted,[k]
log_95_1692952617.xes.gz,drift_1,change_info_2,activities_added,[]
log_95_1692952617.xes.gz,drift_1,change_info_2,activities_moved,[]
log_95_1692952617.xes.gz,drift_1,change_info_2,change_start,2023-10-30 13:25:09.128061
log_95_1692952617.xes.gz,drift_1,change_info_2,change_end,2023-10-30 13:25:09.128061
log_95_1692952617.xes.gz,drift_1,change_info_3,change_type,sudden
log_95_1692952617.xes.gz,drift_1,change_info_3,change_trace_index,[4425]
log_95_1692952617.xes.gz,drift_1,change_info_3,process_tree_before,"+( +( 'a', 'l' ), ->( X( X( ->( 'b', 'j' ), 'g' ), ->( *( +( 'd', 'h' ), 'e' ), X( ->( 'f', 'm' ), X( X( *tau*, 'n' ), *tau* ) ) ) ), X( 'c', 'o' ) ) )"
log_95_1692952617.xes.gz,drift_1,change_info_3,process_tree_after,"+( +( 'a', 'l' ), ->( X( X( ->( 'b', 'j' ), *tau* ), ->( *( +( 'd', 'h' ), 'e' ), X( ->( 'f', 'm' ), X( X( *tau*, 'n' ), *tau* ) ) ) ), X( 'c', 'o' ) ) )"
log_95_1692952617.xes.gz,drift_1,change_info_3,activities_deleted,[g]
log_95_1692952617.xes.gz,drift_1,change_info_3,activities_added,[]
log_95_1692952617.xes.gz,drift_1,change_info_3,activities_moved,[]
log_95_1692952617.xes.gz,drift_1,change_info_3,change_start,2025-08-25 16:59:18.871270
log_95_1692952617.xes.gz,drift_1,change_info_3,change_end,2025-08-25 16:59:18.871270
log_95_1692952617.xes.gz,drift_2,log_id,1,log_95_1692952617.xes.gz
log_95_1692952617.xes.gz,drift_2,drift_id,1,2
log_95_1692952617.xes.gz,drift_2,process_perspective,1,control-flow
log_95_1692952617.xes.gz,drift_2,process_complexity,1,complex
log_95_1692952617.xes.gz,drift_2,drift_type,1,sudden
log_95_1692952617.xes.gz,drift_2,process_trees_1,0,"+( +( 'a', 'l' ), ->( X( X( ->( 'b', 'j' ), 'g' ), ->( *( +( 'd', 'h' ), 'e' ), X( ->( 'f', 'm' ), X( X( 'i', 'n' ), 'k' ) ) ) ), X( 'c', 'o' ) ) )"
log_95_1692952617.xes.gz,drift_2,process_trees_2,1,"+( +( 'a', 'l' ), ->( X( X( ->( *tau*, 'j' ), 'g' ), ->( X( 'c', 'o' ), X( ->( 'f', 'm' ), X( X( 'i', 'n' ), 'k' ) ) ) ), *( +( 'd', 'h' ), 'e' ) ) )"
log_95_1692952617.xes.gz,drift_2,change_info_1,change_type,sudden
log_95_1692952617.xes.gz,drift_2,change_info_1,change_trace_index,[5628]
log_95_1692952617.xes.gz,drift_2,change_info_1,process_tree_before,"+( +( 'a', 'l' ), ->( X( X( ->( 'b', 'j' ), 'g' ), ->( *( +( 'd', 'h' ), 'e' ), X( ->( 'f', 'm' ), X( X( 'i', 'n' ), 'k' ) ) ) ), X( 'c', 'o' ) ) )"
log_95_1692952617.xes.gz,drift_2,change_info_1,process_tree_after,"+( +( 'a', 'l' ), ->( X( X( ->( *tau*, 'j' ), 'g' ), ->( X( 'c', 'o' ), X( ->( 'f', 'm' ), X( X( 'i', 'n' ), 'k' ) ) ) ), *( +( 'd', 'h' ), 'e' ) ) )"
log_95_1692952617.xes.gz,drift_2,change_info_1,activities_deleted,[b]
log_95_1692952617.xes.gz,drift_2,change_info_1,activities_added,[]
log_95_1692952617.xes.gz,drift_2,change_info_1,activities_moved,"[c, o, e, d, h]"
log_95_1692952617.xes.gz,drift_2,change_info_1,change_start,2027-02-22 14:50:18.617186
log_95_1692952617.xes.gz,drift_2,change_info_1,change_end,2027-02-22 14:50:18.617186
log_95_1692952617.xes.gz,drift_3,log_id,1,log_95_1692952617.xes.gz
log_95_1692952617.xes.gz,drift_3,drift_id,1,3
log_95_1692952617.xes.gz,drift_3,process_perspective,1,control-flow
log_95_1692952617.xes.gz,drift_3,process_complexity,1,complex
log_95_1692952617.xes.gz,drift_3,drift_type,1,incremental
log_95_1692952617.xes.gz,drift_3,process_trees_1,0,"+( +( 'a', 'l' ), ->( X( X( ->( 'b', 'j' ), 'g' ), ->( *( +( 'd', 'h' ), 'e' ), X( ->( 'f', 'm' ), X( X( 'i', 'n' ), 'k' ) ) ) ), X( 'c', 'o' ) ) )"
log_95_1692952617.xes.gz,drift_3,process_trees_2,1,"+( +( 'a', 'l', 'Random activity 1' ), ->( X( X( ->( 'b', 'j' ), 'g' ), ->( *( +( 'd', 'h' ), 'e' ), X( ->( 'f', 'm' ), X( X( 'i', 'n' ), 'k' ) ) ) ), X( 'c', 'o' ) ) )"
log_95_1692952617.xes.gz,drift_3,process_trees_3,2,"+( +( 'a', 'l', 'Random activity 1' ), ->( X( X( ->( 'b', 'j' ), 'g' ), ->( *( +( 'd', 'h' ), 'e' ), X( ->( 'f', 'm' ), X( X( 'i', 'n' ), 'k', 'Random activity 2' ) ) ) ), X( 'c', 'o' ) ) )"
log_95_1692952617.xes.gz,drift_3,process_trees_4,3,"+( +( 'a', 'l', 'Random activity 1' ), ->( X( X( ->( 'b', 'j' ), 'g' ), ->( *( +( 'd', 'h' ), 'e' ), X( ->( 'f', 'm' ), X( X( 'i', 'n' ), 'k', 'Random activity 2', 'Random activity 3' ) ) ) ), X( 'c', 'o' ) ) )"
log_95_1692952617.xes.gz,drift_3,change_info_1,change_type,gradual
log_95_1692952617.xes.gz,drift_3,change_info_1,change_trace_index,"[6797, 7689]"
log_95_1692952617.xes.gz,drift_3,change_info_1,process_tree_before,"+( +( 'a', 'l' ), ->( X( X( ->( 'b', 'j' ), 'g' ), ->( *( +( 'd', 'h' ), 'e' ), X( ->( 'f', 'm' ), X( X( 'i', 'n' ), 'k' ) ) ) ), X( 'c', 'o' ) ) )"
log_95_1692952617.xes.gz,drift_3,change_info_1,process_tree_after,"+( +( 'a', 'l', 'Random activity 1' ), ->( X( X( ->( 'b', 'j' ), 'g' ), ->( *( +( 'd', 'h' ), 'e' ), X( ->( 'f', 'm' ), X( X( 'i', 'n' ), 'k' ) ) ) ), X( 'c', 'o' ) ) )"
log_95_1692952617.xes.gz,drift_3,change_info_1,activities_deleted,[]
log_95_1692952617.xes.gz,drift_3,change_info_1,activities_added,[Random activity 1]
log_95_1692952617.xes.gz,drift_3,change_info_1,activities_moved,[]
log_95_1692952617.xes.gz,drift_3,change_info_1,change_start,2028-09-01 06:35:04.438118
log_95_1692952617.xes.gz,drift_3,change_info_1,change_end,2029-09-30 17:17:59.419025
log_95_1692952617.xes.gz,drift_3,change_info_2,change_type,gradual
log_95_1692952617.xes.gz,drift_3,change_info_2,change_trace_index,"[9067, 9689]"
log_95_1692952617.xes.gz,drift_3,change_info_2,process_tree_before,"+( +( 'a', 'l', 'Random activity 1' ), ->( X( X( ->( 'b', 'j' ), 'g' ), ->( *( +( 'd', 'h' ), 'e' ), X( ->( 'f', 'm' ), X( X( 'i', 'n' ), 'k' ) ) ) ), X( 'c', 'o' ) ) )"
log_95_1692952617.xes.gz,drift_3,change_info_2,process_tree_after,"+( +( 'a', 'l', 'Random activity 1' ), ->( X( X( ->( 'b', 'j' ), 'g' ), ->( *( +( 'd', 'h' ), 'e' ), X( ->( 'f', 'm' ), X( X( 'i', 'n' ), 'k', 'Random activity 2' ) ) ) ), X( 'c', 'o' ) ) )"
log_95_1692952617.xes.gz,drift_3,change_info_2,activities_deleted,[]
log_95_1692952617.xes.gz,drift_3,change_info_2,activities_added,[Random activity 2]
log_95_1692952617.xes.gz,drift_3,change_info_2,activities_moved,[]
log_95_1692952617.xes.gz,drift_3,change_info_2,change_start,2031-05-27 22:47:11.496495
log_95_1692952617.xes.gz,drift_3,change_info_2,change_end,2032-02-20 16:14:23.160481
log_95_1692952617.xes.gz,drift_3,change_info_3,change_type,gradual
log_95_1692952617.xes.gz,drift_3,change_info_3,change_trace_index,"[11170, 11993]"
log_95_1692952617.xes.gz,drift_3,change_info_3,process_tree_before,"+( +( 'a', 'l', 'Random activity 1' ), ->( X( X( ->( 'b', 'j' ), 'g' ), ->( *( +( 'd', 'h' ), 'e' ), X( ->( 'f', 'm' ), X( X( 'i', 'n' ), 'k', 'Random activity 2' ) ) ) ), X( 'c', 'o' ) ) )"
log_95_1692952617.xes.gz,drift_3,change_info_3,process_tree_after,"+( +( 'a', 'l', 'Random activity 1' ), ->( X( X( ->( 'b', 'j' ), 'g' ), ->( *( +( 'd', 'h' ), 'e' ), X( ->( 'f', 'm' ), X( X( 'i', 'n' ), 'k', 'Random activity 2', 'Random activity 3' ) ) ) ), X( 'c', 'o' ) ) )"
log_95_1692952617.xes.gz,drift_3,change_info_3,activities_deleted,[]
log_95_1692952617.xes.gz,drift_3,change_info_3,activities_added,[Random activity 3]
log_95_1692952617.xes.gz,drift_3,change_info_3,activities_moved,[]
log_95_1692952617.xes.gz,drift_3,change_info_3,change_start,2034-02-05 03:36:12.961370
log_95_1692952617.xes.gz,drift_3,change_info_3,change_end,2035-02-21 23:52:49.094651
log_96_1692952629.xes.gz,drift_1,log_id,1,log_96_1692952629.xes.gz
log_96_1692952629.xes.gz,drift_1,drift_id,1,1
log_96_1692952629.xes.gz,drift_1,process_perspective,1,control-flow
log_96_1692952629.xes.gz,drift_1,process_complexity,1,simple
log_96_1692952629.xes.gz,drift_1,drift_type,1,sudden
log_96_1692952629.xes.gz,drift_1,process_trees_1,0,"X( 'a', ->( ->( ->( 'b', ->( 'e', 'f' ) ), 'd' ), 'c' ) )"
log_96_1692952629.xes.gz,drift_1,process_trees_2,1,"X( 'a', ->( ->( ->( 'b', ->( 'e', *tau* ) ), 'd' ), 'c' ) )"
log_96_1692952629.xes.gz,drift_1,change_info_1,change_type,sudden
log_96_1692952629.xes.gz,drift_1,change_info_1,change_trace_index,[1087]
log_96_1692952629.xes.gz,drift_1,change_info_1,process_tree_before,"X( 'a', ->( ->( ->( 'b', ->( 'e', 'f' ) ), 'd' ), 'c' ) )"
log_96_1692952629.xes.gz,drift_1,change_info_1,process_tree_after,"X( 'a', ->( ->( ->( 'b', ->( 'e', *tau* ) ), 'd' ), 'c' ) )"
log_96_1692952629.xes.gz,drift_1,change_info_1,activities_deleted,[f]
log_96_1692952629.xes.gz,drift_1,change_info_1,activities_added,[]
log_96_1692952629.xes.gz,drift_1,change_info_1,activities_moved,[]
log_96_1692952629.xes.gz,drift_1,change_info_1,change_start,2021-05-02 23:14:23.586669
log_96_1692952629.xes.gz,drift_1,change_info_1,change_end,2021-05-02 23:14:23.586669
log_96_1692952629.xes.gz,drift_2,log_id,1,log_96_1692952629.xes.gz
log_96_1692952629.xes.gz,drift_2,drift_id,1,2
log_96_1692952629.xes.gz,drift_2,process_perspective,1,control-flow
log_96_1692952629.xes.gz,drift_2,process_complexity,1,simple
log_96_1692952629.xes.gz,drift_2,drift_type,1,incremental
log_96_1692952629.xes.gz,drift_2,process_trees_1,0,"X( 'a', ->( ->( ->( 'b', ->( 'e', 'f' ) ), 'd' ), 'c' ) )"
log_96_1692952629.xes.gz,drift_2,process_trees_2,1,"X( 'a', ->( ->( ->( 'b', ->( 'e', 'f' ) ), 'd' ), 'c', 'Random activity 1' ) )"
log_96_1692952629.xes.gz,drift_2,process_trees_3,2,"X( 'a', ->( ->( ->( 'b', ->( 'e', 'f' ) ), 'd' ), *tau*, 'Random activity 1' ) )"
log_96_1692952629.xes.gz,drift_2,process_trees_4,3,"X( 'a', ->( ->( ->( 'b', ->( 'e', 'f' ) ), 'd' ), *tau*, 'Random activity 1', 'Random activity 2' ) )"
log_96_1692952629.xes.gz,drift_2,change_info_1,change_type,gradual
log_96_1692952629.xes.gz,drift_2,change_info_1,change_trace_index,"[2286, 3016]"
log_96_1692952629.xes.gz,drift_2,change_info_1,process_tree_before,"X( 'a', ->( ->( ->( 'b', ->( 'e', 'f' ) ), 'd' ), 'c' ) )"
log_96_1692952629.xes.gz,drift_2,change_info_1,process_tree_after,"X( 'a', ->( ->( ->( 'b', ->( 'e', 'f' ) ), 'd' ), 'c', 'Random activity 1' ) )"
log_96_1692952629.xes.gz,drift_2,change_info_1,activities_deleted,[]
log_96_1692952629.xes.gz,drift_2,change_info_1,activities_added,[Random activity 1]
log_96_1692952629.xes.gz,drift_2,change_info_1,activities_moved,[]
log_96_1692952629.xes.gz,drift_2,change_info_1,change_start,2022-10-31 12:41:38.997867
log_96_1692952629.xes.gz,drift_2,change_info_1,change_end,2023-10-09 09:22:45.049069
log_96_1692952629.xes.gz,drift_2,change_info_2,change_type,gradual
log_96_1692952629.xes.gz,drift_2,change_info_2,change_trace_index,"[4084, 4958]"
log_96_1692952629.xes.gz,drift_2,change_info_2,process_tree_before,"X( 'a', ->( ->( ->( 'b', ->( 'e', 'f' ) ), 'd' ), 'c', 'Random activity 1' ) )"
log_96_1692952629.xes.gz,drift_2,change_info_2,process_tree_after,"X( 'a', ->( ->( ->( 'b', ->( 'e', 'f' ) ), 'd' ), *tau*, 'Random activity 1' ) )"
log_96_1692952629.xes.gz,drift_2,change_info_2,activities_deleted,[c]
log_96_1692952629.xes.gz,drift_2,change_info_2,activities_added,[]
log_96_1692952629.xes.gz,drift_2,change_info_2,activities_moved,[]
log_96_1692952629.xes.gz,drift_2,change_info_2,change_start,2025-01-31 10:13:29.286851
log_96_1692952629.xes.gz,drift_2,change_info_2,change_end,2026-03-31 16:05:13.875202
log_96_1692952629.xes.gz,drift_2,change_info_3,change_type,gradual
log_96_1692952629.xes.gz,drift_2,change_info_3,change_trace_index,"[5962, 6779]"
log_96_1692952629.xes.gz,drift_2,change_info_3,process_tree_before,"X( 'a', ->( ->( ->( 'b', ->( 'e', 'f' ) ), 'd' ), *tau*, 'Random activity 1' ) )"
log_96_1692952629.xes.gz,drift_2,change_info_3,process_tree_after,"X( 'a', ->( ->( ->( 'b', ->( 'e', 'f' ) ), 'd' ), *tau*, 'Random activity 1', 'Random activity 2' ) )"
log_96_1692952629.xes.gz,drift_2,change_info_3,activities_deleted,[]
log_96_1692952629.xes.gz,drift_2,change_info_3,activities_added,[Random activity 2]
log_96_1692952629.xes.gz,drift_2,change_info_3,activities_moved,[]
log_96_1692952629.xes.gz,drift_2,change_info_3,change_start,2027-07-25 01:12:19.174891
log_96_1692952629.xes.gz,drift_2,change_info_3,change_end,2028-08-13 08:34:44.198184
log_97_1692952631.xes.gz,drift_1,log_id,1,log_97_1692952631.xes.gz
log_97_1692952631.xes.gz,drift_1,drift_id,1,1
log_97_1692952631.xes.gz,drift_1,process_perspective,1,control-flow
log_97_1692952631.xes.gz,drift_1,process_complexity,1,simple
log_97_1692952631.xes.gz,drift_1,drift_type,1,sudden
log_97_1692952631.xes.gz,drift_1,process_trees_1,0,"->( ->( 'a', +( 'c', ->( *( 'd', 'e' ), 'f' ) ) ), 'b' )"
log_97_1692952631.xes.gz,drift_1,process_trees_2,1,"->( ->( 'a', +( 'c', ->( *( 'd', 'e' ), 'f', 'Random activity 1' ) ) ), 'b' )"
log_97_1692952631.xes.gz,drift_1,change_info_1,change_type,sudden
log_97_1692952631.xes.gz,drift_1,change_info_1,change_trace_index,[1365]
log_97_1692952631.xes.gz,drift_1,change_info_1,process_tree_before,"->( ->( 'a', +( 'c', ->( *( 'd', 'e' ), 'f' ) ) ), 'b' )"
log_97_1692952631.xes.gz,drift_1,change_info_1,process_tree_after,"->( ->( 'a', +( 'c', ->( *( 'd', 'e' ), 'f', 'Random activity 1' ) ) ), 'b' )"
log_97_1692952631.xes.gz,drift_1,change_info_1,activities_deleted,[]
log_97_1692952631.xes.gz,drift_1,change_info_1,activities_added,[Random activity 1]
log_97_1692952631.xes.gz,drift_1,change_info_1,activities_moved,[]
log_97_1692952631.xes.gz,drift_1,change_info_1,change_start,2021-10-21 03:45:53.429691
log_97_1692952631.xes.gz,drift_1,change_info_1,change_end,2021-10-21 03:45:53.429691
log_97_1692952631.xes.gz,drift_2,log_id,1,log_97_1692952631.xes.gz
log_97_1692952631.xes.gz,drift_2,drift_id,1,2
log_97_1692952631.xes.gz,drift_2,process_perspective,1,control-flow
log_97_1692952631.xes.gz,drift_2,process_complexity,1,simple
log_97_1692952631.xes.gz,drift_2,drift_type,1,recurring
log_97_1692952631.xes.gz,drift_2,process_trees_1,0,"->( ->( 'a', +( 'c', ->( *( 'd', 'e' ), 'f' ) ) ), 'b' )"
log_97_1692952631.xes.gz,drift_2,process_trees_2,1,"->( ->( 'a', +( 'c', ->( *( 'd', 'e', 'Random activity 1' ), 'f' ) ) ), 'b' )"
log_97_1692952631.xes.gz,drift_2,process_trees_3,2,"->( ->( 'a', +( 'c', ->( *( 'd', 'e' ), 'f' ) ) ), 'b' )"
log_97_1692952631.xes.gz,drift_2,process_trees_4,3,"->( ->( 'a', +( 'c', ->( *( 'd', 'e', 'Random activity 1' ), 'f' ) ) ), 'b' )"
log_97_1692952631.xes.gz,drift_2,change_info_1,change_type,sudden
log_97_1692952631.xes.gz,drift_2,change_info_1,change_trace_index,[2387]
log_97_1692952631.xes.gz,drift_2,change_info_1,process_tree_before,"->( ->( 'a', +( 'c', ->( *( 'd', 'e' ), 'f' ) ) ), 'b' )"
log_97_1692952631.xes.gz,drift_2,change_info_1,process_tree_after,"->( ->( 'a', +( 'c', ->( *( 'd', 'e', 'Random activity 1' ), 'f' ) ) ), 'b' )"
log_97_1692952631.xes.gz,drift_2,change_info_1,activities_deleted,[]
log_97_1692952631.xes.gz,drift_2,change_info_1,activities_added,[Random activity 1]
log_97_1692952631.xes.gz,drift_2,change_info_1,activities_moved,[]
log_97_1692952631.xes.gz,drift_2,change_info_1,change_start,2023-02-02 07:12:56.022296
log_97_1692952631.xes.gz,drift_2,change_info_1,change_end,2023-02-02 07:12:56.022296
log_97_1692952631.xes.gz,drift_2,change_info_2,change_type,gradual
log_97_1692952631.xes.gz,drift_2,change_info_2,change_trace_index,"[3660, 4381]"
log_97_1692952631.xes.gz,drift_2,change_info_2,process_tree_before,"->( ->( 'a', +( 'c', ->( *( 'd', 'e', 'Random activity 1' ), 'f' ) ) ), 'b' )"
log_97_1692952631.xes.gz,drift_2,change_info_2,process_tree_after,"->( ->( 'a', +( 'c', ->( *( 'd', 'e' ), 'f' ) ) ), 'b' )"
log_97_1692952631.xes.gz,drift_2,change_info_2,activities_deleted,[Random activity 1]
log_97_1692952631.xes.gz,drift_2,change_info_2,activities_added,[]
log_97_1692952631.xes.gz,drift_2,change_info_2,activities_moved,[]
log_97_1692952631.xes.gz,drift_2,change_info_2,change_start,2024-08-21 23:37:33.565876
log_97_1692952631.xes.gz,drift_2,change_info_2,change_end,2025-07-20 03:42:56.251898
log_97_1692952631.xes.gz,drift_2,change_info_3,change_type,sudden
log_97_1692952631.xes.gz,drift_2,change_info_3,change_trace_index,[5395]
log_97_1692952631.xes.gz,drift_2,change_info_3,process_tree_before,"->( ->( 'a', +( 'c', ->( *( 'd', 'e' ), 'f' ) ) ), 'b' )"
log_97_1692952631.xes.gz,drift_2,change_info_3,process_tree_after,"->( ->( 'a', +( 'c', ->( *( 'd', 'e', 'Random activity 1' ), 'f' ) ) ), 'b' )"
log_97_1692952631.xes.gz,drift_2,change_info_3,activities_deleted,[]
log_97_1692952631.xes.gz,drift_2,change_info_3,activities_added,[Random activity 1]
log_97_1692952631.xes.gz,drift_2,change_info_3,activities_moved,[]
log_97_1692952631.xes.gz,drift_2,change_info_3,change_start,2026-11-24 23:52:20.370919
log_97_1692952631.xes.gz,drift_2,change_info_3,change_end,2026-11-24 23:52:20.370919
log_97_1692952631.xes.gz,drift_3,log_id,1,log_97_1692952631.xes.gz
log_97_1692952631.xes.gz,drift_3,drift_id,1,3
log_97_1692952631.xes.gz,drift_3,process_perspective,1,control-flow
log_97_1692952631.xes.gz,drift_3,process_complexity,1,simple
log_97_1692952631.xes.gz,drift_3,drift_type,1,gradual
log_97_1692952631.xes.gz,drift_3,process_trees_1,0,"->( ->( 'a', +( 'c', ->( *( 'd', 'e' ), 'f' ) ) ), 'b' )"
log_97_1692952631.xes.gz,drift_3,process_trees_2,1,"->( ->( 'a', +( 'c', ->( *( 'd', *tau* ), 'f' ) ) ), 'b' )"
log_97_1692952631.xes.gz,drift_3,change_info_1,change_type,gradual
log_97_1692952631.xes.gz,drift_3,change_info_1,change_trace_index,"[6560, 7200]"
log_97_1692952631.xes.gz,drift_3,change_info_1,process_tree_before,"->( ->( 'a', +( 'c', ->( *( 'd', 'e' ), 'f' ) ) ), 'b' )"
log_97_1692952631.xes.gz,drift_3,change_info_1,process_tree_after,"->( ->( 'a', +( 'c', ->( *( 'd', *tau* ), 'f' ) ) ), 'b' )"
log_97_1692952631.xes.gz,drift_3,change_info_1,activities_deleted,[e]
log_97_1692952631.xes.gz,drift_3,change_info_1,activities_added,[]
log_97_1692952631.xes.gz,drift_3,change_info_1,activities_moved,[]
log_97_1692952631.xes.gz,drift_3,change_info_1,change_start,2028-06-26 11:13:57.365376
log_97_1692952631.xes.gz,drift_3,change_info_1,change_end,2029-04-30 17:37:48.365325
log_98_1692952636.xes.gz,drift_1,log_id,1,log_98_1692952636.xes.gz
log_98_1692952636.xes.gz,drift_1,drift_id,1,1
log_98_1692952636.xes.gz,drift_1,process_perspective,1,control-flow
log_98_1692952636.xes.gz,drift_1,process_complexity,1,simple
log_98_1692952636.xes.gz,drift_1,drift_type,1,recurring
log_98_1692952636.xes.gz,drift_1,process_trees_1,0,"->( X( 'a', 'c' ), ->( *( ->( ->( 'b', 'g' ), 'f' ), 'd' ), 'e' ) )"
log_98_1692952636.xes.gz,drift_1,process_trees_2,1,"->( X( 'a', 'c', 'Random activity 1' ), ->( *( ->( ->( 'b', 'g' ), *tau* ), 'd' ), 'e' ) )"
log_98_1692952636.xes.gz,drift_1,process_trees_3,2,"->( X( 'a', 'c' ), ->( *( ->( ->( 'b', 'g' ), 'f' ), 'd' ), 'e' ) )"
log_98_1692952636.xes.gz,drift_1,process_trees_4,3,"->( X( 'a', 'c', 'Random activity 1' ), ->( *( ->( ->( 'b', 'g' ), *tau* ), 'd' ), 'e' ) )"
log_98_1692952636.xes.gz,drift_1,change_info_1,change_type,gradual
log_98_1692952636.xes.gz,drift_1,change_info_1,change_trace_index,"[1161, 2070]"
log_98_1692952636.xes.gz,drift_1,change_info_1,process_tree_before,"->( X( 'a', 'c' ), ->( *( ->( ->( 'b', 'g' ), 'f' ), 'd' ), 'e' ) )"
log_98_1692952636.xes.gz,drift_1,change_info_1,process_tree_after,"->( X( 'a', 'c', 'Random activity 1' ), ->( *( ->( ->( 'b', 'g' ), *tau* ), 'd' ), 'e' ) )"
log_98_1692952636.xes.gz,drift_1,change_info_1,activities_deleted,[f]
log_98_1692952636.xes.gz,drift_1,change_info_1,activities_added,[Random activity 1]
log_98_1692952636.xes.gz,drift_1,change_info_1,activities_moved,[]
log_98_1692952636.xes.gz,drift_1,change_info_1,change_start,2021-06-08 01:12:51.401238
log_98_1692952636.xes.gz,drift_1,change_info_1,change_end,2022-07-24 01:48:55.786618
log_98_1692952636.xes.gz,drift_1,change_info_2,change_type,sudden
log_98_1692952636.xes.gz,drift_1,change_info_2,change_trace_index,[3547]
log_98_1692952636.xes.gz,drift_1,change_info_2,process_tree_before,"->( X( 'a', 'c', 'Random activity 1' ), ->( *( ->( ->( 'b', 'g' ), *tau* ), 'd' ), 'e' ) )"
log_98_1692952636.xes.gz,drift_1,change_info_2,process_tree_after,"->( X( 'a', 'c' ), ->( *( ->( ->( 'b', 'g' ), 'f' ), 'd' ), 'e' ) )"
log_98_1692952636.xes.gz,drift_1,change_info_2,activities_deleted,[Random activity 1]
log_98_1692952636.xes.gz,drift_1,change_info_2,activities_added,[f]
log_98_1692952636.xes.gz,drift_1,change_info_2,activities_moved,[]
log_98_1692952636.xes.gz,drift_1,change_info_2,change_start,2024-05-30 12:01:13.998351
log_98_1692952636.xes.gz,drift_1,change_info_2,change_end,2024-05-30 12:01:13.998351
log_98_1692952636.xes.gz,drift_1,change_info_3,change_type,gradual
log_98_1692952636.xes.gz,drift_1,change_info_3,change_trace_index,"[4627, 5403]"
log_98_1692952636.xes.gz,drift_1,change_info_3,process_tree_before,"->( X( 'a', 'c' ), ->( *( ->( ->( 'b', 'g' ), 'f' ), 'd' ), 'e' ) )"
log_98_1692952636.xes.gz,drift_1,change_info_3,process_tree_after,"->( X( 'a', 'c', 'Random activity 1' ), ->( *( ->( ->( 'b', 'g' ), *tau* ), 'd' ), 'e' ) )"
log_98_1692952636.xes.gz,drift_1,change_info_3,activities_deleted,[f]
log_98_1692952636.xes.gz,drift_1,change_info_3,activities_added,[Random activity 1]
log_98_1692952636.xes.gz,drift_1,change_info_3,activities_moved,[]
log_98_1692952636.xes.gz,drift_1,change_info_3,change_start,2025-10-22 02:19:02.704180
log_98_1692952636.xes.gz,drift_1,change_info_3,change_end,2026-10-22 04:21:21.388940
log_98_1692952636.xes.gz,drift_2,log_id,1,log_98_1692952636.xes.gz
log_98_1692952636.xes.gz,drift_2,drift_id,1,2
log_98_1692952636.xes.gz,drift_2,process_perspective,1,control-flow
log_98_1692952636.xes.gz,drift_2,process_complexity,1,simple
log_98_1692952636.xes.gz,drift_2,drift_type,1,gradual
log_98_1692952636.xes.gz,drift_2,process_trees_1,0,"->( X( 'a', 'c' ), ->( *( ->( ->( 'b', 'g' ), 'f' ), 'd' ), 'e' ) )"
log_98_1692952636.xes.gz,drift_2,process_trees_2,1,"->( *tau*, ->( *( ->( ->( 'b', 'g' ), *tau*, X( 'a', 'c' ) ), 'd' ), 'e' ) )"
log_98_1692952636.xes.gz,drift_2,change_info_1,change_type,gradual
log_98_1692952636.xes.gz,drift_2,change_info_1,change_trace_index,"[6514, 7405]"
log_98_1692952636.xes.gz,drift_2,change_info_1,process_tree_before,"->( X( 'a', 'c' ), ->( *( ->( ->( 'b', 'g' ), 'f' ), 'd' ), 'e' ) )"
log_98_1692952636.xes.gz,drift_2,change_info_1,process_tree_after,"->( *tau*, ->( *( ->( ->( 'b', 'g' ), *tau*, X( 'a', 'c' ) ), 'd' ), 'e' ) )"
log_98_1692952636.xes.gz,drift_2,change_info_1,activities_deleted,[f]
log_98_1692952636.xes.gz,drift_2,change_info_1,activities_added,[]
log_98_1692952636.xes.gz,drift_2,change_info_1,activities_moved,"[a, c]"
log_98_1692952636.xes.gz,drift_2,change_info_1,change_start,2028-03-23 11:52:46.327025
log_98_1692952636.xes.gz,drift_2,change_info_1,change_end,2029-05-17 21:10:59.991060
log_98_1692952636.xes.gz,drift_3,log_id,1,log_98_1692952636.xes.gz
log_98_1692952636.xes.gz,drift_3,drift_id,1,3
log_98_1692952636.xes.gz,drift_3,process_perspective,1,control-flow
log_98_1692952636.xes.gz,drift_3,process_complexity,1,simple
log_98_1692952636.xes.gz,drift_3,drift_type,1,gradual
log_98_1692952636.xes.gz,drift_3,process_trees_1,0,"->( X( 'a', 'c' ), ->( *( ->( ->( 'b', 'g' ), 'f' ), 'd' ), 'e' ) )"
log_98_1692952636.xes.gz,drift_3,process_trees_2,1,"->( X( 'a', 'c' ), ->( *( ->( ->( 'b', 'g' ), 'f' ), 'd' ), 'e', 'Random activity 1' ) )"
log_98_1692952636.xes.gz,drift_3,change_info_1,change_type,gradual
log_98_1692952636.xes.gz,drift_3,change_info_1,change_trace_index,"[8737, 9638]"
log_98_1692952636.xes.gz,drift_3,change_info_1,process_tree_before,"->( X( 'a', 'c' ), ->( *( ->( ->( 'b', 'g' ), 'f' ), 'd' ), 'e' ) )"
log_98_1692952636.xes.gz,drift_3,change_info_1,process_tree_after,"->( X( 'a', 'c' ), ->( *( ->( ->( 'b', 'g' ), 'f' ), 'd' ), 'e', 'Random activity 1' ) )"
log_98_1692952636.xes.gz,drift_3,change_info_1,activities_deleted,[]
log_98_1692952636.xes.gz,drift_3,change_info_1,activities_added,[Random activity 1]
log_98_1692952636.xes.gz,drift_3,change_info_1,activities_moved,[]
log_98_1692952636.xes.gz,drift_3,change_info_1,change_start,2031-02-04 12:31:53.292469
log_98_1692952636.xes.gz,drift_3,change_info_1,change_end,2032-04-07 16:30:43.981708
log_99_1692952644.xes.gz,drift_1,log_id,1,log_99_1692952644.xes.gz
log_99_1692952644.xes.gz,drift_1,drift_id,1,1
log_99_1692952644.xes.gz,drift_1,process_perspective,1,control-flow
log_99_1692952644.xes.gz,drift_1,process_complexity,1,simple
log_99_1692952644.xes.gz,drift_1,drift_type,1,sudden
log_99_1692952644.xes.gz,drift_1,process_trees_1,0,"+( 'a', ->( 'b', ->( *( 'c', 'd' ), ->( 'e', 'f' ) ) ) )"
log_99_1692952644.xes.gz,drift_1,process_trees_2,1,"+( 'a', ->( 'b', ->( *( 'c', *tau* ), ->( 'e', 'f' ) ), 'Random activity 1' ) )"
log_99_1692952644.xes.gz,drift_1,change_info_1,change_type,sudden
log_99_1692952644.xes.gz,drift_1,change_info_1,change_trace_index,[1091]
log_99_1692952644.xes.gz,drift_1,change_info_1,process_tree_before,"+( 'a', ->( 'b', ->( *( 'c', 'd' ), ->( 'e', 'f' ) ) ) )"
log_99_1692952644.xes.gz,drift_1,change_info_1,process_tree_after,"+( 'a', ->( 'b', ->( *( 'c', *tau* ), ->( 'e', 'f' ) ), 'Random activity 1' ) )"
log_99_1692952644.xes.gz,drift_1,change_info_1,activities_deleted,[d]
log_99_1692952644.xes.gz,drift_1,change_info_1,activities_added,[Random activity 1]
log_99_1692952644.xes.gz,drift_1,change_info_1,activities_moved,[]
log_99_1692952644.xes.gz,drift_1,change_info_1,change_start,2021-05-24 04:50:00.620840
log_99_1692952644.xes.gz,drift_1,change_info_1,change_end,2021-05-24 04:50:00.620840
log_99_1692952644.xes.gz,drift_2,log_id,1,log_99_1692952644.xes.gz
log_99_1692952644.xes.gz,drift_2,drift_id,1,2
log_99_1692952644.xes.gz,drift_2,process_perspective,1,control-flow
log_99_1692952644.xes.gz,drift_2,process_complexity,1,simple
log_99_1692952644.xes.gz,drift_2,drift_type,1,recurring
log_99_1692952644.xes.gz,drift_2,process_trees_1,0,"+( 'a', ->( 'b', ->( *( 'c', 'd' ), ->( 'e', 'f' ) ) ) )"
log_99_1692952644.xes.gz,drift_2,process_trees_2,1,"+( 'a', ->( 'b', ->( *( 'c', 'd' ), ->( 'e', 'f' ), 'Random activity 1' ) ) )"
log_99_1692952644.xes.gz,drift_2,process_trees_3,2,"+( 'a', ->( 'b', ->( *( 'c', 'd' ), ->( 'e', 'f' ) ) ) )"
log_99_1692952644.xes.gz,drift_2,process_trees_4,3,"+( 'a', ->( 'b', ->( *( 'c', 'd' ), ->( 'e', 'f' ), 'Random activity 1' ) ) )"
log_99_1692952644.xes.gz,drift_2,change_info_1,change_type,gradual
log_99_1692952644.xes.gz,drift_2,change_info_1,change_trace_index,"[2218, 3016]"
log_99_1692952644.xes.gz,drift_2,change_info_1,process_tree_before,"+( 'a', ->( 'b', ->( *( 'c', 'd' ), ->( 'e', 'f' ) ) ) )"
log_99_1692952644.xes.gz,drift_2,change_info_1,process_tree_after,"+( 'a', ->( 'b', ->( *( 'c', 'd' ), ->( 'e', 'f' ), 'Random activity 1' ) ) )"
log_99_1692952644.xes.gz,drift_2,change_info_1,activities_deleted,[]
log_99_1692952644.xes.gz,drift_2,change_info_1,activities_added,[Random activity 1]
log_99_1692952644.xes.gz,drift_2,change_info_1,activities_moved,[]
log_99_1692952644.xes.gz,drift_2,change_info_1,change_start,2022-11-14 17:04:37.219574
log_99_1692952644.xes.gz,drift_2,change_info_1,change_end,2023-12-08 06:10:50.181998
log_99_1692952644.xes.gz,drift_2,change_info_2,change_type,gradual
log_99_1692952644.xes.gz,drift_2,change_info_2,change_trace_index,"[4029, 4956]"
log_99_1692952644.xes.gz,drift_2,change_info_2,process_tree_before,"+( 'a', ->( 'b', ->( *( 'c', 'd' ), ->( 'e', 'f' ), 'Random activity 1' ) ) )"
log_99_1692952644.xes.gz,drift_2,change_info_2,process_tree_after,"+( 'a', ->( 'b', ->( *( 'c', 'd' ), ->( 'e', 'f' ) ) ) )"
log_99_1692952644.xes.gz,drift_2,change_info_2,activities_deleted,[Random activity 1]
log_99_1692952644.xes.gz,drift_2,change_info_2,activities_added,[]
log_99_1692952644.xes.gz,drift_2,change_info_2,activities_moved,[]
log_99_1692952644.xes.gz,drift_2,change_info_2,change_start,2025-03-20 01:34:39.030715
log_99_1692952644.xes.gz,drift_2,change_info_2,change_end,2026-05-14 03:59:32.025440
log_99_1692952644.xes.gz,drift_2,change_info_3,change_type,gradual
log_99_1692952644.xes.gz,drift_2,change_info_3,change_trace_index,"[6397, 7026]"
log_99_1692952644.xes.gz,drift_2,change_info_3,process_tree_before,"+( 'a', ->( 'b', ->( *( 'c', 'd' ), ->( 'e', 'f' ) ) ) )"
log_99_1692952644.xes.gz,drift_2,change_info_3,process_tree_after,"+( 'a', ->( 'b', ->( *( 'c', 'd' ), ->( 'e', 'f' ), 'Random activity 1' ) ) )"
log_99_1692952644.xes.gz,drift_2,change_info_3,activities_deleted,[]
log_99_1692952644.xes.gz,drift_2,change_info_3,activities_added,[Random activity 1]
log_99_1692952644.xes.gz,drift_2,change_info_3,activities_moved,[]
log_99_1692952644.xes.gz,drift_2,change_info_3,change_start,2028-03-11 21:43:46.352413
log_99_1692952644.xes.gz,drift_2,change_info_3,change_end,2029-01-15 05:28:48.672731
log_100_1692952649.xes.gz,drift_1,log_id,1,log_100_1692952649.xes.gz
log_100_1692952649.xes.gz,drift_1,drift_id,1,1
log_100_1692952649.xes.gz,drift_1,process_perspective,1,control-flow
log_100_1692952649.xes.gz,drift_1,process_complexity,1,complex
log_100_1692952649.xes.gz,drift_1,drift_type,1,gradual
log_100_1692952649.xes.gz,drift_1,process_trees_1,0,"X( ->( ->( *( 'a', 'g' ), 'h' ), 'e' ), ->( *( 'b', +( ->( *( 'c', 'k' ), +( 'l', 's' ) ), 'f' ) ), ->( *( ->( *( 'd', 'm' ), 'n' ), ->( 'i', 'r' ) ), ->( *( ->( 'j', 'q' ), 'o' ), 'p' ) ) ) )"
log_100_1692952649.xes.gz,drift_1,process_trees_2,1,"X( ->( ->( *( 'a', 'g' ), 'h' ), 'e' ), ->( *( 'b', +( ->( *tau*, +( 'l', 's' ) ), 'f' ) ), ->( *( ->( *( 'd', 'm' ), 'n' ), ->( 'i', 'r' ) ), ->( *( ->( 'j', 'q' ), 'o' ), 'p' ) ) ) )"
log_100_1692952649.xes.gz,drift_1,change_info_1,change_type,gradual
log_100_1692952649.xes.gz,drift_1,change_info_1,change_trace_index,"[1399, 2176]"
log_100_1692952649.xes.gz,drift_1,change_info_1,process_tree_before,"X( ->( ->( *( 'a', 'g' ), 'h' ), 'e' ), ->( *( 'b', +( ->( *( 'c', 'k' ), +( 'l', 's' ) ), 'f' ) ), ->( *( ->( *( 'd', 'm' ), 'n' ), ->( 'i', 'r' ) ), ->( *( ->( 'j', 'q' ), 'o' ), 'p' ) ) ) )"
log_100_1692952649.xes.gz,drift_1,change_info_1,process_tree_after,"X( ->( ->( *( 'a', 'g' ), 'h' ), 'e' ), ->( *( 'b', +( ->( *tau*, +( 'l', 's' ) ), 'f' ) ), ->( *( ->( *( 'd', 'm' ), 'n' ), ->( 'i', 'r' ) ), ->( *( ->( 'j', 'q' ), 'o' ), 'p' ) ) ) )"
log_100_1692952649.xes.gz,drift_1,change_info_1,activities_deleted,"[c, k]"
log_100_1692952649.xes.gz,drift_1,change_info_1,activities_added,[]
log_100_1692952649.xes.gz,drift_1,change_info_1,activities_moved,[]
log_100_1692952649.xes.gz,drift_1,change_info_1,change_start,2021-10-10 08:13:30.643500
log_100_1692952649.xes.gz,drift_1,change_info_1,change_end,2022-10-10 18:56:53.183637
