Change Magnitude,,0.3,0.3,0.3,0.3,0.3,0.3,0.3,0.3,0.3,0.3,0.3,0.3,0.3,0.3,0.3,0.3,0.3,0.3,0.3,0.3,0.3,0.3,0.3,0.3,0.3,0.3,0.3,0.3,0.3,0.3,0.3,0.3,0.3,0.3,0.3,0.3,0.3,0.3,0.3,0.3,0.3,0.3,0.3,0.3,0.3,0.3,0.3,0.3,0.3,0.3,0.3,0.3,0.3,0.3,0.3,0.3,0.3,0.3,0.3,0.3,0.3,0.3,0.3,0.3,0.3,0.3,0.3,0.3,0.3,0.3,0.3,0.3,0.3,0.3,0.3,0.3,0.3,0.3,0.3,0.3,0.3,0.3,0.3,0.3,0.3,0.3,0.3,0.3,0.3,0.3,0.3,0.3,0.3,0.3,0.3,0.3,0.3,0.3,0.3,0.3,0.3,0.3,0.3,0.3,0.3,0.3,0.3,0.3,0.3,0.3,0.3,0.3,0.3,0.3,0.3,0.3,0.3,0.3,0.3,0.3,0.3,0.3,0.3,0.3,0.3,0.3,0.3,0.3,0.3,0.3,0.3,0.3,0.3,0.3,0.3,0.3,0.3,0.3,0.3,0.3,0.3,0.3,0.3,0.3,0.3,0.3,0.3,0.3,0.3,0.3,0.3,0.3,0.3,0.3,0.3,0.3,0.3,0.3,0.3,0.3,0.3,0.3,0.3,0.3,0.3,0.3,0.3,0.3,0.3,0.3,0.3,0.3,0.3,0.3,0.3,0.3,0.3,0.3,0.3,0.3,0.3,0.3,0.3,0.3,0.3,0.3,0.3,0.3,0.3,0.3,0.3,0.3,0.3,0.3,0.3,0.3,0.3,0.3,0.3,0.3,0.3,0.3,0.3,0.3,0.3,0.3,0.3,0.3,0.3,0.3,0.3,0.3,0.3,0.3,0.3,0.3,0.1,0.1,0.1,0.1,0.1,0.1,0.1,0.1,0.1,0.1,0.1,0.1,0.1,0.1,0.1,0.1,0.1,0.1,0.1,0.1,0.1,0.1,0.1,0.1,0.1,0.1,0.1,0.1,0.1,0.1,0.1,0.1,0.1,0.1,0.1,0.1,0.1,0.1,0.1,0.1,0.1,0.1,0.1,0.1,0.1,0.1,0.1,0.1,0.1,0.1,0.1,0.1,0.1,0.1,0.1,0.1,0.1,0.1,0.1,0.1,0.1,0.1,0.1,0.1,0.1,0.1,0.1,0.1,0.1,0.1,0.1,0.1,0.1,0.1,0.1,0.1,0.1,0.1,0.1,0.1,0.1,0.1,0.1,0.1,0.1,0.1,0.1,0.1,0.1,0.1,0.1,0.1,0.1,0.1,0.1,0.1,0.1,0.1,0.1,0.1,0.1,0.1,0.1,0.1,0.1,0.1,0.1,0.1,0.1,0.1,0.1,0.1,0.1,0.1,0.1,0.1,0.1,0.1,0.1,0.1,0.1,0.1,0.1,0.1,0.1,0.1,0.1,0.1,0.1,0.1,0.1,0.1,0.1,0.1,0.1,0.1,0.1,0.1,0.1,0.1,0.1,0.1,0.1,0.1,0.1,0.1,0.1,0.1,0.1,0.1,0.1,0.1,0.1,0.1,0.1,0.1,0.1,0.1,0.1,0.1,0.1,0.1,0.1,0.1,0.1,0.1,0.1,0.1,0.1,0.1,0.1,0.1,0.1,0.1,0.1,0.1,0.1,0.1,0.1,0.1,0.1,0.1,0.1,0.1,0.1,0.1,0.1,0.1,0.1,0.1,0.1,0.1,0.1,0.1,0.1,0.1,0.1,0.1,0.1,0.1,0.1,0.1,0.1,0.1,0.1,0.1,0.1,0.1,0.1,0.1,0.1,0.1,0.1,0.1,0.1,0.1,0.2,0.2,0.2,0.2,0.2,0.2,0.2,0.2,0.2,0.2,0.2,0.2,0.2,0.2,0.2,0.2,0.2,0.2,0.2,0.2,0.2,0.2,0.2,0.2,0.2,0.2,0.2,0.2,0.2,0.2,0.2,0.2,0.2,0.2,0.2,0.2,0.2,0.2,0.2,0.2,0.2,0.2,0.2,0.2,0.2,0.2,0.2,0.2,0.2,0.2,0.2,0.2,0.2,0.2,0.2,0.2,0.2,0.2,0.2,0.2,0.2,0.2,0.2,0.2,0.2,0.2,0.2,0.2,0.2,0.2,0.2,0.2,0.2,0.2,0.2,0.2,0.2,0.2,0.2,0.2,0.2,0.2,0.2,0.2,0.2,0.2,0.2,0.2,0.2,0.2,0.2,0.2,0.2,0.2,0.2,0.2,0.2,0.2,0.2,0.2,0.2,0.2,0.2,0.2,0.2,0.2,0.2,0.2,0.2,0.2,0.2,0.2,0.2,0.2,0.2,0.2,0.2,0.2,0.2,0.2,0.2,0.2,0.2,0.2,0.2,0.2,0.2,0.2,0.2,0.2,0.2,0.2,0.2,0.2,0.2,0.2,0.2,0.2,0.2,0.2,0.2,0.2,0.2,0.2,0.2,0.2,0.2,0.2,0.2,0.2,0.2,0.2,0.2,0.2,0.2,0.2,0.2,0.2,0.2,0.2,0.2,0.2,0.2,0.2,0.2,0.2,0.2,0.2,0.2,0.2,0.2,0.2,0.2,0.2,0.2,0.2,0.2,0.2,0.2,0.2,0.2,0.2,0.2,0.2,0.2,0.2,0.2,0.2,0.2,0.2,0.2,0.2,0.2,0.2,0.2,0.2,0.2,0.2,0.2,0.2,0.2,0.2,0.2,0.2,0.2,0.2,0.2,0.2,0.2,0.2,0.2,0.2,0.2,0.2,0.2,0.2
Edit Operations,,deletion,deletion,deletion,deletion,deletion,deletion,deletion,deletion,deletion,deletion,deletion,deletion,deletion,deletion,deletion,deletion,deletion,deletion,deletion,deletion,deletion,deletion,deletion,deletion,deletion,deletion,deletion,deletion,deletion,deletion,deletion,deletion,deletion,deletion,deletion,deletion,insertion,insertion,insertion,insertion,insertion,insertion,insertion,insertion,insertion,insertion,insertion,insertion,insertion,insertion,insertion,insertion,insertion,insertion,insertion,insertion,insertion,insertion,insertion,insertion,insertion,insertion,insertion,insertion,insertion,insertion,insertion,insertion,insertion,insertion,insertion,insertion,activity_replacement,activity_replacement,activity_replacement,activity_replacement,activity_replacement,activity_replacement,activity_replacement,activity_replacement,activity_replacement,activity_replacement,activity_replacement,activity_replacement,activity_replacement,activity_replacement,activity_replacement,activity_replacement,activity_replacement,activity_replacement,activity_replacement,activity_replacement,activity_replacement,activity_replacement,activity_replacement,activity_replacement,activity_replacement,activity_replacement,activity_replacement,activity_replacement,activity_replacement,activity_replacement,activity_replacement,activity_replacement,activity_replacement,activity_replacement,activity_replacement,activity_replacement,resequentialization,resequentialization,resequentialization,resequentialization,resequentialization,resequentialization,resequentialization,resequentialization,resequentialization,resequentialization,resequentialization,resequentialization,resequentialization,resequentialization,resequentialization,resequentialization,resequentialization,resequentialization,resequentialization,resequentialization,resequentialization,resequentialization,resequentialization,resequentialization,resequentialization,resequentialization,resequentialization,resequentialization,resequentialization,resequentialization,resequentialization,resequentialization,resequentialization,resequentialization,resequentialization,resequentialization,operator_replacement,operator_replacement,operator_replacement,operator_replacement,operator_replacement,operator_replacement,operator_replacement,operator_replacement,operator_replacement,operator_replacement,operator_replacement,operator_replacement,operator_replacement,operator_replacement,operator_replacement,operator_replacement,operator_replacement,operator_replacement,operator_replacement,operator_replacement,operator_replacement,operator_replacement,operator_replacement,operator_replacement,operator_replacement,operator_replacement,operator_replacement,operator_replacement,operator_replacement,operator_replacement,operator_replacement,operator_replacement,operator_replacement,operator_replacement,operator_replacement,operator_replacement,mixed,mixed,mixed,mixed,mixed,mixed,mixed,mixed,mixed,mixed,mixed,mixed,mixed,mixed,mixed,mixed,mixed,mixed,mixed,mixed,mixed,mixed,mixed,mixed,mixed,mixed,mixed,mixed,mixed,mixed,mixed,mixed,mixed,mixed,mixed,mixed,deletion,deletion,deletion,deletion,deletion,deletion,deletion,deletion,deletion,deletion,deletion,deletion,deletion,deletion,deletion,deletion,deletion,deletion,deletion,deletion,deletion,deletion,deletion,deletion,deletion,deletion,deletion,deletion,deletion,deletion,deletion,deletion,deletion,deletion,deletion,deletion,insertion,insertion,insertion,insertion,insertion,insertion,insertion,insertion,insertion,insertion,insertion,insertion,insertion,insertion,insertion,insertion,insertion,insertion,insertion,insertion,insertion,insertion,insertion,insertion,insertion,insertion,insertion,insertion,insertion,insertion,insertion,insertion,insertion,insertion,insertion,insertion,activity_replacement,activity_replacement,activity_replacement,activity_replacement,activity_replacement,activity_replacement,activity_replacement,activity_replacement,activity_replacement,activity_replacement,activity_replacement,activity_replacement,activity_replacement,activity_replacement,activity_replacement,activity_replacement,activity_replacement,activity_replacement,activity_replacement,activity_replacement,activity_replacement,activity_replacement,activity_replacement,activity_replacement,activity_replacement,activity_replacement,activity_replacement,activity_replacement,activity_replacement,activity_replacement,activity_replacement,activity_replacement,activity_replacement,activity_replacement,activity_replacement,activity_replacement,resequentialization,resequentialization,resequentialization,resequentialization,resequentialization,resequentialization,resequentialization,resequentialization,resequentialization,resequentialization,resequentialization,resequentialization,resequentialization,resequentialization,resequentialization,resequentialization,resequentialization,resequentialization,resequentialization,resequentialization,resequentialization,resequentialization,resequentialization,resequentialization,resequentialization,resequentialization,resequentialization,resequentialization,resequentialization,resequentialization,resequentialization,resequentialization,resequentialization,resequentialization,resequentialization,resequentialization,operator_replacement,operator_replacement,operator_replacement,operator_replacement,operator_replacement,operator_replacement,operator_replacement,operator_replacement,operator_replacement,operator_replacement,operator_replacement,operator_replacement,operator_replacement,operator_replacement,operator_replacement,operator_replacement,operator_replacement,operator_replacement,operator_replacement,operator_replacement,operator_replacement,operator_replacement,operator_replacement,operator_replacement,operator_replacement,operator_replacement,operator_replacement,operator_replacement,operator_replacement,operator_replacement,operator_replacement,operator_replacement,operator_replacement,operator_replacement,operator_replacement,operator_replacement,mixed,mixed,mixed,mixed,mixed,mixed,mixed,mixed,mixed,mixed,mixed,mixed,mixed,mixed,mixed,mixed,mixed,mixed,mixed,mixed,mixed,mixed,mixed,mixed,mixed,mixed,mixed,mixed,mixed,mixed,mixed,mixed,mixed,mixed,mixed,mixed,deletion,deletion,deletion,deletion,deletion,deletion,deletion,deletion,deletion,deletion,deletion,deletion,deletion,deletion,deletion,deletion,deletion,deletion,deletion,deletion,deletion,deletion,deletion,deletion,deletion,deletion,deletion,deletion,deletion,deletion,deletion,deletion,deletion,deletion,deletion,deletion,insertion,insertion,insertion,insertion,insertion,insertion,insertion,insertion,insertion,insertion,insertion,insertion,insertion,insertion,insertion,insertion,insertion,insertion,insertion,insertion,insertion,insertion,insertion,insertion,insertion,insertion,insertion,insertion,insertion,insertion,insertion,insertion,insertion,insertion,insertion,insertion,activity_replacement,activity_replacement,activity_replacement,activity_replacement,activity_replacement,activity_replacement,activity_replacement,activity_replacement,activity_replacement,activity_replacement,activity_replacement,activity_replacement,activity_replacement,activity_replacement,activity_replacement,activity_replacement,activity_replacement,activity_replacement,activity_replacement,activity_replacement,activity_replacement,activity_replacement,activity_replacement,activity_replacement,activity_replacement,activity_replacement,activity_replacement,activity_replacement,activity_replacement,activity_replacement,activity_replacement,activity_replacement,activity_replacement,activity_replacement,activity_replacement,activity_replacement,resequentialization,resequentialization,resequentialization,resequentialization,resequentialization,resequentialization,resequentialization,resequentialization,resequentialization,resequentialization,resequentialization,resequentialization,resequentialization,resequentialization,resequentialization,resequentialization,resequentialization,resequentialization,resequentialization,resequentialization,resequentialization,resequentialization,resequentialization,resequentialization,resequentialization,resequentialization,resequentialization,resequentialization,resequentialization,resequentialization,resequentialization,resequentialization,resequentialization,resequentialization,resequentialization,resequentialization,operator_replacement,operator_replacement,operator_replacement,operator_replacement,operator_replacement,operator_replacement,operator_replacement,operator_replacement,operator_replacement,operator_replacement,operator_replacement,operator_replacement,operator_replacement,operator_replacement,operator_replacement,operator_replacement,operator_replacement,operator_replacement,operator_replacement,operator_replacement,operator_replacement,operator_replacement,operator_replacement,operator_replacement,operator_replacement,operator_replacement,operator_replacement,operator_replacement,operator_replacement,operator_replacement,operator_replacement,operator_replacement,operator_replacement,operator_replacement,operator_replacement,operator_replacement,mixed,mixed,mixed,mixed,mixed,mixed,mixed,mixed,mixed,mixed,mixed,mixed,mixed,mixed,mixed,mixed,mixed,mixed,mixed,mixed,mixed,mixed,mixed,mixed,mixed,mixed,mixed,mixed,mixed,mixed,mixed,mixed,mixed,mixed,mixed,mixed
Model Complexity,,Simple,Simple,Simple,Simple,Simple,Simple,Simple,Simple,Simple,Simple,Simple,Simple,Middle,Middle,Middle,Middle,Middle,Middle,Middle,Middle,Middle,Middle,Middle,Middle,Complex,Complex,Complex,Complex,Complex,Complex,Complex,Complex,Complex,Complex,Complex,Complex,Simple,Simple,Simple,Simple,Simple,Simple,Simple,Simple,Simple,Simple,Simple,Simple,Middle,Middle,Middle,Middle,Middle,Middle,Middle,Middle,Middle,Middle,Middle,Middle,Complex,Complex,Complex,Complex,Complex,Complex,Complex,Complex,Complex,Complex,Complex,Complex,Simple,Simple,Simple,Simple,Simple,Simple,Simple,Simple,Simple,Simple,Simple,Simple,Middle,Middle,Middle,Middle,Middle,Middle,Middle,Middle,Middle,Middle,Middle,Middle,Complex,Complex,Complex,Complex,Complex,Complex,Complex,Complex,Complex,Complex,Complex,Complex,Simple,Simple,Simple,Simple,Simple,Simple,Simple,Simple,Simple,Simple,Simple,Simple,Middle,Middle,Middle,Middle,Middle,Middle,Middle,Middle,Middle,Middle,Middle,Middle,Complex,Complex,Complex,Complex,Complex,Complex,Complex,Complex,Complex,Complex,Complex,Complex,Simple,Simple,Simple,Simple,Simple,Simple,Simple,Simple,Simple,Simple,Simple,Simple,Middle,Middle,Middle,Middle,Middle,Middle,Middle,Middle,Middle,Middle,Middle,Middle,Complex,Complex,Complex,Complex,Complex,Complex,Complex,Complex,Complex,Complex,Complex,Complex,Simple,Simple,Simple,Simple,Simple,Simple,Simple,Simple,Simple,Simple,Simple,Simple,Middle,Middle,Middle,Middle,Middle,Middle,Middle,Middle,Middle,Middle,Middle,Middle,Complex,Complex,Complex,Complex,Complex,Complex,Complex,Complex,Complex,Complex,Complex,Complex,Simple,Simple,Simple,Simple,Simple,Simple,Simple,Simple,Simple,Simple,Simple,Simple,Middle,Middle,Middle,Middle,Middle,Middle,Middle,Middle,Middle,Middle,Middle,Middle,Complex,Complex,Complex,Complex,Complex,Complex,Complex,Complex,Complex,Complex,Complex,Complex,Simple,Simple,Simple,Simple,Simple,Simple,Simple,Simple,Simple,Simple,Simple,Simple,Middle,Middle,Middle,Middle,Middle,Middle,Middle,Middle,Middle,Middle,Middle,Middle,Complex,Complex,Complex,Complex,Complex,Complex,Complex,Complex,Complex,Complex,Complex,Complex,Simple,Simple,Simple,Simple,Simple,Simple,Simple,Simple,Simple,Simple,Simple,Simple,Middle,Middle,Middle,Middle,Middle,Middle,Middle,Middle,Middle,Middle,Middle,Middle,Complex,Complex,Complex,Complex,Complex,Complex,Complex,Complex,Complex,Complex,Complex,Complex,Simple,Simple,Simple,Simple,Simple,Simple,Simple,Simple,Simple,Simple,Simple,Simple,Middle,Middle,Middle,Middle,Middle,Middle,Middle,Middle,Middle,Middle,Middle,Middle,Complex,Complex,Complex,Complex,Complex,Complex,Complex,Complex,Complex,Complex,Complex,Complex,Simple,Simple,Simple,Simple,Simple,Simple,Simple,Simple,Simple,Simple,Simple,Simple,Middle,Middle,Middle,Middle,Middle,Middle,Middle,Middle,Middle,Middle,Middle,Middle,Complex,Complex,Complex,Complex,Complex,Complex,Complex,Complex,Complex,Complex,Complex,Complex,Simple,Simple,Simple,Simple,Simple,Simple,Simple,Simple,Simple,Simple,Simple,Simple,Middle,Middle,Middle,Middle,Middle,Middle,Middle,Middle,Middle,Middle,Middle,Middle,Complex,Complex,Complex,Complex,Complex,Complex,Complex,Complex,Complex,Complex,Complex,Complex,Simple,Simple,Simple,Simple,Simple,Simple,Simple,Simple,Simple,Simple,Simple,Simple,Middle,Middle,Middle,Middle,Middle,Middle,Middle,Middle,Middle,Middle,Middle,Middle,Complex,Complex,Complex,Complex,Complex,Complex,Complex,Complex,Complex,Complex,Complex,Complex,Simple,Simple,Simple,Simple,Simple,Simple,Simple,Simple,Simple,Simple,Simple,Simple,Middle,Middle,Middle,Middle,Middle,Middle,Middle,Middle,Middle,Middle,Middle,Middle,Complex,Complex,Complex,Complex,Complex,Complex,Complex,Complex,Complex,Complex,Complex,Complex,Simple,Simple,Simple,Simple,Simple,Simple,Simple,Simple,Simple,Simple,Simple,Simple,Middle,Middle,Middle,Middle,Middle,Middle,Middle,Middle,Middle,Middle,Middle,Middle,Complex,Complex,Complex,Complex,Complex,Complex,Complex,Complex,Complex,Complex,Complex,Complex,Simple,Simple,Simple,Simple,Simple,Simple,Simple,Simple,Simple,Simple,Simple,Simple,Middle,Middle,Middle,Middle,Middle,Middle,Middle,Middle,Middle,Middle,Middle,Middle,Complex,Complex,Complex,Complex,Complex,Complex,Complex,Complex,Complex,Complex,Complex,Complex,Simple,Simple,Simple,Simple,Simple,Simple,Simple,Simple,Simple,Simple,Simple,Simple,Middle,Middle,Middle,Middle,Middle,Middle,Middle,Middle,Middle,Middle,Middle,Middle,Complex,Complex,Complex,Complex,Complex,Complex,Complex,Complex,Complex,Complex,Complex,Complex,Simple,Simple,Simple,Simple,Simple,Simple,Simple,Simple,Simple,Simple,Simple,Simple,Middle,Middle,Middle,Middle,Middle,Middle,Middle,Middle,Middle,Middle,Middle,Middle,Complex,Complex,Complex,Complex,Complex,Complex,Complex,Complex,Complex,Complex,Complex,Complex
Noise Level,,None,None,None,None,Low,Low,Low,Low,High,High,High,High,None,None,None,None,Low,Low,Low,Low,High,High,High,High,None,None,None,None,Low,Low,Low,Low,High,High,High,High,None,None,None,None,Low,Low,Low,Low,High,High,High,High,None,None,None,None,Low,Low,Low,Low,High,High,High,High,None,None,None,None,Low,Low,Low,Low,High,High,High,High,None,None,None,None,Low,Low,Low,Low,High,High,High,High,None,None,None,None,Low,Low,Low,Low,High,High,High,High,None,None,None,None,Low,Low,Low,Low,High,High,High,High,None,None,None,None,Low,Low,Low,Low,High,High,High,High,None,None,None,None,Low,Low,Low,Low,High,High,High,High,None,None,None,None,Low,Low,Low,Low,High,High,High,High,None,None,None,None,Low,Low,Low,Low,High,High,High,High,None,None,None,None,Low,Low,Low,Low,High,High,High,High,None,None,None,None,Low,Low,Low,Low,High,High,High,High,None,None,None,None,Low,Low,Low,Low,High,High,High,High,None,None,None,None,Low,Low,Low,Low,High,High,High,High,None,None,None,None,Low,Low,Low,Low,High,High,High,High,None,None,None,None,Low,Low,Low,Low,High,High,High,High,None,None,None,None,Low,Low,Low,Low,High,High,High,High,None,None,None,None,Low,Low,Low,Low,High,High,High,High,None,None,None,None,Low,Low,Low,Low,High,High,High,High,None,None,None,None,Low,Low,Low,Low,High,High,High,High,None,None,None,None,Low,Low,Low,Low,High,High,High,High,None,None,None,None,Low,Low,Low,Low,High,High,High,High,None,None,None,None,Low,Low,Low,Low,High,High,High,High,None,None,None,None,Low,Low,Low,Low,High,High,High,High,None,None,None,None,Low,Low,Low,Low,High,High,High,High,None,None,None,None,Low,Low,Low,Low,High,High,High,High,None,None,None,None,Low,Low,Low,Low,High,High,High,High,None,None,None,None,Low,Low,Low,Low,High,High,High,High,None,None,None,None,Low,Low,Low,Low,High,High,High,High,None,None,None,None,Low,Low,Low,Low,High,High,High,High,None,None,None,None,Low,Low,Low,Low,High,High,High,High,None,None,None,None,Low,Low,Low,Low,High,High,High,High,None,None,None,None,Low,Low,Low,Low,High,High,High,High,None,None,None,None,Low,Low,Low,Low,High,High,High,High,None,None,None,None,Low,Low,Low,Low,High,High,High,High,None,None,None,None,Low,Low,Low,Low,High,High,High,High,None,None,None,None,Low,Low,Low,Low,High,High,High,High,None,None,None,None,Low,Low,Low,Low,High,High,High,High,None,None,None,None,Low,Low,Low,Low,High,High,High,High,None,None,None,None,Low,Low,Low,Low,High,High,High,High,None,None,None,None,Low,Low,Low,Low,High,High,High,High,None,None,None,None,Low,Low,Low,Low,High,High,High,High,None,None,None,None,Low,Low,Low,Low,High,High,High,High,None,None,None,None,Low,Low,Low,Low,High,High,High,High,None,None,None,None,Low,Low,Low,Low,High,High,High,High,None,None,None,None,Low,Low,Low,Low,High,High,High,High,None,None,None,None,Low,Low,Low,Low,High,High,High,High,None,None,None,None,Low,Low,Low,Low,High,High,High,High,None,None,None,None,Low,Low,Low,Low,High,High,High,High,None,None,None,None,Low,Low,Low,Low,High,High,High,High,None,None,None,None,Low,Low,Low,Low,High,High,High,High
Window Size,,50,100,150,200,50,100,150,200,50,100,150,200,50,100,150,200,50,100,150,200,50,100,150,200,50,100,150,200,50,100,150,200,50,100,150,200,50,100,150,200,50,100,150,200,50,100,150,200,50,100,150,200,50,100,150,200,50,100,150,200,50,100,150,200,50,100,150,200,50,100,150,200,50,100,150,200,50,100,150,200,50,100,150,200,50,100,150,200,50,100,150,200,50,100,150,200,50,100,150,200,50,100,150,200,50,100,150,200,50,100,150,200,50,100,150,200,50,100,150,200,50,100,150,200,50,100,150,200,50,100,150,200,50,100,150,200,50,100,150,200,50,100,150,200,50,100,150,200,50,100,150,200,50,100,150,200,50,100,150,200,50,100,150,200,50,100,150,200,50,100,150,200,50,100,150,200,50,100,150,200,50,100,150,200,50,100,150,200,50,100,150,200,50,100,150,200,50,100,150,200,50,100,150,200,50,100,150,200,50,100,150,200,50,100,150,200,50,100,150,200,50,100,150,200,50,100,150,200,50,100,150,200,50,100,150,200,50,100,150,200,50,100,150,200,50,100,150,200,50,100,150,200,50,100,150,200,50,100,150,200,50,100,150,200,50,100,150,200,50,100,150,200,50,100,150,200,50,100,150,200,50,100,150,200,50,100,150,200,50,100,150,200,50,100,150,200,50,100,150,200,50,100,150,200,50,100,150,200,50,100,150,200,50,100,150,200,50,100,150,200,50,100,150,200,50,100,150,200,50,100,150,200,50,100,150,200,50,100,150,200,50,100,150,200,50,100,150,200,50,100,150,200,50,100,150,200,50,100,150,200,50,100,150,200,50,100,150,200,50,100,150,200,50,100,150,200,50,100,150,200,50,100,150,200,50,100,150,200,50,100,150,200,50,100,150,200,50,100,150,200,50,100,150,200,50,100,150,200,50,100,150,200,50,100,150,200,50,100,150,200,50,100,150,200,50,100,150,200,50,100,150,200,50,100,150,200,50,100,150,200,50,100,150,200,50,100,150,200,50,100,150,200,50,100,150,200,50,100,150,200,50,100,150,200,50,100,150,200,50,100,150,200,50,100,150,200,50,100,150,200,50,100,150,200,50,100,150,200,50,100,150,200,50,100,150,200,50,100,150,200,50,100,150,200,50,100,150,200,50,100,150,200,50,100,150,200,50,100,150,200,50,100,150,200,50,100,150,200,50,100,150,200,50,100,150,200,50,100,150,200,50,100,150,200,50,100,150,200,50,100,150,200,50,100,150,200,50,100,150,200,50,100,150,200,50,100,150,200,50,100,150,200,50,100,150,200,50,100,150,200,50,100,150,200,50,100,150,200,50,100,150,200,50,100,150,200,50,100,150,200,50,100,150,200,50,100,150,200,50,100,150,200,50,100,150,200,50,100,150,200,50,100,150,200,50,100,150,200,50,100,150,200,50,100,150,200,50,100,150,200,50,100,150,200,50,100,150,200
Dimension,Metric,,,,,,,,,,,,,,,,,,,,,,,,,,,,,,,,,,,,,,,,,,,,,,,,,,,,,,,,,,,,,,,,,,,,,,,,,,,,,,,,,,,,,,,,,,,,,,,,,,,,,,,,,,,,,,,,,,,,,,,,,,,,,,,,,,,,,,,,,,,,,,,,,,,,,,,,,,,,,,,,,,,,,,,,,,,,,,,,,,,,,,,,,,,,,,,,,,,,,,,,,,,,,,,,,,,,,,,,,,,,,,,,,,,,,,,,,,,,,,,,,,,,,,,,,,,,,,,,,,,,,,,,,,,,,,,,,,,,,,,,,,,,,,,,,,,,,,,,,,,,,,,,,,,,,,,,,,,,,,,,,,,,,,,,,,,,,,,,,,,,,,,,,,,,,,,,,,,,,,,,,,,,,,,,,,,,,,,,,,,,,,,,,,,,,,,,,,,,,,,,,,,,,,,,,,,,,,,,,,,,,,,,,,,,,,,,,,,,,,,,,,,,,,,,,,,,,,,,,,,,,,,,,,,,,,,,,,,,,,,,,,,,,,,,,,,,,,,,,,,,,,,,,,,,,,,,,,,,,,,,,,,,,,,,,,,,,,,,,,,,,,,,,,,,,,,,,,,,,,,,,,,,,,,,,,,,,,,,,,,,,,,,,,,,,,,,,,,,,,,,,,,,,,,,,,,,,,,,,,,,,,,,,,,,,,,,,,,,,,,,,,,,,,,,
Size,Number of Events,50.0,100.0,150.0,200.0,49.5,99.0,149.0,199.0,49.0,99.0,148.0,198.0,69.5,151.5,232.0,318.25,70.75,149.0,227.75,325.0,71.5,153.75,234.25,320.0,100.25,220.5,356.0,489.5,101.0,220.25,354.25,498.5,100.5,207.0,347.75,477.25,50.0,100.0,150.0,200.0,49.75,99.0,149.0,199.0,49.0,98.0,148.0,198.0,38.75,73.75,109.75,175.0,37.5,74.0,110.5,172.0,40.75,73.25,118.5,148.75,41.0,83.5,116.0,161.5,40.0,80.0,113.75,163.5,43.0,77.25,117.75,167.75,0.0,0.0,0.0,0.0,0.0,0.0,0.0,0.0,0.0,0.0,0.0,0.0,2.5,6.5,7.75,11.5,2.5,7.0,8.0,11.5,3.5,6.5,7.5,11.25,6.0,11.25,10.75,12.0,7.0,10.0,11.25,14.0,5.5,9.5,15.75,18.0,0.0,0.0,0.0,0.0,0.0,0.0,0.0,0.0,0.0,0.0,0.0,0.0,7.5,15.75,20.0,24.0,6.75,19.0,22.5,22.0,7.25,16.5,15.0,23.25,6.0,11.25,20.75,32.0,8.75,13.75,19.75,34.0,5.75,12.25,18.25,32.0,37.0,80.5,126.5,174.0,36.5,79.75,126.25,174.5,36.0,80.0,125.25,174.25,25.5,59.0,84.5,118.75,25.0,57.75,89.0,115.75,26.0,56.0,81.5,118.75,31.25,48.75,63.75,115.75,28.0,47.75,65.75,115.25,29.0,48.0,72.75,114.5,50.0,100.0,150.0,200.0,49.0,99.0,149.0,198.0,49.0,98.0,148.0,198.0,33.75,62.25,102.25,132.75,32.5,61.0,100.5,124.25,33.25,56.5,96.75,124.0,31.75,63.5,89.25,129.0,34.75,61.5,90.0,134.75,29.5,56.0,82.5,124.5,50.0,100.0,150.0,200.0,49.0,99.0,148.75,198.25,49.0,98.5,148.0,198.0,23.0,43.25,66.5,104.5,23.0,41.75,63.75,103.0,20.0,48.0,63.75,107.25,22.75,37.25,50.25,64.25,22.25,32.0,53.5,57.5,22.5,36.75,60.75,69.25,50.0,100.0,150.0,200.0,49.0,99.0,149.0,198.25,49.0,98.0,148.0,197.5,14.0,29.75,42.25,49.75,14.25,30.0,41.5,47.75,13.0,30.75,42.5,52.0,17.25,44.5,63.0,98.0,17.25,39.5,57.75,92.75,17.0,39.0,55.5,80.75,0.0,0.0,0.0,0.0,0.0,0.0,0.0,0.0,0.0,0.0,0.0,0.0,3.0,6.25,7.25,11.5,3.25,7.0,8.5,12.75,3.5,7.0,7.0,12.0,6.0,11.25,8.25,13.25,6.5,11.5,12.0,11.5,6.25,13.0,10.25,12.5,0.0,0.0,0.0,0.0,0.0,0.0,0.0,0.0,0.0,0.0,0.0,0.0,9.5,18.25,15.25,21.0,6.5,15.0,17.0,20.5,9.75,18.0,18.25,22.0,10.5,14.0,28.5,36.5,11.0,14.5,28.5,36.5,10.0,15.0,31.25,38.75,37.0,80.5,126.5,174.0,36.5,79.75,126.25,174.5,36.0,80.0,125.25,174.25,21.75,41.5,60.5,86.5,23.0,43.25,68.75,88.0,22.75,42.0,69.25,88.25,20.25,40.5,61.25,67.5,19.75,40.5,57.25,72.75,19.25,40.5,58.75,71.5,50.0,100.0,150.0,200.0,49.0,99.0,149.0,198.0,49.0,98.0,148.0,198.0,16.0,33.25,47.75,64.75,15.75,32.5,46.0,62.75,15.25,32.5,49.25,66.25,20.0,36.25,66.25,81.5,20.75,34.5,66.25,77.0,22.5,35.75,62.0,76.0,50.0,100.0,150.0,200.0,49.0,99.0,148.75,198.25,49.0,98.5,148.0,198.0,35.75,82.0,123.5,173.5,36.0,80.75,127.0,173.5,36.5,84.75,125.25,172.25,58.75,117.75,192.0,271.0,60.75,117.75,192.0,276.5,58.0,118.25,197.5,271.25,50.0,100.0,150.0,200.0,49.0,99.0,149.0,198.25,49.0,98.0,148.0,197.5,34.75,58.75,97.75,122.5,33.5,55.25,106.0,127.25,33.5,63.0,94.75,127.25,35.5,65.75,103.5,157.75,39.0,69.5,110.0,160.0,39.75,66.25,101.0,148.5,0.0,0.0,0.0,0.0,0.0,0.0,0.0,0.0,0.0,0.0,0.0,0.0,2.75,4.0,7.0,10.5,2.75,7.5,8.5,12.25,3.5,5.75,6.0,10.25,6.25,11.5,12.0,17.25,5.75,9.25,12.25,17.5,6.75,12.25,14.5,19.0,0.0,0.0,0.0,0.0,0.0,0.0,0.0,0.0,0.0,0.0,0.0,0.0,13.75,21.25,23.25,23.0,8.75,22.5,21.75,23.5,10.0,18.25,19.25,24.25,14.0,22.75,34.75,57.5,11.25,23.25,33.5,54.25,13.25,22.5,35.25,51.25,37.0,80.5,126.5,174.0,36.5,79.75,126.25,174.5,36.0,80.0,125.25,174.25,21.25,41.5,60.5,86.5,23.75,45.0,68.75,88.0,23.75,43.0,69.25,88.25,21.25,42.75,63.5,81.0,20.25,40.75,61.75,73.25,20.25,39.25,66.0,81.5,50.0,100.0,150.0,200.0,49.0,99.0,149.0,198.0,49.0,98.25,148.0,198.0,21.75,39.25,44.75,71.25,22.25,38.25,53.0,75.75,17.75,36.75,47.5,66.75,16.0,28.5,40.5,64.5,15.75,29.0,34.75,59.0,16.0,26.75,38.25,57.5
Size,Number of Traces,0.0,0.0,0.0,0.0,0.0,0.0,0.0,0.0,0.0,0.0,0.0,0.0,0.0,0.0,0.0,0.0,0.0,0.0,0.0,0.0,0.0,0.0,0.0,0.0,0.0,0.0,0.0,0.0,0.0,0.0,0.0,0.0,0.0,0.0,0.0,0.0,0.0,0.0,0.0,0.0,0.0,0.0,0.0,0.0,0.0,0.0,0.0,0.0,0.0,0.0,0.0,0.0,0.0,0.0,0.0,0.0,0.0,0.0,0.0,0.0,0.0,0.0,0.0,0.0,0.0,0.0,0.0,0.0,0.0,0.0,0.0,0.0,0.0,0.0,0.0,0.0,0.0,0.0,0.0,0.0,0.0,0.0,0.0,0.0,0.0,0.0,0.0,0.0,0.0,0.0,0.0,0.0,0.0,0.0,0.0,0.0,0.0,0.0,0.0,0.0,0.0,0.0,0.0,0.0,0.0,0.0,0.0,0.0,0.0,0.0,0.0,0.0,0.0,0.0,0.0,0.0,0.0,0.0,0.0,0.0,0.0,0.0,0.0,0.0,0.0,0.0,0.0,0.0,0.0,0.0,0.0,0.0,0.0,0.0,0.0,0.0,0.0,0.0,0.0,0.0,0.0,0.0,0.0,0.0,0.0,0.0,0.0,0.0,0.0,0.0,0.0,0.0,0.0,0.0,0.0,0.0,0.0,0.0,0.0,0.0,0.0,0.0,0.0,0.0,0.0,0.0,0.0,0.0,0.0,0.0,0.0,0.0,0.0,0.0,0.0,0.0,0.0,0.0,0.0,0.0,0.0,0.0,0.0,0.0,0.0,0.0,0.0,0.0,0.0,0.0,0.0,0.0,0.0,0.0,0.0,0.0,0.0,0.0,0.0,0.0,0.0,0.0,0.0,0.0,0.0,0.0,0.0,0.0,0.0,0.0,0.0,0.0,0.0,0.0,0.0,0.0,0.0,0.0,0.0,0.0,0.0,0.0,0.0,0.0,0.0,0.0,0.0,0.0,0.0,0.0,0.0,0.0,0.0,0.0,0.0,0.0,0.0,0.0,0.0,0.0,0.0,0.0,0.0,0.0,0.0,0.0,0.0,0.0,0.0,0.0,0.0,0.0,0.0,0.0,0.0,0.0,0.0,0.0,0.0,0.0,0.0,0.0,0.0,0.0,0.0,0.0,0.0,0.0,0.0,0.0,0.0,0.0,0.0,0.0,0.0,0.0,0.0,0.0,0.0,0.0,0.0,0.0,0.0,0.0,0.0,0.0,0.0,0.0,0.0,0.0,0.0,0.0,0.0,0.0,0.0,0.0,0.0,0.0,0.0,0.0,0.0,0.0,0.0,0.0,0.0,0.0,0.0,0.0,0.0,0.0,0.0,0.0,0.0,0.0,0.0,0.0,0.0,0.0,0.0,0.0,0.0,0.0,0.0,0.0,0.0,0.0,0.0,0.0,0.0,0.0,0.0,0.0,0.0,0.0,0.0,0.0,0.0,0.0,0.0,0.0,0.0,0.0,0.0,0.0,0.0,0.0,0.0,0.0,0.0,0.0,0.0,0.0,0.0,0.0,0.0,0.0,0.0,0.0,0.0,0.0,0.0,0.0,0.0,0.0,0.0,0.0,0.0,0.0,0.0,0.0,0.0,0.0,0.0,0.0,0.0,0.0,0.0,0.0,0.0,0.0,0.0,0.0,0.0,0.0,0.0,0.0,0.0,0.0,0.0,0.0,0.0,0.0,0.0,0.0,0.0,0.0,0.0,0.0,0.0,0.0,0.0,0.0,0.0,0.0,0.0,0.0,0.0,0.0,0.0,0.0,0.0,0.0,0.0,0.0,0.0,0.0,0.0,0.0,0.0,0.0,0.0,0.0,0.0,0.0,0.0,0.0,0.0,0.0,0.0,0.0,0.0,0.0,0.0,0.0,0.0,0.0,0.0,0.0,0.0,0.0,0.0,0.0,0.0,0.0,0.0,0.0,0.0,0.0,0.0,0.0,0.0,0.0,0.0,0.0,0.0,0.0,0.0,0.0,0.0,0.0,0.0,0.0,0.0,0.0,0.0,0.0,0.0,0.0,0.0,0.0,0.0,0.0,0.0,0.0,0.0,0.0,0.0,0.0,0.0,0.0,0.0,0.0,0.0,0.0,0.0,0.0,0.0,0.0,0.0,0.0,0.0,0.0,0.0,0.0,0.0,0.0,0.0,0.0,0.0,0.0,0.0,0.0,0.0,0.0,0.0,0.0,0.0,0.0,0.0,0.0,0.0,0.0,0.0,0.0,0.0,0.0,0.0,0.0,0.0,0.0,0.0,0.0,0.0,0.0,0.0,0.0,0.0,0.0,0.0,0.0,0.0,0.0,0.0,0.0,0.0,0.0,0.0,0.0,0.0,0.0,0.0,0.0,0.0,0.0,0.0,0.0,0.0,0.0,0.0,0.0,0.0,0.0,0.0,0.0,0.0,0.0,0.0,0.0,0.0,0.0,0.0,0.0,0.0,0.0,0.0,0.0,0.0,0.0,0.0,0.0,0.0,0.0,0.0,0.0,0.0,0.0,0.0,0.0,0.0,0.0,0.0,0.0,0.0,0.0,0.0,0.0,0.0,0.0,0.0,0.0,0.0,0.0,0.0,0.0,0.0,0.0,0.0,0.0,0.0,0.0,0.0,0.0,0.0,0.0,0.0,0.0,0.0,0.0,0.0,0.0,0.0,0.0,0.0,0.0,0.0,0.0,0.0,0.0,0.0,0.0,0.0,0.0,0.0,0.0,0.0,0.0,0.0,0.0,0.0,0.0,0.0,0.0,0.0,0.0,0.0,0.0,0.0,0.0,0.0,0.0,0.0,0.0,0.0,0.0,0.0,0.0,0.0,0.0
Size,Number of Distinct Activities,1.0,1.0,1.0,1.0,1.0,0.0,0.0,0.0,0.0,0.0,0.0,0.0,3.0,3.0,3.0,3.0,2.0,2.0,1.25,1.0,2.0,1.0,1.0,0.75,4.0,4.0,4.0,4.0,3.0,3.0,2.0,2.0,3.0,2.0,2.0,1.0,1.0,1.0,1.0,1.0,1.0,1.0,1.0,1.0,1.0,1.0,1.0,1.0,1.0,1.0,1.0,1.0,1.0,1.0,1.0,1.0,1.0,1.0,1.0,1.0,2.0,2.0,2.0,2.0,2.0,2.0,2.0,2.0,2.0,2.0,2.0,2.0,0.0,0.0,0.0,0.0,0.0,0.0,0.0,0.0,0.0,0.0,0.0,0.0,0.0,0.0,0.0,0.0,0.0,0.0,0.0,0.0,0.0,0.0,0.0,0.0,0.0,0.0,0.0,0.0,0.0,0.0,0.0,0.0,0.0,0.0,0.25,0.0,0.0,0.0,0.0,0.0,0.0,0.0,0.0,0.0,0.0,0.0,0.0,0.0,0.0,0.0,0.0,0.0,0.0,0.0,0.0,0.0,0.0,0.0,0.0,0.0,0.0,0.0,0.0,0.0,0.0,0.0,0.0,0.0,0.0,0.0,0.0,0.0,0.0,0.0,0.0,0.0,0.0,0.0,0.0,0.0,0.0,0.0,0.0,0.0,0.0,0.0,0.0,0.0,0.0,0.0,0.0,0.0,0.0,0.0,0.0,0.0,0.0,0.0,0.0,0.0,0.0,0.0,0.0,0.0,0.0,0.0,0.0,0.0,1.0,1.0,1.0,1.0,1.0,1.0,1.0,1.0,1.0,1.0,1.0,0.75,1.0,1.0,1.0,1.0,1.0,1.0,1.0,1.0,1.0,1.0,1.0,1.0,0.5,0.5,0.5,0.5,0.5,0.0,0.0,0.75,0.0,0.0,0.0,1.0,1.0,1.0,1.0,1.0,1.0,0.0,0.0,0.0,0.0,0.0,0.0,0.0,1.0,1.0,1.0,1.0,1.0,0.0,0.0,0.0,0.0,0.0,0.0,0.0,1.0,1.0,1.0,1.0,1.0,0.0,0.0,0.0,0.0,0.0,0.0,0.0,1.0,1.0,1.0,1.0,1.0,1.0,1.0,1.0,1.0,1.0,1.0,1.0,1.0,1.0,1.0,1.0,1.0,1.0,1.0,1.0,1.0,1.0,1.0,1.0,1.0,1.0,1.0,1.0,1.0,1.0,1.0,1.0,1.0,1.0,1.0,1.0,0.0,0.0,0.0,0.0,0.0,0.0,0.0,0.0,0.0,0.0,0.0,0.0,0.0,0.0,0.0,0.0,0.0,0.0,0.0,0.0,0.0,0.0,0.0,0.0,0.0,0.0,0.0,0.0,0.0,0.0,0.0,0.0,0.0,0.0,0.0,0.0,0.0,0.0,0.0,0.0,0.0,0.0,0.0,0.0,0.0,0.0,0.0,0.0,0.0,0.0,0.0,0.0,0.0,0.0,0.0,0.0,0.0,0.0,0.0,0.0,0.0,0.0,0.0,0.0,0.0,0.0,0.0,0.0,0.0,0.0,0.0,0.0,0.0,0.0,0.0,0.0,0.0,0.0,0.0,0.0,0.0,0.0,0.0,0.0,0.0,0.0,0.0,0.0,0.0,0.0,0.0,0.0,0.0,0.0,0.0,0.0,0.0,0.0,0.0,0.0,0.0,0.0,0.0,0.0,0.0,0.0,0.0,0.0,1.0,1.0,1.0,1.0,1.0,1.0,1.0,1.0,1.0,1.0,1.0,0.75,1.0,1.0,1.0,1.0,1.0,1.0,1.0,1.0,1.0,1.0,1.0,0.0,1.0,1.0,1.0,1.0,1.0,1.0,1.0,1.0,1.0,1.0,1.0,0.75,1.0,1.0,1.0,1.0,1.0,0.0,0.0,0.0,0.0,0.0,0.0,0.0,2.0,2.0,2.0,2.0,2.0,1.0,1.0,0.5,1.0,0.25,0.0,0.0,3.0,3.0,3.0,3.0,2.0,2.0,2.0,1.0,2.0,1.0,1.0,1.0,1.0,1.0,1.0,1.0,1.0,1.0,1.0,1.0,1.0,1.0,1.0,1.0,2.0,2.0,2.0,2.0,2.0,2.0,2.0,2.0,2.0,2.0,2.0,2.0,1.0,1.0,1.0,1.0,1.0,1.0,1.0,1.0,1.0,1.0,1.0,1.0,0.0,0.0,0.0,0.0,0.0,0.0,0.0,0.0,0.0,0.0,0.0,0.0,0.0,0.0,0.0,0.0,0.0,0.0,0.0,0.0,0.0,0.0,0.0,0.0,0.0,0.0,0.0,0.0,0.0,0.0,0.0,0.0,0.0,0.0,0.0,0.0,0.0,0.0,0.0,0.0,0.0,0.0,0.0,0.0,0.0,0.0,0.0,0.0,0.0,0.0,0.0,0.0,0.0,0.0,0.0,0.0,0.0,0.0,0.0,0.0,0.0,0.0,0.0,0.0,0.0,0.0,0.0,0.0,0.0,0.0,0.0,0.0,0.0,0.0,0.0,0.0,0.0,0.0,0.0,0.0,0.0,0.0,0.0,0.0,0.0,0.0,0.0,0.0,0.0,0.0,0.0,0.0,0.0,0.0,0.0,0.0,0.0,0.0,0.0,0.0,0.0,0.0,0.0,0.0,0.0,0.0,0.0,0.0,1.0,1.0,1.0,1.0,1.0,1.0,1.0,1.0,1.0,1.0,1.0,0.75,0.0,0.0,0.0,0.0,0.0,0.0,0.0,0.0,0.0,0.0,0.0,0.0,1.0,1.0,1.0,1.0,1.0,1.0,1.0,1.0,0.5,0.5,0.0,0.0
Size,Number of Distinct Traces,0.0,0.0,0.0,0.0,0.0,0.0,0.0,0.25,0.0,0.0,1.0,0.75,3.0,6.75,10.0,15.0,3.0,6.5,10.0,13.75,2.0,5.75,10.25,14.0,1.0,3.75,6.75,10.75,1.0,3.25,7.0,11.0,1.0,3.5,6.5,10.5,0.0,0.0,0.0,0.0,0.0,0.0,0.0,0.5,0.0,0.0,0.0,1.0,1.0,2.0,3.0,2.75,1.0,2.0,2.5,3.0,1.0,2.0,2.75,3.0,0.75,1.0,1.0,2.0,0.5,1.0,1.5,2.0,0.0,1.0,1.5,2.0,0.0,0.0,0.0,0.0,0.0,0.0,0.0,0.0,0.0,0.0,0.0,0.0,0.0,1.0,1.0,1.0,0.0,1.0,1.0,1.0,0.0,0.75,1.0,1.0,0.0,0.5,0.75,1.0,0.0,1.0,1.0,1.0,0.0,0.0,1.0,1.0,0.0,0.0,0.0,0.0,0.0,0.0,0.0,0.0,0.0,0.0,0.0,0.75,1.0,1.0,1.25,2.0,0.75,1.0,2.0,2.0,1.0,1.0,2.25,2.0,1.0,1.0,2.0,2.25,1.0,1.0,2.25,2.0,0.5,1.25,2.0,2.5,3.0,4.25,4.5,5.5,3.0,3.75,4.5,4.5,2.0,3.25,3.5,4.25,1.0,2.0,3.0,5.0,1.0,3.0,3.25,5.0,1.0,2.5,3.5,5.0,1.0,1.25,2.75,3.5,1.0,1.0,2.25,3.75,0.5,1.0,2.0,3.5,0.0,0.0,0.0,0.0,0.0,0.0,0.0,0.0,0.0,0.0,0.0,1.0,1.0,1.0,3.5,4.5,1.0,1.0,2.5,3.5,1.0,1.0,3.0,4.0,1.0,1.0,2.0,2.25,1.0,1.0,2.0,2.0,0.75,1.0,2.0,2.0,0.0,0.0,0.0,0.0,0.0,0.0,0.0,0.0,0.0,0.0,1.0,1.0,1.0,1.5,2.0,2.75,0.5,1.25,1.75,3.0,1.0,1.0,1.75,3.0,1.0,1.0,1.0,2.0,0.5,1.0,1.0,2.0,0.0,1.0,1.25,1.75,0.0,0.0,0.0,0.0,0.0,0.0,0.0,0.0,0.0,0.0,0.0,1.0,1.0,2.0,1.75,2.0,1.0,1.0,1.0,2.0,1.0,1.0,1.5,2.75,0.0,1.0,1.0,1.75,0.0,1.0,1.0,1.0,0.0,1.0,1.0,2.0,0.0,0.0,0.0,0.0,0.0,0.0,0.0,0.0,0.0,0.0,0.0,0.0,0.25,0.0,1.0,1.0,0.0,1.0,1.0,1.0,0.0,1.0,1.0,1.0,0.0,0.5,1.0,1.0,0.0,0.5,1.0,1.0,0.0,0.5,1.0,1.0,0.0,0.0,0.0,0.0,0.0,0.0,0.0,0.0,0.0,0.0,0.0,0.5,1.0,1.0,1.0,1.75,0.25,1.0,1.5,1.5,0.0,1.0,1.0,1.25,1.0,1.0,1.0,2.0,0.5,1.0,1.0,2.0,0.5,1.0,1.0,1.25,3.0,4.0,4.25,5.5,3.0,3.75,4.5,4.5,2.0,3.25,3.5,4.25,1.0,2.0,3.0,4.0,1.0,2.0,3.0,4.0,1.0,1.5,2.0,3.5,1.0,1.0,1.5,2.5,1.0,1.0,1.75,2.5,0.0,1.0,2.0,3.0,0.0,0.0,0.0,0.0,0.0,0.0,0.0,0.0,0.0,0.0,0.0,0.75,1.0,2.0,2.0,3.0,1.0,1.25,2.0,2.5,1.0,1.5,2.0,3.0,0.5,1.0,1.0,2.0,0.0,1.0,1.0,2.0,0.0,1.0,1.0,2.0,0.0,0.0,0.0,0.0,0.0,0.0,0.0,0.0,0.0,0.0,1.0,1.0,2.0,3.0,4.0,6.5,1.5,3.0,4.0,6.0,2.0,3.0,4.0,6.5,1.0,1.75,4.0,5.75,1.0,2.0,4.25,6.5,1.0,2.0,3.75,5.0,0.0,0.0,0.0,0.0,0.0,0.0,0.0,0.0,0.0,0.0,0.0,1.0,1.0,2.0,2.5,3.25,1.0,1.25,2.0,3.0,1.0,1.0,2.0,3.25,0.75,1.0,2.0,2.25,0.0,1.0,1.75,2.5,0.75,1.0,2.0,3.0,0.0,0.0,0.0,0.0,0.0,0.0,0.0,0.0,0.0,0.0,0.0,0.0,0.0,0.25,1.0,1.0,0.0,1.0,1.0,1.0,0.0,1.0,1.0,1.0,0.0,1.0,1.0,1.0,0.0,0.75,1.0,1.0,0.0,0.75,0.75,1.0,0.0,0.0,0.0,0.0,0.0,0.0,0.0,0.0,0.0,0.0,0.0,0.5,1.0,1.0,1.0,1.75,0.25,1.0,1.0,1.0,0.5,1.0,1.0,1.0,1.0,1.0,1.0,2.0,1.0,1.0,1.5,2.0,0.5,1.0,2.0,2.5,3.0,4.25,4.5,5.5,3.0,3.75,4.5,4.5,2.0,3.5,3.5,4.25,1.0,2.0,2.5,4.0,1.0,2.0,2.75,4.0,1.0,2.0,3.0,4.0,1.0,1.0,2.0,2.5,0.75,1.0,2.0,2.5,0.0,1.0,2.0,3.0,0.0,0.0,0.0,0.0,0.0,0.0,0.0,0.25,0.0,0.0,0.0,0.75,1.0,2.0,2.75,2.75,1.0,2.0,2.0,2.5,1.0,1.5,2.0,2.5,1.0,1.0,1.5,1.75,1.0,1.0,1.5,2.0,0.5,1.25,1.5,2.25
Size,Number of Distinct Directly-Follows Relations,1.0,1.0,1.5,1.5,0.0,1.0,1.25,1.5,1.0,1.5,1.5,2.0,9.5,10.0,10.5,10.5,8.0,6.0,7.0,7.25,6.0,7.0,7.0,7.5,12.0,13.5,13.5,14.0,10.75,9.0,9.75,10.5,10.0,10.75,11.0,12.0,1.0,1.5,1.5,1.5,1.0,1.0,1.0,1.25,1.5,2.0,2.0,2.0,3.5,4.5,5.0,6.0,4.0,4.0,4.75,5.5,3.25,4.0,5.0,5.0,3.0,4.5,5.0,5.5,4.0,5.0,5.0,5.5,3.5,4.0,4.75,5.25,0.0,0.0,0.0,0.0,0.0,1.0,1.0,0.25,0.5,0.25,1.0,1.0,0.0,0.0,0.0,0.0,0.0,0.0,0.25,1.0,0.25,1.0,1.0,1.0,0.0,0.0,0.0,0.0,0.0,0.5,1.0,1.0,0.75,1.0,1.0,1.0,0.0,0.0,0.0,0.0,0.0,1.0,1.0,1.0,1.0,0.75,1.0,1.0,1.0,1.0,2.0,1.0,1.0,1.0,1.25,2.0,1.0,2.0,2.0,1.25,1.0,1.0,1.5,2.5,1.0,2.0,2.5,3.0,1.0,2.0,3.0,3.25,1.0,1.0,1.0,1.0,1.0,1.0,1.0,1.0,1.0,1.0,1.0,1.0,2.0,2.0,2.0,2.0,2.0,1.5,1.0,1.25,1.0,1.5,1.0,1.0,2.0,3.0,4.0,3.5,2.0,2.0,2.25,2.0,2.0,2.25,2.25,2.0,1.0,1.0,1.0,1.0,1.0,1.0,1.0,1.0,1.0,1.0,2.0,2.0,3.0,4.25,4.5,6.0,2.5,2.5,4.0,3.5,2.0,3.5,4.0,4.0,5.25,5.0,6.0,6.0,2.0,2.25,4.5,3.75,3.0,4.0,4.75,5.0,1.0,1.0,1.0,1.0,0.0,1.0,1.0,1.5,1.0,1.0,1.25,2.0,3.5,3.5,4.0,4.25,1.25,2.0,2.25,3.0,1.75,1.5,2.0,2.0,1.25,1.5,3.0,2.75,1.25,1.25,2.0,3.0,2.0,2.75,3.0,3.25,1.0,1.0,1.0,1.0,1.0,1.0,1.0,1.25,1.0,1.5,2.0,2.0,2.0,2.0,2.5,3.0,2.0,2.0,2.0,3.0,2.0,2.25,3.0,3.0,1.0,2.0,2.0,2.0,1.25,2.5,2.5,3.0,1.0,1.5,2.0,2.0,0.0,0.0,0.0,0.0,0.0,1.0,0.5,0.25,0.25,0.0,1.0,1.0,0.0,0.0,0.0,0.0,0.0,0.0,0.0,1.0,0.0,1.0,1.0,1.0,0.0,0.0,0.0,0.0,0.0,0.0,0.75,1.0,1.0,1.0,1.25,1.0,0.0,0.0,0.0,0.0,0.0,1.0,1.0,1.0,1.0,1.0,1.0,1.0,0.75,0.5,0.5,1.0,0.0,1.0,1.0,1.5,1.0,1.0,1.25,1.5,1.0,1.0,1.0,1.0,1.0,1.0,1.75,2.0,1.0,2.0,2.0,3.0,1.0,1.0,1.0,1.0,1.0,1.0,1.0,1.0,1.0,1.0,1.0,1.0,1.0,1.0,1.0,1.0,1.0,1.0,1.0,1.0,1.0,1.0,1.0,1.0,2.0,3.0,2.0,2.25,1.0,1.5,1.0,2.0,1.0,1.0,1.0,1.25,1.0,1.0,1.0,1.0,1.0,1.0,1.0,1.5,1.0,1.0,2.0,2.0,3.0,3.0,3.0,3.0,2.0,2.0,2.0,3.0,1.75,2.0,2.25,3.0,1.25,2.0,2.25,2.0,1.5,1.75,2.5,2.25,1.0,2.5,3.0,3.5,1.0,1.0,1.0,1.0,0.0,1.0,1.0,1.5,1.0,1.0,1.25,2.0,4.0,5.5,6.0,6.0,3.0,3.25,3.5,4.0,3.0,3.5,3.5,3.75,8.0,8.5,9.0,9.5,5.25,5.0,5.0,5.0,5.0,6.0,7.0,8.0,1.0,1.0,1.0,1.0,1.0,1.0,1.0,1.0,1.0,1.5,2.0,2.0,4.0,4.5,4.5,5.0,4.0,4.0,4.0,4.5,4.0,4.0,5.0,5.0,3.75,4.5,5.5,5.5,3.5,5.0,4.75,5.0,3.0,4.0,4.0,4.5,0.0,0.0,0.0,0.0,0.0,1.0,0.5,0.75,0.25,0.5,1.0,1.0,0.0,0.0,0.0,0.0,0.0,0.0,0.0,1.0,0.0,0.5,1.0,1.0,0.0,0.0,0.0,0.0,0.0,0.5,0.75,1.0,1.0,1.0,1.0,1.25,0.0,0.0,0.0,0.0,0.0,1.0,1.0,1.0,1.0,0.75,1.0,1.0,0.0,0.0,1.0,0.5,0.0,1.0,1.0,1.25,1.0,1.0,1.0,1.5,1.0,1.0,1.0,1.0,1.0,1.0,1.0,1.5,1.25,1.0,2.0,2.0,1.0,1.0,1.0,1.0,1.0,1.0,1.0,1.0,1.0,1.0,1.0,1.0,1.0,1.0,1.0,1.0,1.0,1.0,1.0,1.0,1.0,1.0,1.0,1.0,2.5,3.0,3.0,3.0,2.0,2.0,2.0,2.0,2.0,1.0,2.0,2.0,1.0,1.0,1.0,1.0,1.0,1.0,1.0,1.25,1.0,1.0,2.0,2.0,1.5,1.5,1.5,1.5,1.0,1.0,1.5,1.5,1.0,1.0,1.0,1.5,2.5,3.0,3.0,3.0,2.0,3.0,3.0,3.0,2.0,3.0,2.25,2.75
Size,Min. Trace Length,1.0,1.0,1.0,1.0,1.0,1.0,1.0,1.0,1.0,1.0,0.0,0.0,0.0,0.0,0.0,0.0,0.0,0.0,0.0,0.0,0.0,0.0,0.0,0.0,1.0,1.0,1.0,1.0,1.0,1.0,1.0,1.0,1.0,1.0,1.0,1.0,1.0,1.0,1.0,1.0,1.0,0.0,0.0,0.0,0.0,0.0,1.0,1.0,0.0,0.0,0.0,0.0,0.0,0.0,0.0,0.0,0.0,0.0,0.0,0.0,0.0,0.0,0.0,0.0,0.0,0.0,0.0,0.0,0.0,0.0,0.0,0.0,0.0,0.0,0.0,0.0,0.0,0.0,0.0,0.0,0.0,0.0,0.0,0.0,0.0,0.0,0.0,0.0,0.0,0.0,0.0,0.0,0.0,0.0,0.0,0.0,0.0,0.0,0.0,0.0,0.0,0.0,0.0,0.0,0.0,0.0,0.0,0.0,0.0,0.0,0.0,0.0,0.0,0.0,0.0,0.0,0.0,0.0,0.0,0.0,0.0,0.0,0.0,0.0,0.0,0.0,0.0,0.0,0.0,0.0,0.0,0.0,0.0,0.0,0.0,0.0,0.0,0.0,0.0,0.0,0.0,0.0,0.0,0.0,1.0,1.0,1.0,1.0,1.0,0.25,0.0,0.0,0.0,0.25,0.0,0.0,0.0,0.0,0.0,0.0,0.0,0.0,0.0,0.0,0.0,0.0,0.0,0.0,0.0,0.0,0.0,0.0,0.0,0.0,0.0,0.0,0.0,0.0,0.0,0.0,1.0,1.0,1.0,1.0,1.0,0.0,0.0,0.0,0.0,0.0,1.0,1.0,0.0,0.0,0.0,0.0,0.0,0.0,0.0,0.0,0.0,0.0,0.0,0.0,0.0,0.0,0.0,0.0,0.0,0.0,0.0,0.0,0.0,0.0,0.0,0.0,1.0,1.0,1.0,1.0,1.0,1.0,1.0,1.0,1.0,1.0,0.0,0.0,0.0,0.0,0.0,0.0,0.0,0.0,0.0,0.0,0.0,0.0,0.0,0.0,0.0,0.0,0.0,0.0,0.0,0.0,0.0,0.0,0.0,0.0,0.0,0.0,1.0,1.0,1.0,1.0,0.75,0.0,0.0,0.0,0.0,0.0,1.0,1.0,0.0,0.0,0.0,0.0,0.0,0.0,0.0,0.0,0.0,0.0,0.0,0.0,0.0,0.0,0.0,0.0,0.0,0.0,0.0,0.0,0.0,0.0,0.0,0.0,0.0,0.0,0.0,0.0,0.0,0.0,0.0,0.0,0.0,0.0,0.0,0.0,0.0,0.0,0.0,0.0,0.0,0.0,0.0,0.0,0.0,0.0,0.0,0.0,0.0,0.0,0.0,0.0,0.0,0.0,0.0,0.0,0.0,0.0,0.0,0.0,0.0,0.0,0.0,0.0,0.0,0.0,0.0,0.0,0.0,0.0,0.0,0.0,0.0,0.0,0.0,0.0,0.0,0.0,0.0,0.0,0.0,0.0,0.0,0.0,0.0,0.0,0.0,0.0,0.0,0.0,0.0,0.0,0.0,0.0,0.0,0.0,1.0,1.0,1.0,1.0,1.0,0.25,0.0,0.0,0.0,0.25,0.0,0.0,0.0,0.0,0.0,0.0,0.0,0.0,0.0,0.0,0.0,0.0,0.0,0.0,0.0,0.0,0.0,0.0,0.0,0.0,0.0,0.0,0.0,0.0,0.0,0.0,1.0,1.0,1.0,1.0,1.0,0.0,0.0,0.0,0.0,0.0,1.0,1.0,0.0,0.0,0.0,0.0,0.0,0.0,0.0,0.0,0.0,0.0,0.0,0.0,0.0,0.0,0.0,0.0,0.0,0.0,0.0,0.0,0.0,0.0,0.0,0.0,1.0,1.0,1.0,1.0,1.0,1.0,1.0,1.0,1.0,1.0,0.0,0.0,0.0,0.0,0.0,0.0,0.0,0.0,0.0,0.0,0.0,0.0,0.0,0.0,0.0,0.0,0.0,0.0,0.0,0.0,0.0,0.0,0.0,0.0,0.0,0.5,1.0,1.0,1.0,1.0,0.75,0.0,0.0,0.0,0.0,0.0,1.0,1.0,0.5,0.5,0.5,0.5,0.0,0.0,0.0,0.0,0.0,0.0,0.0,0.0,0.0,0.0,0.0,0.0,0.0,0.0,0.0,0.0,0.0,0.0,0.0,0.0,0.0,0.0,0.0,0.0,0.0,0.0,0.0,0.0,0.0,0.0,0.0,0.0,0.0,0.0,0.0,0.0,0.0,0.0,0.0,0.0,0.0,0.0,0.0,0.0,0.0,0.0,0.0,0.0,0.0,0.0,0.0,0.0,0.0,0.0,0.0,0.0,0.0,0.0,0.0,0.0,0.0,0.0,0.0,0.0,0.0,0.0,0.0,0.0,0.0,0.0,0.0,0.0,0.0,0.0,0.0,0.0,0.0,0.0,0.0,0.0,0.0,0.0,0.0,0.0,0.0,0.0,0.0,0.0,0.0,0.0,0.0,0.0,1.0,1.0,1.0,1.0,1.0,0.25,0.0,0.0,0.0,0.25,0.0,0.0,0.0,0.0,0.0,0.0,0.0,0.0,0.0,0.0,0.0,0.0,0.0,0.0,0.0,0.0,0.0,0.0,0.0,0.0,0.0,0.0,0.0,0.0,0.0,0.0,1.0,1.0,1.0,1.0,1.0,0.0,0.0,0.0,0.0,0.0,1.0,1.0,0.0,0.0,0.0,0.0,0.0,0.0,0.0,0.0,0.0,0.0,0.0,0.0,0.0,0.0,0.0,0.0,0.0,0.0,0.0,0.0,0.0,0.0,0.0,0.0
Size,Avg. Trace Length,1.0,1.0,1.0,1.0,0.9900000000000002,0.9900000000000002,0.9933333333333332,0.9950000000000001,0.9800000000000004,0.9900000000000002,0.9866666666666664,0.9900000000000002,1.3900000000000003,1.5150000000000006,1.5466666666666686,1.5912500000000005,1.415,1.4900000000000002,1.5183333333333335,1.625,1.4299999999999997,1.5375000000000014,1.5616666666666674,1.6000000000000005,2.005,2.205,2.3733333333333304,2.4475000000000007,2.0200000000000005,2.2024999999999997,2.361666666666668,2.4925000000000006,2.01,2.0700000000000003,2.3183333333333342,2.3862499999999986,1.0,1.0,1.0,1.0,0.9950000000000001,0.9900000000000002,0.9933333333333332,0.9950000000000001,0.9800000000000004,0.9800000000000004,0.9866666666666664,0.9900000000000002,0.7749999999999995,0.7375000000000007,0.7316666666666678,0.8749999999999998,0.7499999999999996,0.74,0.7366666666666681,0.8599999999999997,0.8150000000000004,0.7325000000000008,0.79,0.7437499999999992,0.8200000000000007,0.8350000000000017,0.7733333333333343,0.8074999999999992,0.8000000000000003,0.7999999999999998,0.7583333333333337,0.8175000000000008,0.8600000000000012,0.7725000000000009,0.7849999999999975,0.8387500000000001,0.0,0.0,0.0,0.0,0.0,0.0,0.0,0.0,0.0,0.0,0.0,0.0,0.050000000000000266,0.0649999999999995,0.05166666666666675,0.05749999999999922,0.050000000000000266,0.07000000000000028,0.05333333333333279,0.05750000000000011,0.06999999999999984,0.0649999999999995,0.04999999999999982,0.05625000000000124,0.1200000000000001,0.11249999999999982,0.07166666666666544,0.05999999999999983,0.13999999999999835,0.09999999999999876,0.07500000000000018,0.07000000000000028,0.11000000000000032,0.09499999999999975,0.10500000000000131,0.08999999999999986,0.0,0.0,0.0,0.0,0.0,0.0,0.0,0.0,0.0,0.0,0.0,0.0,0.15000000000000036,0.15750000000000064,0.13333333333333197,0.11999999999999966,0.13500000000000068,0.1899999999999995,0.1499999999999998,0.11000000000000032,0.1449999999999998,0.16500000000000004,0.09999999999999942,0.11624999999999996,0.1200000000000001,0.11250000000000071,0.1383333333333323,0.16000000000000014,0.17499999999999982,0.13750000000000018,0.13166666666666682,0.16999999999999993,0.1150000000000011,0.12249999999999983,0.12166666666666703,0.16000000000000014,0.7399999999999998,0.8049999999999999,0.8433333333333333,0.8699999999999999,0.7299999999999998,0.7975000000000001,0.841666666666667,0.8725000000000003,0.7199999999999998,0.8,0.8349999999999995,0.8712500000000001,0.5099999999999998,0.5899999999999994,0.563333333333333,0.5937500000000004,0.49999999999999956,0.5775000000000001,0.5933333333333337,0.5787499999999999,0.5199999999999996,0.56,0.5433333333333343,0.59375,0.625,0.4874999999999998,0.4249999999999976,0.5787500000000001,0.5600000000000005,0.47749999999999915,0.43833333333333346,0.5762500000000002,0.5800000000000001,0.47999999999999976,0.48499999999999943,0.5725,1.0,1.0,1.0,1.0,0.9800000000000004,0.9900000000000002,0.9933333333333332,0.9900000000000002,0.9800000000000004,0.9800000000000004,0.9866666666666664,0.9900000000000002,0.6750000000000003,0.6224999999999996,0.6816666666666662,0.6637500000000001,0.6499999999999999,0.6100000000000003,0.6699999999999982,0.621249999999999,0.665,0.5649999999999995,0.6450000000000005,0.6199999999999997,0.6349999999999989,0.6350000000000007,0.5949999999999989,0.6450000000000005,0.6949999999999994,0.6149999999999993,0.5999999999999979,0.6737499999999992,0.589999999999999,0.5599999999999996,0.5499999999999989,0.6224999999999996,1.0,1.0,1.0,1.0,0.9800000000000004,0.9900000000000002,0.9916666666666667,0.99125,0.9800000000000004,0.9850000000000003,0.9866666666666664,0.9900000000000002,0.4600000000000002,0.432500000000001,0.4433333333333316,0.5225,0.4599999999999995,0.4175,0.4249999999999994,0.5150000000000001,0.40000000000000036,0.4800000000000004,0.4249999999999998,0.5362499999999999,0.45500000000000096,0.3725000000000005,0.3350000000000004,0.32125000000000004,0.4449999999999994,0.3199999999999994,0.35666666666666735,0.28750000000000053,0.4499999999999993,0.3674999999999997,0.40500000000000025,0.3462499999999995,1.0,1.0,1.0,1.0,0.9800000000000004,0.9900000000000002,0.9933333333333332,0.99125,0.9800000000000004,0.9800000000000004,0.9866666666666664,0.9875000000000007,0.2799999999999998,0.2974999999999999,0.2816666666666672,0.24875000000000114,0.28500000000000014,0.30000000000000027,0.2766666666666673,0.23875000000000002,0.2599999999999998,0.3074999999999992,0.28333333333333455,0.26000000000000023,0.34500000000000064,0.4449999999999994,0.41999999999999993,0.4900000000000002,0.34499999999999975,0.3949999999999996,0.3849999999999989,0.4637500000000001,0.33999999999999986,0.39000000000000057,0.36999999999999833,0.4037499999999996,0.0,0.0,0.0,0.0,0.0,0.0,0.0,0.0,0.0,0.0,0.0,0.0,0.05999999999999961,0.06249999999999911,0.04833333333333467,0.057499999999999885,0.06499999999999995,0.07000000000000006,0.05666666666666664,0.06374999999999975,0.0699999999999994,0.07000000000000028,0.046666666666666856,0.05999999999999983,0.1200000000000001,0.11250000000000071,0.055000000000000604,0.06625000000000059,0.1299999999999999,0.11500000000000021,0.07999999999999918,0.057500000000000995,0.125,0.13000000000000078,0.06833333333333336,0.0625,0.0,0.0,0.0,0.0,0.0,0.0,0.0,0.0,0.0,0.0,0.0,0.0,0.19000000000000128,0.1825000000000001,0.10166666666666657,0.10499999999999954,0.12999999999999945,0.15000000000000036,0.1133333333333324,0.10250000000000004,0.19500000000000028,0.1800000000000006,0.1216666666666657,0.11000000000000032,0.2099999999999982,0.14000000000000057,0.19000000000000128,0.18250000000000144,0.22000000000000153,0.14500000000000002,0.18999999999999861,0.1825000000000001,0.1999999999999975,0.15000000000000036,0.20833333333333304,0.19375000000000053,0.7399999999999998,0.8049999999999999,0.8433333333333333,0.8699999999999999,0.7299999999999998,0.7975000000000001,0.841666666666667,0.8725000000000003,0.7199999999999998,0.8,0.8349999999999995,0.8712500000000001,0.43500000000000005,0.41500000000000004,0.40333333333333343,0.43250000000000033,0.45999999999999996,0.43250000000000055,0.45833333333333337,0.43999999999999995,0.45500000000000007,0.41999999999999993,0.4616666666666671,0.4412499999999999,0.40500000000000025,0.405,0.4083333333333363,0.33750000000000013,0.3949999999999996,0.40500000000000047,0.38166666666666327,0.3637500000000007,0.3850000000000007,0.40500000000000025,0.39166666666666705,0.3574999999999997,1.0,1.0,1.0,1.0,0.9800000000000004,0.9900000000000002,0.9933333333333332,0.9900000000000002,0.9800000000000004,0.9800000000000004,0.9866666666666664,0.9900000000000002,0.31999999999999984,0.3324999999999996,0.31833333333333247,0.32375,0.31499999999999995,0.3250000000000002,0.30666666666666664,0.31375000000000064,0.30500000000000016,0.3250000000000006,0.32833333333333314,0.3312499999999998,0.40000000000000036,0.3624999999999998,0.44166666666666643,0.4074999999999993,0.41499999999999915,0.3449999999999993,0.44166666666666465,0.3849999999999998,0.4500000000000002,0.35749999999999993,0.4133333333333322,0.3799999999999999,1.0,1.0,1.0,1.0,0.9800000000000004,0.9900000000000002,0.9916666666666667,0.99125,0.9800000000000004,0.9850000000000003,0.9866666666666664,0.9900000000000002,0.7149999999999999,0.8199999999999998,0.8233333333333333,0.8674999999999999,0.7199999999999993,0.8075000000000003,0.8466666666666667,0.8674999999999999,0.7300000000000004,0.8475000000000001,0.8350000000000002,0.8612500000000003,1.1750000000000007,1.1775000000000002,1.280000000000002,1.3550000000000004,1.2149999999999999,1.1775000000000002,1.2800000000000002,1.3824999999999994,1.1600000000000001,1.1824999999999992,1.3166666666666655,1.3562500000000002,1.0,1.0,1.0,1.0,0.9800000000000004,0.9900000000000002,0.9933333333333332,0.99125,0.9800000000000004,0.9800000000000004,0.9866666666666664,0.9875000000000007,0.694999999999999,0.5875000000000004,0.6516666666666673,0.6125000000000007,0.6699999999999999,0.5525000000000002,0.706666666666667,0.63625,0.6699999999999999,0.6300000000000008,0.6316666666666668,0.6362500000000004,0.71,0.6575000000000002,0.6899999999999995,0.7887500000000003,0.7799999999999994,0.6949999999999981,0.7333333333333325,0.7999999999999998,0.7949999999999999,0.6624999999999996,0.6733333333333325,0.7424999999999988,0.0,0.0,0.0,0.0,0.0,0.0,0.0,0.0,0.0,0.0,0.0,0.0,0.054999999999999716,0.040000000000000036,0.046666666666667744,0.05249999999999977,0.05500000000000016,0.07500000000000018,0.05666666666666664,0.06125000000000025,0.0699999999999994,0.05750000000000011,0.04000000000000137,0.051249999999999796,0.125,0.11500000000000021,0.08000000000000185,0.08625000000000016,0.11499999999999932,0.09249999999999936,0.081666666666667,0.08750000000000036,0.1349999999999989,0.12250000000000005,0.09666666666666845,0.09500000000000042,0.0,0.0,0.0,0.0,0.0,0.0,0.0,0.0,0.0,0.0,0.0,0.0,0.27500000000000036,0.2124999999999999,0.15499999999999758,0.11499999999999977,0.1750000000000007,0.22499999999999964,0.14499999999999869,0.1175000000000006,0.1999999999999993,0.182500000000001,0.1283333333333343,0.12125000000000075,0.27999999999999936,0.2274999999999998,0.23166666666666558,0.28749999999999964,0.22499999999999964,0.23249999999999904,0.22333333333333538,0.2712500000000002,0.2649999999999997,0.22499999999999987,0.23499999999999943,0.25624999999999787,0.7399999999999998,0.8049999999999999,0.8433333333333333,0.8699999999999999,0.7299999999999998,0.7975000000000001,0.841666666666667,0.8725000000000003,0.7199999999999998,0.8,0.8349999999999995,0.8712500000000001,0.4249999999999994,0.41500000000000004,0.40333333333333343,0.43250000000000033,0.4750000000000001,0.44999999999999973,0.45833333333333337,0.43999999999999995,0.47500000000000053,0.43000000000000016,0.4616666666666671,0.4412499999999999,0.42500000000000027,0.42749999999999977,0.4233333333333338,0.40499999999999936,0.40500000000000025,0.4074999999999993,0.41166666666666707,0.36624999999999996,0.40500000000000025,0.39250000000000007,0.4400000000000013,0.40749999999999975,1.0,1.0,1.0,1.0,0.9800000000000004,0.9900000000000002,0.9933333333333332,0.9900000000000002,0.9800000000000004,0.9825000000000004,0.9866666666666664,0.9900000000000002,0.4349999999999996,0.3924999999999996,0.29833333333333245,0.3562499999999993,0.44499999999999984,0.38249999999999984,0.3533333333333335,0.37875000000000014,0.35499999999999976,0.3674999999999997,0.3166666666666669,0.33375000000000066,0.3200000000000003,0.28499999999999925,0.27,0.32249999999999845,0.3150000000000004,0.29000000000000004,0.2316666666666669,0.2949999999999995,0.3200000000000003,0.26750000000000007,0.254999999999999,0.28749999999999964
Size,Max. Trace Length,1.0,1.0,1.0,1.0,0.75,0.0,0.0,0.0,0.0,0.0,1.0,1.0,4.25,5.5,6.0,6.0,4.0,5.0,6.0,6.0,4.0,5.5,6.0,6.0,5.25,6.5,6.75,8.0,5.25,6.5,7.0,8.0,5.75,6.75,7.25,8.5,1.0,1.0,1.0,1.0,1.0,1.0,1.0,1.0,1.0,1.0,0.0,0.0,2.75,2.5,2.5,3.0,2.75,2.5,2.0,2.75,2.75,2.25,2.5,3.0,3.5,3.0,5.5,4.5,3.0,3.0,5.25,5.5,4.0,2.75,5.0,4.5,0.0,0.0,0.0,0.0,0.0,0.0,0.0,0.0,0.0,0.0,0.0,0.0,1.0,1.0,1.25,1.0,1.0,1.0,1.0,1.0,1.0,1.0,1.0,1.25,0.5,1.0,2.0,2.0,1.0,1.5,2.0,2.0,0.75,1.25,2.0,2.0,0.0,0.0,0.0,0.0,0.0,0.0,0.0,0.0,0.0,0.0,0.0,0.0,1.0,1.0,1.0,2.0,1.0,1.25,1.0,1.5,1.0,1.25,1.75,1.5,1.75,2.0,2.0,2.0,1.25,2.0,2.5,3.25,1.75,2.0,2.75,2.0,1.0,1.0,1.0,1.0,1.0,1.0,1.0,1.0,1.0,0.5,1.0,1.0,3.0,3.5,3.5,5.0,3.0,3.5,3.75,4.5,3.0,3.5,3.5,4.25,2.5,3.25,3.25,5.0,2.25,3.25,4.0,5.0,2.5,3.75,3.5,5.5,1.0,1.0,1.0,1.0,1.0,1.0,1.0,1.0,1.0,0.5,0.0,0.0,2.0,2.5,2.0,2.0,2.0,2.5,2.0,2.0,2.25,3.0,2.0,3.0,3.5,4.0,4.0,4.0,3.25,4.0,4.75,4.25,3.25,3.75,3.75,4.0,1.0,1.0,1.0,1.0,0.5,0.0,0.0,0.0,0.0,0.0,1.0,1.0,1.0,2.0,1.25,1.0,1.0,1.5,1.75,1.0,1.0,1.5,1.0,1.0,1.5,2.0,2.0,2.25,1.0,2.0,2.0,2.75,1.75,2.0,1.5,2.0,1.0,1.0,1.0,1.0,1.0,1.0,1.0,1.0,1.0,1.0,0.0,0.0,1.0,1.0,1.0,1.0,1.0,1.0,1.0,1.0,1.0,1.0,1.0,1.0,1.25,2.0,3.0,2.0,1.25,2.0,2.75,2.5,1.5,1.25,2.25,2.0,0.0,0.0,0.0,0.0,0.0,0.0,0.0,0.0,0.0,0.0,0.0,0.0,1.0,1.0,1.0,1.0,1.0,1.0,1.5,1.5,1.0,1.0,1.0,1.5,1.0,1.5,2.0,2.0,1.0,1.0,1.75,2.0,1.0,1.5,2.0,2.5,0.0,0.0,0.0,0.0,0.0,0.0,0.0,0.0,0.0,0.0,0.0,0.0,1.0,2.0,2.0,2.0,1.25,1.5,2.0,1.75,1.5,1.25,2.0,1.0,2.0,2.75,2.25,4.0,2.0,2.0,2.0,3.5,2.0,2.0,2.0,4.0,1.0,1.0,1.0,1.0,1.0,1.0,1.0,1.0,1.0,0.5,1.0,1.0,2.5,3.0,5.5,5.25,3.0,3.5,5.5,5.25,3.25,4.5,6.5,5.0,2.0,2.0,3.0,4.0,1.75,2.5,3.0,4.0,2.0,2.0,3.0,4.0,1.0,1.0,1.0,1.0,1.0,1.0,1.0,1.0,1.0,1.0,0.0,0.0,1.0,1.0,2.0,1.0,1.0,1.0,1.25,1.0,1.0,1.0,1.25,1.0,1.0,1.5,2.0,2.0,1.0,1.5,2.5,2.5,1.0,2.0,2.0,2.0,1.0,1.0,1.0,1.0,0.5,0.0,0.0,0.0,0.0,0.0,1.0,1.0,2.0,3.25,3.0,2.75,2.0,2.75,3.0,2.5,2.0,3.5,3.0,2.5,4.5,5.5,6.0,5.0,4.0,4.5,5.0,5.0,3.5,5.0,5.5,4.5,1.0,1.0,1.0,1.0,1.0,1.0,1.0,1.0,1.0,1.0,0.0,0.0,1.0,1.0,1.25,1.5,1.25,1.0,1.0,1.0,1.5,1.0,2.0,1.5,2.0,2.25,2.5,3.75,2.0,2.25,2.5,4.0,2.0,2.0,3.0,4.0,0.0,0.0,0.0,0.0,0.0,0.0,0.0,0.0,0.0,0.0,0.0,0.0,1.0,1.0,1.0,1.0,1.0,0.5,1.0,1.0,1.0,0.5,1.0,1.25,1.0,2.0,2.25,2.0,1.0,2.0,2.0,2.25,1.0,2.0,2.0,2.0,0.0,0.0,0.0,0.0,0.0,0.0,0.0,0.0,0.0,0.0,0.0,0.0,1.0,1.0,1.5,1.5,1.0,1.5,2.0,1.75,1.0,1.0,1.5,2.0,2.0,2.25,2.5,3.75,2.0,2.0,2.75,4.0,1.75,3.0,2.0,4.0,1.0,1.0,1.0,1.0,1.0,1.0,1.0,1.0,1.0,0.5,1.0,1.0,3.25,3.5,5.5,4.5,3.25,3.0,5.25,4.5,3.25,4.0,6.0,5.5,2.0,3.0,4.0,4.0,2.0,3.25,4.0,4.0,2.0,3.25,4.0,4.0,1.0,1.0,1.0,1.0,1.0,1.0,1.0,1.0,1.0,1.0,0.0,0.0,1.0,2.0,2.0,2.5,1.5,2.0,2.5,2.0,1.0,2.0,2.5,2.0,2.0,2.0,3.0,3.75,2.0,2.0,3.0,4.0,2.0,2.0,2.0,3.5
Variation,Percentage of Distinct Traces,0.0,0.0,0.0,0.0,0.0,0.0,0.0,0.0012499999999999994,0.0,0.0,0.006666666666666599,0.00375,0.05999999999999994,0.06749999999999995,0.0666666666666667,0.07500000000000001,0.06,0.065,0.06666666666666672,0.06875,0.040000000000000036,0.057499999999999996,0.06833333333333338,0.06999999999999999,0.020000000000000018,0.03749999999999992,0.044999999999999984,0.053749999999999964,0.020000000000000018,0.03249999999999997,0.04666666666666652,0.05499999999999999,0.020000000000000018,0.034999999999999976,0.04333333333333339,0.05250000000000002,0.0,0.0,0.0,0.0,0.0,0.0,0.0,0.0024999999999999988,0.0,0.0,0.0,0.004999999999999999,0.020000000000000018,0.01999999999999999,0.01999999999999998,0.013750000000000005,0.020000000000000018,0.02000000000000001,0.016666666666666635,0.015000000000000013,0.020000000000000018,0.019999999999999955,0.01833333333333334,0.015000000000000013,0.014999999999999958,0.010000000000000009,0.00666666666666671,0.010000000000000009,0.009999999999999953,0.010000000000000009,0.010000000000000009,0.010000000000000009,0.0,0.010000000000000009,0.009999999999999953,0.010000000000000009,0.0,0.0,0.0,0.0,0.0,0.0,0.0,0.0,0.0,0.0,0.0,0.0,0.0,0.010000000000000009,0.006666666666666696,0.0050000000000000044,0.0,0.010000000000000009,0.00666666666666671,0.0050000000000000044,0.0,0.007500000000000007,0.006666666666666626,0.0050000000000000044,0.0,0.0050000000000000044,0.004999999999999893,0.0050000000000000044,0.0,0.009999999999999967,0.006666666666666599,0.0050000000000000044,0.0,0.0,0.006666666666666599,0.0050000000000000044,0.0,0.0,0.0,0.0,0.0,0.0,0.0,0.0,0.0,0.0,0.0,0.0037499999999999964,0.019999999999999962,0.010000000000000009,0.00833333333333336,0.010000000000000009,0.014999999999999958,0.010000000000000009,0.013333333333333308,0.010000000000000009,0.020000000000000018,0.010000000000000009,0.01499999999999993,0.010000000000000009,0.019999999999999907,0.010000000000000009,0.013333333333333308,0.011249999999999982,0.019999999999999962,0.010000000000000009,0.015000000000000013,0.010000000000000009,0.010000000000000009,0.012500000000000011,0.013333333333333308,0.012500000000000011,0.06,0.04249999999999999,0.03000000000000005,0.0275,0.06,0.03749999999999999,0.03,0.0225,0.04000000000000001,0.0325,0.02333333333333336,0.02125000000000001,0.020000000000000018,0.020000000000000018,0.020000000000000018,0.02499999999999991,0.020000000000000018,0.02999999999999997,0.021666666666666667,0.024999999999999953,0.020000000000000018,0.024999999999999994,0.023333333333333373,0.024999999999999953,0.020000000000000018,0.012500000000000011,0.018333333333333257,0.01749999999999996,0.020000000000000018,0.010000000000000009,0.015000000000000013,0.018749999999999933,0.009999999999999981,0.010000000000000009,0.013333333333333308,0.01749999999999996,0.0,0.0,0.0,0.0,0.0,0.0,0.0,0.0,0.0,0.0,0.0,0.0049999999999999975,0.020000000000000018,0.010000000000000009,0.023333333333333303,0.022500000000000006,0.020000000000000018,0.010000000000000009,0.016666666666666705,0.017500000000000016,0.020000000000000018,0.010000000000000009,0.020000000000000004,0.020000000000000004,0.020000000000000018,0.010000000000000009,0.013333333333333364,0.011249999999999982,0.01999999999999999,0.010000000000000009,0.013333333333333253,0.010000000000000009,0.014999999999999958,0.010000000000000009,0.013333333333333253,0.010000000000000009,0.0,0.0,0.0,0.0,0.0,0.0,0.0,0.0,0.0,0.0,0.006666666666666599,0.0049999999999999975,0.020000000000000018,0.015,0.013333333333333308,0.013749999999999957,0.010000000000000009,0.012500000000000011,0.01166666666666677,0.015000000000000013,0.019999999999999907,0.010000000000000009,0.011666666666666686,0.015,0.019999999999999962,0.010000000000000009,0.00666666666666671,0.010000000000000009,0.009999999999999981,0.010000000000000009,0.00666666666666671,0.010000000000000009,0.0,0.010000000000000009,0.00833333333333336,0.008750000000000008,0.0,0.0,0.0,0.0,0.0,0.0,0.0,0.0,0.0,0.0,0.0,0.004999999999999999,0.020000000000000018,0.020000000000000004,0.011666666666666659,0.010000000000000009,0.020000000000000018,0.010000000000000009,0.00666666666666671,0.010000000000000009,0.020000000000000018,0.010000000000000009,0.010000000000000009,0.013749999999999984,0.0,0.010000000000000009,0.00666666666666664,0.008750000000000036,0.0,0.010000000000000009,0.006666666666666703,0.0050000000000000044,0.0,0.010000000000000009,0.006666666666666654,0.010000000000000009,0.0,0.0,0.0,0.0,0.0,0.0,0.0,0.0,0.0,0.0,0.0,0.0,0.0050000000000000044,0.0,0.00666666666666664,0.0050000000000000044,0.0,0.010000000000000009,0.00666666666666671,0.0050000000000000044,0.0,0.010000000000000009,0.006666666666666654,0.0050000000000000044,0.0,0.004999999999999949,0.006666666666666599,0.0050000000000000044,0.0,0.0050000000000000044,0.006666666666666599,0.0050000000000000044,0.0,0.004999999999999949,0.006666666666666599,0.0050000000000000044,0.0,0.0,0.0,0.0,0.0,0.0,0.0,0.0,0.0,0.0,0.0,0.002500000000000051,0.020000000000000018,0.010000000000000009,0.00666666666666671,0.008749999999999925,0.0050000000000000044,0.010000000000000009,0.009999999999999953,0.007500000000000007,0.0,0.010000000000000009,0.006666666666666765,0.0062500000000000056,0.019999999999999907,0.010000000000000009,0.00666666666666671,0.010000000000000009,0.009999999999999953,0.010000000000000009,0.00666666666666671,0.009999999999999953,0.009999999999999926,0.010000000000000009,0.00666666666666671,0.0062500000000000056,0.06,0.04,0.02833333333333335,0.0275,0.06,0.0375,0.03,0.0225,0.04000000000000001,0.0325,0.023333333333333352,0.02125,0.020000000000000018,0.020000000000000004,0.020000000000000004,0.020000000000000018,0.020000000000000018,0.020000000000000018,0.020000000000000004,0.020000000000000018,0.020000000000000018,0.014999999999999986,0.01333333333333342,0.01749999999999996,0.019999999999999934,0.010000000000000009,0.009999999999999953,0.012499999999999983,0.019999999999999962,0.010000000000000009,0.011666666666666659,0.012500000000000011,0.0,0.010000000000000009,0.013333333333333308,0.015000000000000013,0.0,0.0,0.0,0.0,0.0,0.0,0.0,0.0,0.0,0.0,0.0,0.00375,0.020000000000000018,0.020000000000000018,0.013333333333333308,0.015000000000000013,0.020000000000000018,0.012500000000000011,0.013333333333333364,0.012500000000000011,0.019999999999999907,0.015000000000000013,0.013333333333333308,0.015,0.009999999999999953,0.010000000000000009,0.006666666666666696,0.010000000000000009,0.0,0.010000000000000009,0.00666666666666671,0.010000000000000009,0.0,0.010000000000000009,0.00666666666666671,0.010000000000000009,0.0,0.0,0.0,0.0,0.0,0.0,0.0,0.0,0.0,0.0,0.006666666666666599,0.0049999999999999975,0.03999999999999995,0.030000000000000027,0.0266666666666667,0.032500000000000015,0.03,0.030000000000000013,0.026666666666666672,0.030000000000000013,0.03999999999999995,0.030000000000000027,0.026666666666666602,0.0325,0.020000000000000018,0.01749999999999996,0.026666666666666727,0.028750000000000053,0.020000000000000018,0.019999999999999962,0.02833333333333332,0.03250000000000003,0.01999999999999999,0.020000000000000018,0.024999999999999967,0.025000000000000022,0.0,0.0,0.0,0.0,0.0,0.0,0.0,0.0,0.0,0.0,0.0,0.004999999999999999,0.020000000000000018,0.020000000000000018,0.016666666666666708,0.016250000000000042,0.020000000000000018,0.012499999999999956,0.013333333333333364,0.015000000000000013,0.020000000000000018,0.010000000000000009,0.013333333333333364,0.016249999999999973,0.014999999999999986,0.010000000000000009,0.01333333333333328,0.011249999999999982,0.0,0.010000000000000009,0.011666666666666714,0.012500000000000011,0.014999999999999958,0.010000000000000009,0.013333333333333308,0.01499999999999993,0.0,0.0,0.0,0.0,0.0,0.0,0.0,0.0,0.0,0.0,0.0,0.0,0.0,0.0025000000000000022,0.00666666666666664,0.0050000000000000044,0.0,0.010000000000000009,0.00666666666666671,0.0050000000000000044,0.0,0.010000000000000009,0.006666666666666599,0.0050000000000000044,0.0,0.009999999999999981,0.006666666666666599,0.0050000000000000044,0.0,0.007499999999999979,0.006666666666666599,0.0050000000000000044,0.0,0.007499999999999993,0.004999999999999949,0.0050000000000000044,0.0,0.0,0.0,0.0,0.0,0.0,0.0,0.0,0.0,0.0,0.0,0.0024999999999999988,0.020000000000000018,0.010000000000000009,0.00666666666666671,0.008749999999999897,0.0050000000000000044,0.010000000000000009,0.006666666666666765,0.0050000000000000044,0.009999999999999953,0.009999999999999995,0.00666666666666671,0.0050000000000000044,0.020000000000000018,0.010000000000000009,0.00666666666666671,0.010000000000000009,0.019999999999999976,0.010000000000000009,0.009999999999999995,0.010000000000000009,0.009999999999999953,0.010000000000000009,0.01333333333333328,0.012500000000000011,0.06,0.04249999999999999,0.03000000000000005,0.0275,0.06,0.03749999999999999,0.03,0.0225,0.04000000000000001,0.035,0.023333333333333352,0.02125,0.020000000000000018,0.01999999999999999,0.01666666666666665,0.01999999999999999,0.020000000000000018,0.020000000000000018,0.018333333333333354,0.020000000000000018,0.020000000000000018,0.01999999999999999,0.020000000000000018,0.020000000000000004,0.01999999999999999,0.010000000000000009,0.013333333333333308,0.012499999999999983,0.014999999999999986,0.010000000000000009,0.013333333333333308,0.012500000000000011,0.0,0.010000000000000009,0.013333333333333308,0.015000000000000013,0.0,0.0,0.0,0.0,0.0,0.0,0.0,0.0012499999999999994,0.0,0.0,0.0,0.00375,0.020000000000000018,0.020000000000000004,0.0183333333333333,0.01375000000000004,0.01999999999999999,0.020000000000000018,0.01333333333333342,0.012499999999999956,0.020000000000000018,0.014999999999999958,0.013333333333333336,0.012499999999999997,0.019999999999999907,0.010000000000000009,0.010000000000000009,0.008750000000000036,0.020000000000000018,0.010000000000000009,0.010000000000000064,0.010000000000000009,0.009999999999999953,0.012500000000000011,0.010000000000000009,0.011250000000000038
Variation,Average Distinct Activities per Trace,1.0,1.0,1.0,1.0,1.0,0.9950000000000001,0.9933333333333332,0.9950000000000001,1.0,0.9900000000000002,0.9866666666666664,0.9850000000000003,1.0149999999999997,1.085,1.0783333333333336,1.10875,1.03,1.0775,1.075,1.1075,1.025,1.0775000000000001,1.0666666666666669,1.1025,1.4850000000000003,1.6149999999999998,1.621666666666667,1.65375,1.54,1.6200000000000006,1.6599999999999993,1.6875,1.475,1.63,1.6533333333333333,1.6737500000000005,1.0,1.0,1.0,1.0,0.9800000000000004,0.9800000000000004,0.9866666666666664,0.9875000000000003,0.96,0.9699999999999998,0.9800000000000004,0.9849999999999994,0.395,0.3700000000000001,0.395,0.43999999999999995,0.3900000000000001,0.375,0.3966666666666665,0.4462499999999996,0.395,0.3700000000000001,0.3999999999999999,0.4512499999999995,0.3000000000000007,0.31499999999999995,0.3633333333333333,0.3562500000000006,0.33999999999999986,0.31999999999999984,0.33499999999999996,0.3362500000000006,0.31000000000000005,0.3049999999999997,0.3483333333333336,0.3437499999999991,0.0,0.0,0.0,0.0,0.0,0.0,0.006666666666666821,0.0,0.0,0.0,0.0,0.004999999999999893,0.019999999999999574,0.024999999999999467,0.023333333333333428,0.014999999999999236,0.019999999999999574,0.019999999999999796,0.021666666666666945,0.02499999999999969,0.02499999999999991,0.019999999999999796,0.03500000000000014,0.022499999999999964,0.0600000000000005,0.04000000000000048,0.03166666666666629,0.03374999999999995,0.06000000000000005,0.03750000000000009,0.03166666666666629,0.0349999999999997,0.07000000000000028,0.03750000000000009,0.03333333333333144,0.04000000000000137,0.0,0.0,0.0,0.0,0.0,0.0,0.006666666666666821,0.0,0.0,0.0,0.0016666666666664831,0.0024999999999997247,0.10999999999999965,0.08750000000000013,0.081666666666667,0.09124999999999961,0.10999999999999943,0.10249999999999937,0.08333333333333348,0.09375,0.09999999999999964,0.08000000000000052,0.07666666666666688,0.07999999999999963,0.11999999999999966,0.06000000000000005,0.08833333333333293,0.08374999999999932,0.11500000000000021,0.07250000000000023,0.09333333333333238,0.09250000000000025,0.0950000000000002,0.07500000000000018,0.08500000000000041,0.0900000000000003,0.41999999999999993,0.4400000000000004,0.4466666666666663,0.4562499999999998,0.41999999999999993,0.4400000000000004,0.45333333333333314,0.45500000000000007,0.41500000000000004,0.43500000000000005,0.4450000000000003,0.4512500000000004,0.17999999999999972,0.16249999999999987,0.1750000000000007,0.17249999999999988,0.16999999999999948,0.15250000000000008,0.14333333333333398,0.14749999999999952,0.17999999999999972,0.15000000000000013,0.15666666666666718,0.16500000000000004,0.2200000000000002,0.1750000000000007,0.15000000000000036,0.1637499999999994,0.19499999999999984,0.21249999999999947,0.168333333333333,0.19124999999999925,0.1900000000000004,0.17250000000000076,0.16999999999999993,0.18500000000000005,1.0,1.0,1.0,1.0,0.9800000000000004,0.9800000000000004,0.9866666666666664,0.9850000000000003,0.96,0.9699999999999998,0.9800000000000004,0.9837499999999997,0.3250000000000002,0.3374999999999999,0.35666666666666647,0.3687500000000008,0.3050000000000006,0.36749999999999927,0.37166666666666703,0.3912500000000003,0.33499999999999996,0.3449999999999993,0.3650000000000002,0.3912500000000003,0.22999999999999998,0.2525000000000004,0.24666666666666615,0.24374999999999947,0.22500000000000053,0.24250000000000105,0.23666666666666636,0.22124999999999995,0.21500000000000008,0.2400000000000002,0.2283333333333326,0.22374999999999967,1.0,1.0,1.0,1.0,1.0,0.9900000000000002,0.9933333333333332,0.9925000000000002,1.0,0.9900000000000002,0.9849999999999994,0.9850000000000003,0.33999999999999986,0.3650000000000002,0.36666666666666714,0.37375000000000025,0.33000000000000007,0.3650000000000002,0.365,0.38749999999999996,0.31000000000000005,0.35999999999999943,0.3566666666666676,0.37499999999999956,0.2400000000000002,0.24249999999999927,0.2433333333333323,0.2662500000000003,0.23999999999999977,0.26250000000000107,0.25833333333333375,0.2687499999999998,0.27,0.25249999999999995,0.2633333333333341,0.2575000000000003,1.0,1.0,1.0,1.0,0.9800000000000004,0.9800000000000004,0.9866666666666664,0.9850000000000003,0.96,0.9699999999999998,0.9800000000000004,0.9799999999999995,0.25,0.2849999999999997,0.26,0.2687499999999998,0.24,0.27249999999999974,0.25499999999999967,0.24624999999999986,0.2599999999999998,0.2875000000000001,0.26666666666666683,0.2662499999999999,0.3250000000000002,0.31749999999999945,0.3349999999999995,0.34874999999999945,0.3150000000000004,0.28750000000000053,0.3150000000000004,0.33625000000000016,0.2950000000000004,0.2999999999999998,0.32333333333333236,0.33000000000000007,0.0,0.0,0.0,0.0,0.0,0.0,0.006666666666666821,0.0,0.0,0.0,0.0,0.004999999999999893,0.019999999999999796,0.022499999999999964,0.02333333333333365,0.018750000000000044,0.019999999999999574,0.022499999999999742,0.025000000000000133,0.019999999999999796,0.019999999999999685,0.029999999999999583,0.02166666666666628,0.019999999999999574,0.06000000000000005,0.03000000000000025,0.02833333333333332,0.03500000000000014,0.045000000000000595,0.03000000000000025,0.03500000000000014,0.03125,0.05499999999999994,0.02999999999999936,0.02499999999999991,0.031250000000000444,0.0,0.0,0.0,0.0,0.0,0.0,0.006666666666666821,0.0,0.0,0.0,0.0033333333333329662,0.00374999999999992,0.03500000000000014,0.05500000000000016,0.06333333333333346,0.04999999999999982,0.030000000000000693,0.04999999999999993,0.07000000000000006,0.04999999999999938,0.040000000000000036,0.06000000000000005,0.07166666666666632,0.05125000000000002,0.08499999999999996,0.07249999999999956,0.08999999999999986,0.08874999999999922,0.08000000000000007,0.06999999999999984,0.08999999999999897,0.07249999999999979,0.07000000000000028,0.07750000000000012,0.09000000000000075,0.07750000000000012,0.41999999999999993,0.44250000000000034,0.4516666666666662,0.45999999999999996,0.41999999999999993,0.44250000000000034,0.4516666666666662,0.45500000000000007,0.41500000000000004,0.43999999999999995,0.44499999999999984,0.4500000000000002,0.09999999999999964,0.0974999999999997,0.08000000000000007,0.08374999999999977,0.09999999999999964,0.09750000000000014,0.0883333333333336,0.0887500000000001,0.10499999999999998,0.09999999999999987,0.09000000000000052,0.09125000000000005,0.1200000000000001,0.09499999999999975,0.10333333333333328,0.09375,0.125,0.09499999999999975,0.1016666666666659,0.09124999999999961,0.13500000000000023,0.09750000000000014,0.09833333333333383,0.0974999999999997,1.0,1.0,1.0,1.0,0.9800000000000004,0.9800000000000004,0.9866666666666668,0.9850000000000003,0.96,0.9699999999999998,0.9800000000000004,0.9824999999999995,0.3000000000000005,0.3350000000000004,0.33999999999999986,0.33750000000000036,0.29000000000000026,0.3250000000000002,0.3500000000000001,0.3600000000000003,0.3000000000000007,0.32499999999999973,0.32166666666666677,0.3337500000000002,0.27000000000000046,0.2524999999999997,0.2383333333333324,0.2450000000000001,0.2850000000000006,0.27000000000000046,0.25333333333333385,0.26000000000000023,0.2600000000000007,0.2500000000000002,0.24000000000000066,0.24874999999999936,1.0,1.0,1.0,1.0,1.0,0.9900000000000002,0.9933333333333332,0.9925000000000002,0.9950000000000001,0.9900000000000002,0.9849999999999994,0.9850000000000003,0.6499999999999999,0.7700000000000005,0.7966666666666666,0.8487500000000003,0.6549999999999998,0.765000000000001,0.8266666666666667,0.8662500000000004,0.6299999999999994,0.7474999999999996,0.8133333333333321,0.8362499999999993,0.8700000000000001,0.9475000000000002,0.9866666666666664,1.0412499999999998,0.8699999999999997,0.9499999999999997,1.005,1.0474999999999999,0.8250000000000002,0.94,0.9833333333333325,1.0112499999999995,1.0,1.0,1.0,1.0,0.9800000000000004,0.9800000000000004,0.9866666666666664,0.9850000000000003,0.96,0.9699999999999998,0.9800000000000004,0.9812499999999997,0.5900000000000003,0.6024999999999996,0.648333333333333,0.6499999999999999,0.5550000000000002,0.5699999999999998,0.5983333333333332,0.63625,0.5650000000000004,0.6124999999999998,0.6150000000000002,0.6475,0.3250000000000002,0.3274999999999997,0.3483333333333336,0.37749999999999995,0.34000000000000075,0.3200000000000003,0.3533333333333326,0.37875000000000014,0.3050000000000006,0.3500000000000001,0.3699999999999979,0.3987499999999997,0.0,0.0,0.0,0.0,0.0,0.0,0.006666666666666821,0.0,0.0,0.0,0.0,0.004999999999999893,0.019999999999999574,0.024999999999999467,0.020000000000000462,0.01749999999999985,0.019999999999999574,0.019999999999999574,0.021666666666666723,0.019999999999999796,0.020000000000000462,0.019999999999999574,0.019999999999999796,0.019999999999999574,0.04499999999999993,0.03500000000000014,0.033333333333333215,0.04249999999999954,0.05500000000000038,0.03500000000000014,0.03833333333333355,0.03374999999999995,0.05499999999999994,0.030000000000000027,0.02999999999999936,0.03750000000000009,0.0,0.0,0.0,0.0,0.0,0.0,0.006666666666666821,0.0,0.0,0.0,0.0016666666666664831,0.0025000000000001688,0.060000000000000164,0.06250000000000022,0.07333333333333325,0.05874999999999986,0.06000000000000005,0.05750000000000011,0.06333333333333324,0.04874999999999963,0.050000000000000266,0.057499999999999774,0.07666666666666688,0.0600000000000005,0.11499999999999977,0.09499999999999975,0.11166666666666591,0.11375000000000046,0.11500000000000066,0.09750000000000014,0.0983333333333336,0.098749999999999,0.11500000000000021,0.08000000000000007,0.11000000000000032,0.11375000000000046,0.41999999999999993,0.4400000000000004,0.4483333333333328,0.45500000000000007,0.41999999999999993,0.4400000000000004,0.45333333333333314,0.45500000000000007,0.41500000000000004,0.4300000000000006,0.4449999999999994,0.4512500000000004,0.10000000000000009,0.09750000000000014,0.08499999999999996,0.07124999999999981,0.11499999999999977,0.09750000000000014,0.08333333333333393,0.07625000000000037,0.11999999999999966,0.09750000000000014,0.08500000000000041,0.08749999999999947,0.08499999999999996,0.08749999999999991,0.09499999999999886,0.0924999999999998,0.08499999999999996,0.09499999999999975,0.09333333333333327,0.08500000000000041,0.10999999999999988,0.09000000000000008,0.09166666666666679,0.08750000000000013,1.0,1.0,1.0,1.0,0.9800000000000004,0.9800000000000004,0.9866666666666668,0.9850000000000003,0.96,0.9749999999999996,0.9800000000000004,0.9849999999999994,0.18500000000000005,0.21499999999999986,0.1983333333333337,0.2100000000000002,0.19499999999999984,0.23999999999999955,0.22333333333333338,0.23249999999999993,0.20499999999999963,0.23250000000000015,0.21333333333333315,0.22999999999999998,0.1899999999999995,0.22999999999999998,0.23666666666666725,0.23625000000000007,0.2199999999999993,0.2174999999999998,0.21166666666666734,0.23874999999999913,0.20499999999999918,0.22999999999999998,0.22499999999999987,0.2437499999999997
Variation,Structure,0.04388888888888892,0.04555555555555557,0.04555555555555557,0.04555555555555557,0.0387755102040816,0.031666666666666676,0.02777777777777779,0.033219600340136046,0.022413548752834522,0.02777777777777779,0.026643990929705152,0.022817460317460403,0.027906112896643187,0.033307347464544446,0.036212822671156,0.03679391771247831,0.01955498866213154,0.019645061728395086,0.019657177838996065,0.02097222222222228,0.016249999999999987,0.013402777777777708,0.013855330922638631,0.02046028466483013,0.021667020975056628,0.022197184917355367,0.02766335227272726,0.02734375,0.020753056129476588,0.01796078854372124,0.012745949074074003,0.014135437212360269,0.016100404262944845,0.012515823151850958,0.013939393939394057,0.015198625493096696,0.03146258503401356,0.028922902494331104,0.03117913832199548,0.03117913832199548,0.001984126984126977,0.02357142857142852,0.0243764172335601,0.019274376417233563,0.024801587301587324,0.02777777777777779,0.02777777777777779,0.026909722222222265,0.014138174512799917,0.011780569580269906,0.011356837606837616,0.011870479947403062,0.008412042502951633,0.009166163506822866,0.011630900179851245,0.010913445251607146,0.009787146614069708,0.013761950046290633,0.014170745791963923,0.012226866122740071,0.012741253364090765,0.0166439909297052,0.01648526077097509,0.017596371882086098,0.009017970852556678,0.009186193744927185,0.013665926610295587,0.011789432991333781,0.008489583333333328,0.012526041666666654,0.01261979560342652,0.01623228951087713,0.0,0.0,0.0,0.0,0.0,0.0,0.004206349206349214,0.011054421768707523,0.0,0.010204081632653073,0.020169005102040782,0.01860119047619052,0.0,0.0,0.0,0.0,0.0,0.006543803418803451,0.007912639031520119,0.0069033530571992185,0.0,0.0038112261669954184,0.0050421422012331685,0.006942148760330613,0.0,0.0,0.0,0.0,0.0,0.0019330172156008518,0.003460207612456745,0.004773242630385532,0.0006328228459138718,0.0044444444444444176,0.005174757451681777,0.008929398148148138,0.0,0.0,0.0,0.0,0.0,0.0,0.022764314058956958,0.016150085034013606,0.000850340136054395,0.007369614512471645,0.016076388888888904,0.010580357142857155,0.007604453627180874,0.008264462809917328,0.015208907254361748,0.008264462809917328,0.008264462809917383,0.010102040816326485,0.010000000000000009,0.010917159763313589,0.009999999999999926,0.011377551020408161,0.011421028466483019,0.013279855827932785,0.004444444444444473,0.0041753472222222365,0.00666666666666671,0.010126874279123399,0.0044444444444444176,0.005497891865079374,0.00859266040975215,0.0113525747308727,0.0044444444444444176,0.007498701523545703,0.010172327005259718,0.007801822015570947,0.02777777777777779,0.02777777777777779,0.03388888888888886,0.02777777777777779,0.02777777777777779,0.02777777777777779,0.027777777777777735,0.02777777777777779,0.02040816326530609,0.027777777777777735,0.023685515873015817,0.030202821869488472,0.01652892561983471,0.015208907254361831,0.016528925619834656,0.013888888888888978,0.008264462809917383,0.010000000000000009,0.009999999999999953,0.009132231404958724,0.014534550045913641,0.010208333333333375,0.011551147980148668,0.010963039485766712,0.008350694444444418,0.013333333333333308,0.01670138888888889,0.01447916666666671,0.008142361111111163,0.01135657459470718,0.007732780612244916,0.009406976332199557,0.009546485260771065,0.009536761702229946,0.00992044727051411,0.008914930555555478,0.023809523809523836,0.023809523809523836,0.025654761904761902,0.025654761904761902,0.014172335600906971,0.02075963718820867,0.020408163265306145,0.014345553036029274,0.021870748299319676,0.021729024943310582,0.02097505668934241,0.020408163265306145,0.021404958677685937,0.022067263544536225,0.02406121462065519,0.023616850321395766,0.016081913840405304,0.016012396694214837,0.01594115577507188,0.014028269710087915,0.011498097861734224,0.015043863964318449,0.014457618915660886,0.016704273775952072,0.010013149243918495,0.017299679487179476,0.020166676939513517,0.021143239439513517,0.0078125,0.012472105844019976,0.013372781065088879,0.014479166666666654,0.010882050736961468,0.010073261841501258,0.011144520165441651,0.012739564199055364,0.033333333333333326,0.033333333333333326,0.036666666666666625,0.03944444444444445,0.033333333333333326,0.02888888888888891,0.02480158730158727,0.02777777777777779,0.01957908163265304,0.02777777777777779,0.020408163265306145,0.018775510204081636,0.015247933884297488,0.016280991735537154,0.016446280991735562,0.016157024793388486,0.009447887970615299,0.014181965567455102,0.012045549632962255,0.011064236989561604,0.01020833333333332,0.013788452708907273,0.01468348334981695,0.014094345825115068,0.008105335884353637,0.009374856696491185,0.010075999149659842,0.009510911118259913,0.0078125,0.00785714285714284,0.008072916666666652,0.008004889455782288,0.0057596371882085995,0.0074635321249039155,0.007543990565473113,0.005639438066893376,0.023809523809523836,0.02749433106575966,0.03117913832199548,0.03117913832199548,0.001984126984126977,0.02357142857142852,0.025226757369614494,0.017361111111111105,0.024801587301587324,0.02721088435374147,0.026723710317460347,0.026909722222222265,0.015616934541759664,0.019365243342516103,0.01743107514086531,0.017975206611570205,0.012879935720844837,0.010000000000000009,0.011212195923734403,0.01044536271808999,0.009999999999999981,0.009216023875114693,0.010002876397107174,0.009230035698567118,0.009181955257593188,0.009658454680891992,0.00942053870840276,0.00899034893096673,0.006143100009611713,0.00565699258006952,0.007313279478458057,0.006144022798389548,0.004350588361577368,0.007866721136984223,0.006776208706351983,0.008013464132311021,0.0,0.0,0.0,0.0,0.0,0.0,0.004206349206349214,0.011054421768707523,0.0,0.01179138321995471,0.019274376417233563,0.021258503401360596,0.0,0.0,0.0,0.0,0.0,0.006838151927437641,0.007604453627180874,0.006944444444444475,0.00334940312213039,0.0035630006440445783,0.0060342056932966015,0.008206777890219452,0.0,0.0,0.0,0.0,0.0,0.0022222222222222088,0.0032675983996539593,0.004444444444444473,0.0017297934288094674,0.004111680729984302,0.004444444444444473,0.007366457612456745,0.0,0.0,0.0,0.0,0.0,0.00833333333333336,0.022764314058956958,0.017573696145124718,0.000850340136054395,0.007369614512471645,0.007653061224489832,0.01554528061224486,0.00597222222222224,0.00347222222222221,0.00347222222222221,0.00694444444444442,0.00694444444444442,0.009999999999999953,0.009999999999999898,0.01020833333333332,0.008264462809917328,0.007604453627180929,0.012664024287400932,0.011931727551537374,0.00390625,0.00390625,0.0036832288062284,0.0041753472222222365,0.002561364619377171,0.00390625,0.004444444444444473,0.004175347222222181,0.004834006519274403,0.007519664115646252,0.0069926697530864335,0.008138636582083802,0.02777777777777779,0.02777777777777779,0.02777777777777779,0.02777777777777779,0.02777777777777779,0.02777777777777779,0.027777777777777735,0.027777777777777735,0.02040816326530609,0.027777777777777735,0.021453373015872967,0.02618142164273113,0.010000000000000009,0.010000000000000009,0.010000000000000009,0.009999999999999898,0.010000000000000009,0.008407943067033963,0.008498940009929012,0.008264462809917328,0.00694444444444442,0.00937460946202201,0.008264462809917439,0.008680131057753449,0.008350694444444473,0.01038062283737029,0.008888888888889002,0.009074074074074179,0.005338409873753391,0.005508823729655277,0.005595597614045655,0.007366457612456745,0.00548070790816324,0.004286812764321413,0.005637440161249674,0.005885011173587085,0.026823979591836744,0.029339569160997725,0.03429705215419504,0.029478458049886636,0.022460317460317514,0.023287981859410334,0.01937074829931973,0.014172335600907082,0.024801587301587324,0.025758219954648498,0.022794784580498856,0.024232725497606467,0.01363062442607893,0.016253851044060852,0.018345358507071863,0.01852322987812499,0.008293158861340688,0.010000000000000009,0.008575193537730924,0.009935720844811757,0.008392423773917246,0.009045633098663353,0.012443562237518246,0.010000000000000009,0.008346114741161481,0.009068734247511645,0.008896116877092075,0.010150843425605516,0.00786147108004931,0.005840524326101271,0.007530034072452563,0.007357029481182442,0.005728217212811082,0.007192814625850363,0.00647424768518523,0.005053480905357122,0.033333333333333326,0.033333333333333326,0.04012471655328792,0.03944444444444445,0.033333333333333326,0.02888888888888891,0.02480158730158727,0.02777777777777779,0.02127976190476194,0.02777777777777779,0.020408163265306145,0.018775510204081636,0.027816039179675567,0.029570579532700703,0.03297737475767781,0.03333333333333338,0.022014462809917368,0.02174805005307834,0.01977387996618768,0.017194483837840446,0.022231404958677703,0.020000000000000046,0.01667906577580236,0.014958677685950383,0.012191043083900177,0.013611111111111074,0.014003748558246792,0.018055555555555547,0.010882068575341686,0.011990062815792346,0.012866096329599341,0.012414336104812351,0.009763164525069257,0.011285263868361262,0.008299024057145166,0.006763544197635474,0.0286635487528345,0.02523809523809528,0.03117913832199548,0.03117913832199548,0.001984126984126977,0.02523809523809528,0.025226757369614494,0.017361111111111105,0.024801587301587324,0.02777777777777779,0.026723710317460347,0.026909722222222265,0.02509902684727855,0.024782538612458715,0.025222657933696935,0.022523538039272373,0.015905423248080586,0.010972222222222217,0.016666666666666607,0.017985867917186593,0.013657879818594149,0.016012396694214837,0.015991935900152687,0.017867025273891834,0.009483445997757078,0.012197066326530615,0.011891880193905802,0.012080314662629765,0.008809346655328787,0.006131235582468253,0.008917468641868515,0.010224011479591844,0.00725757521145709,0.009718590561224483,0.009374385919945383,0.010963594419249212,0.0,0.0,0.0,0.0,0.0,0.0,0.004773242630385477,0.008485685941043097,0.0,0.011621315192743786,0.019274376417233563,0.021258503401360596,0.0,0.0,0.0,0.0,0.0,0.006543803418803451,0.00694444444444442,0.004285050613721919,0.0015702479338843278,0.0041635638476298364,0.004397372732162952,0.007013314967860451,0.0,0.0,0.0,0.0,0.0,0.0022771990740741155,0.00390625,0.004444444444444473,0.002529653889230876,0.00390625,0.004470289205006639,0.007358033240997264,0.0,0.0,0.0,0.0,0.0,0.00833333333333336,0.022764314058956958,0.015724914965986436,0.000850340136054395,0.007936507936507908,0.007653061224489832,0.01554528061224486,0.0,0.0,0.00694444444444442,0.00347222222222221,0.00694444444444442,0.010000000000000009,0.009999999999999953,0.009999999999999953,0.008264462809917328,0.006778007346189219,0.01019274376417234,0.01082644628099172,0.004444444444444473,0.0036832288062284,0.004175347222222181,0.003460207612456745,0.0041753472222222365,0.0037847222222222032,0.004773242630385477,0.0050053461962655255,0.005888267381656764,0.007214856367836309,0.004444444444444473,0.005524843209342545,0.02777777777777779,0.02777777777777779,0.03388888888888886,0.02777777777777779,0.02777777777777779,0.02777777777777779,0.027777777777777735,0.02777777777777779,0.020408163265306145,0.027777777777777735,0.023685515873015817,0.02862811791383213,0.010000000000000009,0.010000000000000009,0.009132231404958724,0.009132231404958613,0.009132231404958668,0.009268824609733717,0.008498940009929012,0.008264462809917328,0.008171347051217137,0.009869329388560166,0.010712297124010395,0.00881442857841458,0.009074074074074123,0.01171875,0.010380622837370151,0.013333333333333308,0.008231509515570945,0.008888888888889002,0.008270975056689334,0.00888888888888889,0.0078125,0.006055363321799345,0.006761808331639918,0.008888888888888752,0.024978741496598678,0.029339569160997725,0.03429705215419504,0.029478458049886636,0.02111111111111119,0.0222222222222222,0.02040816326530609,0.015047792265054205,0.0267857142857143,0.02498866213151918,0.022794784580498856,0.024232725497606467,0.008264462809917328,0.009132231404958724,0.008264462809917383,0.008264462809917328,0.009132231404958668,0.008264462809917383,0.007530407626561486,0.008264462809917328,0.007604453627180874,0.008264462809917328,0.012063589490069249,0.011533530571992134,0.010062572823246962,0.010292352235011681,0.010908064206074541,0.010457382844205165,0.006911054250131499,0.008762269920222998,0.00855442176870741,0.00692041522491349,0.006288130207514286,0.008135274943310677,0.008021003540304994,0.013431582804690534
Variation,Estimated Number of Acyclic Paths,0.0,0.0,0.0,0.0,0.0,0.20226443461741295,0.35149530210466473,0.5355363941319624,0.22271988537296372,0.44351584811831357,0.6108288272989979,1.1473650154700563,9.150788535410024,9.972633727575534,9.972633727575534,9.972633727575534,6.712526524235779,14.17215129493545,22.14833018682726,35.91832306562972,10.002303343517344,18.66892609243349,29.640638839954335,39.97581184486844,26.225692383399608,47.25109752900832,51.45700325144155,63.52477072787306,27.04290274535286,72.40068120860134,101.29034668364129,167.62413111484761,48.95753288067396,121.37746300817395,318.15638787264993,848.3012146533464,0.0,0.0,0.0,0.0,0.0,0.3219281800540563,0.42259030065554004,0.3870428013801024,0.2923610580034479,0.42259030065554004,0.7343777747006461,1.439769622633452,12.24329069943909,17.35086130595409,38.02424862670841,38.02424862670841,11.378914022831152,35.236813613995125,69.70660892610097,77.33251373426562,8.2123903893126,48.29679678563943,78.11305580120705,112.1123674223723,34.3623183340588,28.224643142328866,49.228267986306946,35.84605603331457,19.81715598563438,47.796597616418325,75.46725547056988,198.74263456735122,32.19281800540554,160.72450683562352,549.4921429587312,1635.000222098156,0.0,0.0,0.0,0.0,0.0,0.0,0.0,0.0,0.0,0.0,0.32845485787708184,0.6108288272989979,0.0,0.0,0.0,0.0,0.0,0.0,0.0,1.9360168955306856,0.0,2.5251744114470513,1.1688505738970556,2.4420749815896405,0.0,0.0,0.0,0.0,0.0,0.0,1.4337574563953948,18.900604283487226,1.8858541209476902,26.776819706598147,84.3890406054373,86.9060893702984,0.0,0.0,0.0,0.0,0.0,0.22271988537296372,0.0,0.27319685122483306,0.22271988537296372,0.14618052900172396,0.508065288892436,0.5261434836735153,2.1065627701840897,2.4482891606165706,3.3706259445529483,1.9175397394644667,1.134355208983953,6.465892198567502,7.887630367729415,16.24158688118534,2.4420749815896405,4.2438399268745925,10.160361099441081,21.682830027458678,5.636454802402138,7.7737122284078914,7.038234705821377,14.297697818221264,9.845697767546032,32.26095512350509,40.63143290481257,98.61062054750529,10.158828675726022,108.13545976775056,103.365692275168,749.4141832029809,0.2677681970659812,0.2677681970659812,0.43401503570073374,0.357475679329494,0.22271988537296372,0.2923610580034479,0.3870428013801024,0.5594470580957169,0.2431753361285145,0.3870428013801024,0.7343777747006461,0.8086470273983557,5.331041315517584,4.348034748854456,4.758880234441608,4.451406336130832,4.0087270972979,6.3152848589720225,5.726277489124025,5.768129519011557,3.641538209947577,10.802765125520393,18.57064012059248,13.968856149473675,29.005317471575857,74.57048142881837,49.706233125744504,75.43570317362995,24.974958494701426,24.604017589546444,66.62357334912767,68.9117067404379,42.54377059563276,99.85511251558148,208.62690022479939,104.48085447553153,0.0,0.0,0.0,0.0,0.0,0.2923610580034479,0.43401503570073374,0.27319685122483284,0.2677681970659812,0.3870428013801024,0.7343777747006461,1.090196479247821,9.367548022095121,15.320165008366343,18.85003730989964,20.064295366441442,3.546325609475774,9.408887507970155,15.405974113622067,26.150391091656203,8.276989221107003,22.501204066712667,40.215546805350584,36.52601450346761,10.361051774712731,49.35810127001001,49.35810127001001,36.60368072103475,7.556018389990349,20.226443461741326,67.02896820999536,47.19801041664515,21.91944257413779,74.45391852335716,209.22677478724606,397.2415120514918,0.0,0.0,0.0,0.0,0.0,0.2431753361285145,0.35149530210466473,0.5218008415121992,0.22271988537296372,0.3870428013801024,0.6108288272989979,1.1473650154700563,2.05538257154193,4.775893418931529,6.109075688455059,5.186738904518682,1.2086244616816626,4.369109655612266,11.387040160870201,22.37580189216937,2.2015631005436544,4.2438399268745925,7.3749485420023575,19.977915613497256,9.046397973159163,19.44036959342473,24.583325281519933,29.622748214900227,4.758880234441608,15.441063929179775,43.49999167043855,77.49467088774081,10.204435620581382,56.063114549873724,103.365692275168,275.3703574266072,0.0,0.0,0.0,0.0,0.0,0.3219281800540563,0.42259030065554004,0.42259030065554004,0.2677681970659812,0.42259030065554004,0.7343777747006461,1.203352722151926,2.9978434734733956,2.5082470224475153,3.7814714301401002,4.0840603714795005,3.316894049845871,4.3475015504397145,18.349655803712324,30.472912816209053,3.0075834962961814,8.600537814884051,39.717822499275954,56.37925547090262,1.321612677666685,6.829684121048395,6.235831716549299,2.3700039491443037,6.829684121048395,11.236432821274722,60.95893969335435,96.70776524265636,7.842023422874055,12.816191688275694,194.8868133152527,451.02769283251814,0.0,0.0,0.0,0.0,0.0,0.0,0.0,0.0,0.0,0.0,0.2583547819886345,0.4861037806000681,0.0,0.0,0.0,0.0,0.0,0.0,0.0,3.722072727230549,0.0,1.061498842304208,1.3046922875067164,2.217785424132222,0.0,0.0,0.0,0.0,0.0,0.0,6.847122458138667,54.676993679226854,2.296699606534842,22.818810736240646,39.654548208514186,191.21707428529317,0.0,0.0,0.0,0.0,0.0,0.0,0.0,0.27319685122483306,0.2431753361285145,0.14618052900172396,0.508065288892436,0.44145814004803263,1.69380226707967,1.108892712066111,1.3680940854940726,2.701276355017602,0.0,1.2501051674463883,7.079715411586102,23.24061525211171,2.4420749815896405,8.860110867712038,22.08795079091373,42.7370508567849,2.9360198970342033,3.2923407330806813,3.2923407330806813,4.017107363884967,3.2056752550213474,5.570825114877447,25.35608437670289,49.942906510394195,9.082756953892382,45.30185288233527,150.54308915819638,279.3907591174552,0.2677681970659812,0.2677681970659812,0.357475679329494,0.357475679329494,0.22271988537296372,0.3689004143746877,0.35149530210466473,0.5594470580957169,0.2677681970659812,0.3870428013801024,0.7343777747006461,0.8086470273983557,3.364411765526018,4.348034748854456,2.4420749815896405,3.364411765526018,1.5793892358218427,2.9360198970342033,3.2056752550213474,3.529872301533299,0.8829162800960653,3.601435900795277,7.429822068605651,9.942710061016625,20.625316311162436,48.02402090551273,29.32111348871917,29.32111348871917,24.79708425364499,28.22247944655464,60.35862346565762,22.976552787716777,15.825968805838356,17.656683939001628,68.62394637227982,190.26753647171813,0.0,0.0,0.0,0.0,0.0,0.2923610580034479,0.43401503570073374,0.42259030065554004,0.2677681970659812,0.3870428013801024,0.7343777747006461,0.9067859348220206,4.0840603714795005,2.4482891606165706,3.7814714301401002,5.654439762473535,1.8988435066461766,4.8623211069526056,14.27057194292498,25.161214449608096,2.4420749815896405,4.633610505703935,17.04390155669045,34.69642544344394,7.735778023966528,32.472177582889145,22.774565578574904,5.846677554385266,15.510764866902596,16.86283170870246,60.95893969335435,96.70776524265636,22.307322028487345,90.03277114783742,222.7025597461497,684.4095365667067,0.0,0.0,0.0,0.0,0.0,0.22271988537296372,0.35149530210466473,0.5218008415121992,0.22271988537296372,0.3870428013801024,0.6108288272989979,1.1473650154700563,7.541552219809579,7.541552219809579,7.541552219809579,7.541552219809579,3.191755657837212,4.785388353489688,8.637659088228151,13.346895825125298,6.3004316625602215,10.939196676159632,16.04649816309178,21.887308414100495,31.349067306710097,52.27535464640095,52.27535464640095,52.27535464640095,26.256875377580055,26.44680391668373,39.92867247629802,94.79196739337037,39.12982025637149,131.5390273850507,304.2663362416922,554.6635627355018,0.0,0.0,0.0,0.0,0.0,0.3219281800540563,0.3870428013801024,0.35149530210466473,0.2431753361285145,0.42259030065554004,0.7343777747006461,1.203352722151926,10.647933212999936,14.627290321348088,26.737667677629055,30.086470131174366,13.194500221091339,16.00703865382635,51.16622329234447,84.62820648970155,12.06858708220506,19.476194723219415,112.71099314428591,170.83400133144664,34.3623183340588,68.23126630148163,106.84427107627124,110.30680033917605,33.347259577176224,92.77118930170573,208.82777504786023,206.96219625809323,45.938019918172586,188.1349949477717,558.6883237265805,1368.8700977259327,0.0,0.0,0.0,0.0,0.0,0.0,0.0,0.10564757516388501,0.0,0.0,0.2583547819886345,0.5707891242255507,0.0,0.0,0.0,0.0,0.0,0.0,0.0,3.722072727230549,0.0,1.061498842304208,1.4337574563953948,4.190680031817305,0.0,0.0,0.0,0.0,0.0,0.3665069278847587,0.6381011527449516,27.68798683610379,7.058313985116635,25.374749196354344,36.952317954926436,261.7018423400098,0.0,0.0,0.0,0.0,0.0,0.0,0.0,0.27319685122483306,0.2431753361285145,0.2923610580034479,0.508065288892436,0.44145814004803263,0.0,0.0,3.810169067083713,1.3680940854940726,0.9223367839363776,5.132709929043973,4.294302854147379,15.000853350167015,2.4420749815896405,8.058692053956705,23.24635341733971,61.70339029966258,2.701276355017602,3.588346612216184,3.9300730026486654,1.6448108621999586,2.2229541531139656,3.70951153157133,15.408451454053171,58.73028906301076,8.866638339182984,49.76758311063867,141.13456412610384,450.20798627334307,0.2677681970659812,0.2677681970659812,0.43401503570073374,0.357475679329494,0.22271988537296372,0.2923610580034479,0.35149530210466473,0.5594470580957169,0.24860399028736635,0.508065288892436,0.7542316887304255,0.8829162800960653,2.502032843420585,4.348034748854456,3.364411765526018,2.666364539047059,1.4088433611684386,2.9955439062300346,2.9360198970342033,1.6169663191582102,0.8829162800960653,3.529872301533299,7.429822068605651,17.109861740057376,20.16580500768916,48.85189537992361,34.25288110266569,19.160752389278095,20.84753090455228,51.80845218760213,21.228003133142153,84.00613302034546,26.833493692900706,51.670956397726954,50.26450200476364,343.39308717508146,0.0,0.0,0.0,0.0,0.0,0.2923610580034479,0.43401503570073374,0.465327794773988,0.2431753361285145,0.42259030065554004,0.7343777747006461,1.232050359095539,1.1188941161914339,2.1065627701840897,1.1188941161914339,0.9464898594758193,1.4467481801433073,1.8945443451365143,5.102217810290691,9.5707119813651,2.2777432859631666,3.3488024535453107,17.278449784049442,9.101523474535647,18.177129405949657,28.000264853164794,8.392926872590127,23.38808774679395,17.93407332784897,16.86283170870246,24.974958494701426,90.3108625760165,13.923249204618315,56.033459526672175,237.74750355787177,393.55883559651033
Variation,Number of Ties in Paths to Goal,3.0,3.5,4.0,5.0,0.5,4.0,3.5,5.5,3.5,4.0,5.0,5.75,73.25,157.75,227.25,283.25,76.5,153.5,234.75,297.5,74.0,151.75,225.25,290.5,101.25,217.0,347.0,505.5,101.5,218.0,362.0,507.0,104.0,212.5,350.75,483.0,2.5,3.0,4.0,3.0,2.75,3.5,4.0,3.0,2.25,3.0,4.0,5.5,32.0,57.75,93.0,123.25,33.5,62.0,92.0,132.75,33.75,59.5,100.25,125.25,35.5,71.25,115.0,161.5,35.5,74.75,113.0,158.0,37.25,72.75,113.75,156.0,0.0,0.0,0.0,0.0,0.0,1.0,0.5,1.0,1.0,1.0,1.0,2.0,5.0,8.0,12.0,16.75,4.5,8.25,12.5,13.0,5.75,7.25,12.25,17.25,7.75,12.0,10.25,19.5,6.0,11.5,11.25,22.75,5.75,11.25,18.0,21.5,0.0,0.0,0.0,0.0,0.0,1.0,1.0,1.25,1.0,1.5,2.0,2.0,9.0,15.0,23.0,26.25,10.25,15.0,26.0,31.0,6.5,15.75,19.5,25.75,10.5,14.75,31.25,42.25,10.75,14.75,30.5,40.0,8.75,13.0,30.25,37.5,19.75,32.25,39.25,45.25,19.0,33.25,36.0,45.75,18.0,33.5,42.25,48.75,27.25,50.0,72.5,94.5,25.75,51.75,71.75,98.75,27.5,49.75,71.0,105.5,28.25,50.75,72.0,117.25,26.0,42.25,70.0,104.5,27.5,43.5,68.25,127.5,3.0,2.0,2.0,2.5,2.0,2.0,3.0,3.0,2.0,3.0,3.0,3.25,29.25,58.75,97.5,136.25,30.0,58.5,93.5,126.25,30.25,58.75,97.5,127.0,38.5,84.0,123.75,172.25,35.5,76.0,118.25,172.5,40.25,85.5,115.75,163.0,3.5,3.75,4.0,5.0,0.5,4.0,3.5,4.25,3.25,4.0,5.0,5.75,18.75,37.0,56.25,84.0,19.25,38.25,55.0,86.75,19.0,42.75,58.25,90.25,22.75,31.0,58.0,85.5,23.0,29.0,61.25,79.75,22.25,32.25,64.75,80.0,3.0,4.0,4.0,3.0,2.0,3.5,4.0,3.0,2.0,3.0,3.5,4.5,11.0,23.5,42.5,34.25,10.0,23.25,31.75,35.25,11.0,23.5,34.5,40.5,17.75,36.5,57.25,72.25,19.0,34.75,53.0,77.5,17.0,37.0,56.75,74.0,0.0,0.0,0.0,0.0,0.0,1.0,0.5,1.0,1.0,1.0,1.0,1.75,5.0,8.0,13.75,12.5,5.0,9.0,13.75,21.5,5.5,9.25,15.75,16.75,6.5,10.5,12.25,17.5,6.0,8.5,12.25,23.75,5.5,10.0,12.0,19.75,0.0,0.0,0.0,0.0,0.0,1.0,1.0,1.5,1.25,1.0,2.0,2.0,13.5,14.5,29.0,29.5,14.5,15.25,31.5,29.25,17.25,19.5,30.75,39.0,9.5,19.25,46.75,45.5,9.25,18.75,46.0,50.0,9.25,18.25,44.5,44.0,18.5,34.0,38.0,47.0,20.5,32.5,39.25,46.25,19.5,31.75,39.75,46.75,25.75,52.5,72.25,88.0,26.25,52.75,72.75,88.0,26.0,50.5,76.0,87.25,20.5,36.25,66.5,77.75,19.25,36.5,48.0,69.5,17.0,36.25,55.5,84.0,2.5,3.5,3.5,3.5,2.0,3.0,3.0,3.0,2.0,3.0,3.0,3.75,12.0,29.0,43.25,49.0,12.75,27.25,41.5,50.5,12.0,26.75,45.5,53.5,20.75,37.25,61.25,83.5,20.5,35.5,62.25,80.25,21.75,35.5,61.0,84.0,3.0,3.5,4.0,5.0,0.5,4.0,3.5,4.25,3.5,4.0,5.0,5.75,38.0,80.0,117.75,167.75,38.0,83.75,126.25,174.5,38.5,81.5,125.75,173.5,66.0,125.25,197.0,268.5,63.25,123.25,188.75,281.0,67.25,124.75,203.5,277.25,3.0,4.0,4.0,2.5,2.0,3.5,3.5,3.0,2.0,3.0,3.5,4.5,29.5,54.75,85.5,106.75,27.25,51.0,80.25,97.25,27.5,55.5,83.25,105.5,38.5,72.25,98.25,140.25,38.25,75.0,104.75,166.25,38.25,64.25,100.25,150.5,0.0,0.0,0.0,0.0,0.0,1.0,0.5,1.0,1.0,1.0,1.25,1.75,4.5,7.25,10.5,13.25,4.25,9.0,12.0,17.0,4.5,7.0,15.25,13.75,7.0,10.0,15.5,23.75,5.75,10.5,14.0,20.75,5.25,9.5,18.25,24.75,0.0,0.0,0.0,0.0,0.0,1.5,1.0,1.5,1.0,1.0,2.0,2.0,17.5,16.75,30.25,37.75,15.5,26.5,35.25,35.75,14.0,16.5,29.5,30.75,20.25,25.5,41.25,62.5,15.5,25.5,42.0,52.5,19.0,22.0,40.25,64.0,19.75,33.25,40.25,47.25,19.25,34.25,37.25,46.5,19.5,33.5,39.0,45.5,25.25,45.0,75.75,90.75,27.75,52.75,72.75,84.75,25.25,54.75,81.0,93.25,22.25,45.0,67.75,89.5,23.0,39.0,68.0,91.75,21.25,38.0,67.75,87.0,2.75,3.5,3.5,3.0,2.5,3.0,3.0,3.0,2.0,3.0,3.0,3.75,17.0,34.25,54.0,59.75,16.75,32.5,57.0,60.75,19.5,36.25,49.75,70.5,12.0,34.5,34.0,69.25,12.5,30.75,36.0,64.75,18.5,34.25,43.75,67.5
Variation,Lempel-Ziv Complexity,10.0,14.0,18.0,21.5,7.25,8.5,7.75,14.25,4.0,11.25,16.25,19.5,32.5,57.5,81.75,106.75,31.75,58.25,81.75,108.75,32.25,59.25,86.0,110.0,39.25,70.75,101.25,136.0,38.5,71.25,102.25,134.5,40.75,71.75,106.0,135.25,8.0,13.0,17.0,19.5,8.0,13.0,17.0,19.25,8.0,12.0,8.0,7.75,14.75,24.5,36.0,47.25,15.25,24.5,34.75,44.0,16.0,24.0,34.5,44.0,14.75,23.0,34.75,46.0,13.75,21.25,33.5,40.0,14.0,21.5,31.75,39.5,0.0,0.0,0.0,1.0,0.0,0.5,1.0,2.0,1.0,1.0,2.0,1.75,2.0,2.0,3.0,3.75,1.0,2.5,3.5,3.5,1.0,2.0,3.0,4.0,2.0,2.75,3.0,4.25,1.5,3.0,4.25,4.25,1.5,2.5,3.0,3.75,0.0,1.0,1.0,1.0,0.0,1.0,1.0,2.0,1.0,2.0,2.5,2.0,3.5,5.5,9.0,13.75,3.25,5.5,8.25,14.0,2.75,5.5,9.0,11.75,4.5,8.25,12.75,15.75,4.5,6.5,12.75,18.0,4.25,6.0,11.75,15.25,10.75,21.5,32.0,41.0,10.5,19.25,28.5,36.5,9.25,18.75,20.5,30.5,8.25,12.75,18.5,22.75,8.0,12.25,16.75,22.75,8.5,13.0,18.25,21.75,7.0,12.25,18.0,21.5,7.25,12.0,18.75,21.75,7.5,12.25,16.75,20.25,8.0,12.0,15.5,18.75,7.75,12.0,14.5,16.75,7.0,10.0,5.5,7.5,13.25,19.75,31.5,38.5,12.75,18.0,26.0,31.25,12.0,17.0,26.5,33.75,10.25,21.0,27.25,36.0,11.75,19.5,26.75,35.0,10.0,18.5,26.75,37.75,9.0,13.5,16.5,20.0,5.5,6.0,6.0,10.5,3.0,6.0,16.0,18.25,9.0,13.75,20.5,26.0,7.5,12.25,19.5,22.5,7.0,13.0,19.0,23.75,8.0,12.5,19.0,25.0,8.5,12.75,19.75,24.5,8.0,13.75,20.0,22.5,8.0,12.5,16.5,19.0,8.0,13.0,16.75,18.25,8.0,12.0,5.5,7.75,4.5,6.5,10.0,12.5,4.0,6.25,10.0,12.75,4.0,5.5,10.0,13.75,5.0,8.5,11.75,17.25,5.0,9.0,11.5,14.25,5.25,7.75,12.0,15.0,0.0,0.0,0.5,1.0,0.0,1.0,1.0,2.0,0.75,1.5,2.0,1.5,1.5,2.0,3.75,4.0,1.5,2.75,3.75,3.75,1.5,2.0,3.25,4.5,2.25,2.0,3.0,4.5,2.0,2.5,4.5,5.5,2.0,3.0,3.25,4.25,0.0,0.5,1.0,1.0,0.0,1.0,1.0,2.0,1.0,2.0,2.0,2.0,4.75,4.25,9.5,10.0,4.0,4.25,8.75,9.5,5.25,4.75,9.5,10.25,4.0,8.0,10.5,15.5,4.0,5.75,10.0,14.75,4.25,7.0,8.75,11.75,10.5,21.5,32.0,41.0,10.5,19.25,28.5,36.25,10.25,18.75,20.75,30.5,7.0,12.5,15.5,19.75,7.5,11.0,14.0,17.75,7.5,11.0,14.75,18.75,7.25,10.5,16.5,20.0,6.75,10.0,17.0,19.75,6.5,10.0,16.25,20.5,8.5,13.0,17.0,19.0,8.0,12.5,15.0,18.25,7.0,11.5,11.5,14.75,7.0,11.5,18.75,21.25,6.75,11.25,15.5,18.75,6.25,11.5,17.5,21.75,7.0,8.75,14.25,21.5,6.25,9.75,15.25,20.5,6.25,8.75,14.5,21.75,9.0,13.5,16.5,20.0,5.5,5.25,7.0,9.75,3.5,6.0,16.0,18.25,16.0,28.5,40.25,49.5,16.0,26.5,39.75,51.5,16.25,27.0,39.25,55.25,23.25,39.5,51.25,65.75,24.5,39.25,51.75,65.5,22.5,38.0,51.25,66.25,8.0,12.5,16.5,19.0,8.0,13.0,16.75,18.75,8.0,12.0,5.5,7.5,10.5,15.75,21.75,28.5,10.5,16.0,21.25,26.5,10.75,16.75,24.0,31.25,11.75,18.0,27.75,34.25,11.5,21.5,29.0,35.75,11.5,19.5,27.25,37.75,0.0,0.0,0.75,1.0,0.0,1.0,1.0,1.75,1.0,1.25,2.0,2.0,1.0,2.0,3.25,4.0,2.0,3.0,3.5,4.0,1.0,2.0,2.5,4.0,2.0,3.0,3.75,4.25,2.0,3.0,3.5,4.0,2.0,2.5,3.25,4.0,0.0,0.5,1.0,1.0,0.25,1.0,1.0,2.0,1.0,2.0,2.5,2.0,4.75,5.5,9.5,10.0,4.5,6.5,9.0,10.25,5.25,4.25,9.5,10.25,4.5,8.0,13.5,14.25,4.5,8.25,12.75,14.5,4.0,8.25,12.5,13.75,10.5,21.5,32.0,41.0,10.5,19.25,28.5,36.0,10.0,18.75,20.0,28.0,7.0,11.75,15.0,19.5,7.0,11.5,14.25,19.5,7.0,11.0,15.75,20.5,8.0,11.5,17.75,22.75,8.0,12.25,17.5,20.0,6.75,11.25,16.5,21.25,8.5,13.0,17.0,19.0,8.0,12.5,15.0,18.25,7.0,12.0,12.5,15.25,7.75,12.25,14.75,14.75,7.75,10.5,14.5,12.5,7.25,11.25,15.5,15.5,5.25,8.25,16.25,21.0,6.25,9.75,13.5,22.25,6.0,9.5,16.0,22.5
Distance,Average Affinity,0.01348688046647234,0.014017316017315817,0.014752743155426906,0.014993898061736566,0.01064285714285712,0.010289081289080737,0.010805901779055216,0.010823971045704539,0.008792517006802725,0.009541967291967157,0.009558538404176004,0.009983040201004989,0.03654831109933118,0.038448206815632324,0.03822765849610266,0.03973986318678696,0.03496365256059039,0.036111712361712955,0.0379951399582355,0.040094928103731664,0.031384397915009715,0.03459909703091657,0.036161831643372694,0.03767609550557269,0.013018392954919411,0.014920738632861752,0.01618491041645362,0.01529682416271072,0.01195860202222726,0.015394957035110846,0.015880143739154917,0.01525765907327789,0.01393720483531477,0.016085899019612077,0.015406888413599495,0.01485835109045655,0.003787657920310994,0.007952441077441141,0.008383668903803376,0.009265748384781058,0.004766763848396555,0.006763588263588138,0.008655853840417504,0.009271247108558756,0.007059766763848452,0.006563492063492049,0.007401139874295082,0.007838473119566536,0.01140387050591074,0.010719691503782991,0.01182053603865732,0.011890173164356393,0.010930968124846396,0.010491315082224811,0.011286298588313468,0.011799891970133605,0.012538245767836409,0.01063970919652922,0.011044194805919783,0.012066236387854895,0.008548712175515893,0.009863751077754945,0.010262056735231423,0.009733665228758626,0.010553051906743799,0.009861433872115632,0.009688293478633148,0.01045214295058286,0.010231965723001168,0.010594476758469501,0.009566650275219274,0.011479706296237263,0.0,0.0,1.1102230246251565e-16,0.0,0.0,0.0001986531986532536,0.00020059656972365447,0.00034966499162464304,0.0009620991253645461,0.0004675324675324499,0.0004645786726324985,0.00035618569035561487,0.00125688370586291,0.0008790283790285208,0.0010042700898403173,0.000962246749619769,0.0014810053891684272,0.001192890302739058,0.0013875386979416149,0.0011367343572098454,0.0010044909738783636,0.0006240766808948695,0.0008812808494009505,0.0008711495790637291,0.0010122640964470575,0.0011896607881461407,0.0012952796114572007,0.0011571135104443409,0.0016138980067552933,0.0007010673109144605,0.0010241058963954552,0.0009717207345998347,0.0020448655652732795,0.0009844618140241734,0.001588873964711468,0.001142664814164529,0.0,0.0,0.0,0.0,0.0,0.00033501683501574453,0.0001912219026312112,0.000369765494137142,0.0006292517006800113,0.0004167869167865934,0.0005335570469798268,0.0005745692749462017,0.007155748446565413,0.004536807468624254,0.006519223071239616,0.006231535563823387,0.005647907647907333,0.004296525864705011,0.0058147920933129815,0.005659415751756658,0.005721574344023345,0.004362353695686855,0.006057457767191632,0.005639619331672091,0.005159950310460765,0.005473136431470377,0.004415660184955206,0.003951640067450274,0.0052229830826773516,0.006176423183998692,0.005447043666002072,0.00450118451830156,0.005080623458174505,0.005273278349035848,0.0052278627102447794,0.004712832852070081,0.08428571428571419,0.08361952861952876,0.0834750186428041,0.08357621440536023,0.08193877551020406,0.08141293891293871,0.0810674336848834,0.08127769801387907,0.0819387755102039,0.08053872053872008,0.07934313412165767,0.0795784876764774,0.005654680919986749,0.005711765927674944,0.007289589729183643,0.007191916472693738,0.007658001295755584,0.005950260177531974,0.006496305583544082,0.005907874962838483,0.005109952405870616,0.006878725931756036,0.0054480590745378255,0.005743463369394186,0.025350922603473575,0.028169736968980424,0.028445717038301288,0.029042507608168816,0.024592868016337838,0.027719043512604347,0.027702140478381876,0.02813224356727298,0.02636139183401731,0.027744222248009598,0.02893224914533782,0.030316436728012514,0.00010689990281836925,0.00012866762866758918,0.00015659955257224523,0.00022642976788683766,0.0005150631681243856,0.0032142857142857806,0.0024429530201341976,0.0016658291457284924,0.006190476190476191,0.0023809523809519284,0.0015608820709503979,0.0012457525723848506,0.014814419707276594,0.01283179558937153,0.014321412430479241,0.016039988905563962,0.014274891774891635,0.012602126969550737,0.012764272950517408,0.0148467096485346,0.013330370876288355,0.012516365508791871,0.012740407430008122,0.015515788580490492,0.007408276180936091,0.008093851385294157,0.006972590484337793,0.0072961386219798086,0.0072386519376321234,0.007065551233440437,0.007449329497587365,0.0067612782074087385,0.007205132977705586,0.007149210402885783,0.006458811655702945,0.006127544798740753,0.010443148688046744,0.012788840788840683,0.013326941514860968,0.013564907872696985,0.011119047619047695,0.011740740740740774,0.011624533929903036,0.011455312275663876,0.009324829931972922,0.01044083694083664,0.00981639501438164,0.010549712849964143,0.010812534970697701,0.010398211917150957,0.011633112040824733,0.011248657609823798,0.009128390317165724,0.009804905111723994,0.010345500509933436,0.010091012874620664,0.009462290543922808,0.009961697533671598,0.011091830801563285,0.009530563169388329,0.006561039584004336,0.006767353017346003,0.005797633264076188,0.006372291548476877,0.006266125031431369,0.006660790668356759,0.006791158143725218,0.005906073079651242,0.006961943951740823,0.006823263436891047,0.00628037542224702,0.006395743584429903,0.0041010689990282345,0.007408008658008836,0.007590284435922134,0.008532992342665857,0.0034037900874633598,0.004570406445406405,0.0065566741237881865,0.006923192350642371,0.005947521865889149,0.0059778739778741374,0.006409129647384548,0.0071373235223736176,0.01001384839650088,0.008903038319704987,0.010007403856397395,0.010254415113083698,0.009039226080042428,0.009251989592898302,0.009655449137007555,0.00950502934390196,0.008583524751891863,0.007726737067645956,0.009256861520282017,0.008635175788756888,0.007769004305018756,0.007230050001336197,0.0068863605323356,0.0069407488941757856,0.007042901726125761,0.006985985535234801,0.0069770414770410905,0.006672384388424435,0.0069086175008405415,0.007478792928635569,0.007294106092767955,0.006717534851450296,0.0,0.0,5.551115123125783e-17,0.0,0.0,0.0001986531986532536,0.00021657611590486514,0.00034966499162464304,0.0007750242954324693,0.00040740740740735637,0.0005667412378821401,0.00035821966977739317,0.001430110139292784,0.0009919596396875119,0.0010213415716768676,0.0010908247949718564,0.0015469858939242964,0.0010524691358023697,0.001505841411882869,0.0010798138558796855,0.0012234619122376278,0.0008777238474222404,0.000851668465759875,0.0007389078676765526,0.0009440133529269867,0.0011302628348086874,0.0012096376777579465,0.001026741927807412,0.0011854183231735788,0.0010404693098539641,0.0011036564490468637,0.0008843433576439241,0.0015533967499750667,0.0009311989670716669,0.0015082790065976681,0.0011485346771340499,0.0,0.0,0.0,0.0,0.0,0.0005218855218855345,0.0002328752530095235,0.000369765494137142,0.0005102040816326037,0.00037638287638297463,0.0004526472781503643,0.0005745692749462017,0.0021487690314226926,0.00190392015392149,0.002841749227655649,0.001866191074415241,0.002914465353240303,0.001864018977655757,0.002666453295649379,0.0019004334582163052,0.001918153841622694,0.0021777151019568564,0.002474498904029565,0.002129827598422035,0.003828481042766424,0.003319815005424831,0.003236792228404145,0.0032573921053844213,0.00247457815960217,0.001828364326470211,0.0025187774566977628,0.002984767187028725,0.003988548866099756,0.0034978000394669806,0.003492981539966439,0.0027306658305401577,0.08428571428571419,0.08361952861952876,0.08347501864280388,0.08357621440536023,0.08193877551020395,0.08141293891293871,0.0810674336848834,0.08127769801387907,0.08195821185617108,0.08042087542087545,0.0793601789709168,0.0799407753050963,0.004449119474629559,0.004647153351697908,0.005042152105910858,0.005710805142643549,0.005385369732308465,0.004663297841328629,0.004812167139343543,0.004569901134591936,0.004519024059840393,0.005483308918914825,0.005005662371436126,0.005914535596997367,0.0033981370103818853,0.00395023971538952,0.004728450334155393,0.004441782394045302,0.004710404141676977,0.004304995789844335,0.003975526617305575,0.003951398545619184,0.006465634988594454,0.005899896820351053,0.004031107346545326,0.004328197068147813,0.01020408163265285,0.010048701298701446,0.010181101523383418,0.01028131730078996,0.005284256559766609,0.006165343915343735,0.0075072795710383056,0.007709574659010399,0.007333333333333414,0.005939153439153577,0.00695162636270108,0.007389874154321463,0.008362841240391689,0.007651261897475864,0.007649019759755793,0.008279427893430419,0.007529478458050312,0.007686240106696746,0.007516028776097333,0.008012699681663266,0.0068894557823130365,0.0073803875697823484,0.007622175053382252,0.0077184080576009895,0.006828992152972266,0.006676984911833203,0.006905460344366621,0.006396631361953398,0.00694617810494115,0.00787756156416497,0.007190510749285589,0.0064987243353918644,0.007251943634596525,0.007388679720136598,0.006568188097141325,0.006472935315068984,0.010592808551992294,0.012569985569985398,0.01312932779375764,0.013437185929648321,0.0116049562682215,0.011740740740740885,0.011576062639821083,0.011572565206986962,0.009324829931972811,0.010384319384319052,0.00981639501438164,0.010522792534099268,0.01676594663839548,0.019945120395878257,0.019953705317803605,0.022072777306449243,0.016853285036957266,0.01978928534989094,0.021292543089524996,0.021677277531236938,0.016081021586124067,0.01831865370880731,0.019537375748780783,0.0207362633876485,0.016000264258217767,0.016008389292591796,0.016477524113534814,0.017102214004531935,0.01568494925442729,0.01532889344431107,0.0158061722423197,0.016106943747810437,0.015238918144680758,0.015645500786430427,0.015852684560938884,0.016145737481436634,0.0041010689990282345,0.007408008658008836,0.007590284435922134,0.008532992342665857,0.0035714285714284755,0.0046632996632995916,0.007068241539717801,0.0072192958841829635,0.0063289601554907815,0.00569642857142888,0.006409129647384548,0.0071373235223736176,0.010828474246841524,0.010765849330242494,0.011251759426261804,0.012465398295160857,0.010492196012604177,0.01083322233322126,0.01168582697442147,0.012530497385090211,0.008971036899608542,0.010245350889287963,0.011979948835656534,0.012673826609585603,0.009663656388295777,0.008930778817154872,0.00877162485272609,0.009357438189235456,0.00954309684246632,0.008254175146666154,0.008533470351427042,0.009201814721181978,0.009768269212449221,0.009384813575543438,0.008483762547272872,0.00955024067029317,0.0,0.0,1.6653345369377348e-16,0.0,0.0,0.0001986531986532536,0.00018163417492261802,0.000399078726968094,0.0007750242954321362,0.00041798941798948386,0.0005322520507082817,0.000367028595357477,0.0013171363783609502,0.0012496428935798165,0.0012804168240391212,0.0010275910577411396,0.0012521056041462642,0.0009158886848284475,0.001609051525159222,0.0012022096412784428,0.0012670068027208492,0.0007455120636921664,0.0008498327424507068,0.0012224720770631081,0.0011923637586897518,0.001089440074846737,0.0011992011238460831,0.0010307331905925199,0.001416343293894673,0.0011036638355041983,0.0011265717438228018,0.0009199702447166974,0.0016014090784499946,0.0008165847653365255,0.0012730350354668851,0.0011530646036002068,0.0,0.0,0.0,0.0,0.0,0.0005555555555555314,0.0002328752530095235,0.000369765494137142,0.0005102040816326037,0.0003631553631552875,0.0005335570469798268,0.0005745692749462017,0.0026290897311305877,0.002185746352413559,0.0028672454813416792,0.00209707266490497,0.002333141914774184,0.002167703368461976,0.003010722436898969,0.0014189212169673504,0.0021364593456426606,0.002635725946332712,0.002827497309675825,0.002147997905223742,0.0045766427450101566,0.005084115659872657,0.004305792672402942,0.0038961103106837647,0.005293411553766059,0.0048304406031681735,0.004422644478754012,0.00403370721963453,0.004165097657444439,0.004731740724945588,0.00372547214158081,0.004016997243904918,0.08428571428571419,0.08361952861952876,0.08347501864280388,0.08357621440536023,0.08193877551020395,0.08150553150553197,0.08111590497496546,0.08127769801387907,0.08193877551020395,0.08042087542087567,0.07981879194630909,0.07985301507537568,0.004010012663073909,0.004321576151121692,0.004741057103473945,0.005215624060463414,0.006001354654416091,0.004761465666769382,0.005770203882615149,0.004609090170013874,0.004283608681567852,0.005483308918914825,0.005437629782228309,0.00576539976632881,0.0032712123477430244,0.0037004043935866815,0.002942251633531179,0.003338451191465197,0.0025451793104849796,0.003402514432815723,0.002858099829580185,0.0036964022507368632,0.003174535215350993,0.0028508632921493138,0.003074379466798366,0.0031768970572742528,0.010207725947521451,0.010048701298701446,0.010181101523383529,0.01027952261306525,0.005119047619047634,0.005989778739778517,0.007069040517027114,0.007526815625747585,0.00806867508908321,0.0062522847522852865,0.006650633855332988,0.007242537090213164,0.008938532555879355,0.006501082251082244,0.006315116650687166,0.006320232112946189,0.00813609859528247,0.006831970498640691,0.006646070807145313,0.0063502033979424555,0.004952380952380958,0.00607579765913091,0.006187783072012898,0.0055564044065937596,0.010386468406876445,0.009892604169118968,0.009784487510999612,0.009659432607447505,0.010480130413803967,0.009549594765503294,0.008224844710552376,0.008547325043333526,0.011426281484955336,0.009805079662364463,0.009133555110066693,0.009100948247891483
Distance,Deviation from Random,0.044452147582302315,0.04636853999164492,0.04682374869942163,0.04682374869942163,0.03876161821411739,0.04222052665813447,0.043325497861558926,0.04300877657317287,0.03547252472069934,0.04132531344866164,0.042785197139775355,0.043185628611017435,0.03502248960434273,0.036797871658500236,0.03685424218993022,0.037153868696739756,0.03476071403512104,0.03745652885523065,0.038157086146803354,0.03852802783189563,0.034846000026315826,0.03779500464371971,0.03888557007079957,0.03953232730347289,0.025781535904716768,0.029651473974406706,0.030781115838706075,0.030625679882639867,0.026570042524942272,0.02915553681453592,0.030193802502211042,0.03164745156549903,0.027269830857562016,0.02950682954810735,0.03193402815117674,0.03207576589779543,0.029466305405891957,0.0327646757653981,0.03357630654645127,0.033930939299847196,0.0288714888176142,0.03218493847285109,0.0317620615059111,0.031000773091795275,0.028972412087170274,0.0311657986608469,0.030292832924166124,0.02994741234746484,0.010516849233782377,0.007624677838323046,0.008844294084041804,0.008691177104234893,0.009469929412665445,0.0074150074693662416,0.008928424939775081,0.009141038220934039,0.00895649019679673,0.007589846933272193,0.008851900030755588,0.008820915398223272,0.006736966461209248,0.006700748298943293,0.007262659422450524,0.007001115158162097,0.006288332905378002,0.006000319222573214,0.007027291516044032,0.0066545072915395465,0.006545971448994492,0.006825001572276723,0.007096379874602654,0.006925042974936291,0.0004039228568661901,0.0001304412442691416,0.0003698134703754019,0.0001435961046397649,0.00030863123772734147,0.0009385077324523539,0.0008848288247025882,0.0008318938631368122,0.0008074896956097866,0.0007252480024797503,0.0011094244061300995,0.0015653994933793047,0.0007493553014353838,0.0007730519223477228,0.00044633475215999363,0.0006722450420865167,0.0006973681594175662,0.0008487443836487918,0.0006381155191520493,0.00047582375977078817,0.00107856157571401,0.0011035659482108717,0.001132004922318408,0.0012988458736184483,0.0007604053420938173,0.0006270863488245793,0.0007032447217178994,0.0004190807772461169,0.0007561640216847687,0.0005303375214977812,0.0006013331510067443,0.00048063266062176035,0.0005986793607718477,0.0008310509594254278,0.0005473143566712135,0.0006262561194766425,0.00036980945875447757,0.0002878593023371012,0.0005595292815798736,0.0005745988624159537,0.0006830107235441529,0.0010782294208782073,0.0009566418775173724,0.0010850419605529793,0.001490582174596966,0.0009526948215385356,0.001023872070435694,0.0010740937334655087,0.006672520946098881,0.006064119991589956,0.005737973426578391,0.006141569310117834,0.006372216094107763,0.005667705648128352,0.00527083260703709,0.0056474004534528,0.0058242255621999695,0.005590792583297033,0.004404343838957214,0.005573329543319849,0.004019564653404528,0.0045582428315019685,0.0041060526361536565,0.004178151754880399,0.003599495379335127,0.0028703984402317917,0.003858265750295853,0.0037283493177721616,0.004288721537487716,0.003379718337962634,0.0033751891827857317,0.00379136291579496,0.032997924521164235,0.03649171000632856,0.03919860100852679,0.03975870352671995,0.030474436388893467,0.035467382781517454,0.036330295499085674,0.03500468679327573,0.029716607440220977,0.033972026142137124,0.03384186397699823,0.03344487769855786,0.009297167642958626,0.008233944558421635,0.010199755373586694,0.010309195093518408,0.009083942486438068,0.009384226314312571,0.009931376965101046,0.00952675280366283,0.008745054495783888,0.008447076903410622,0.00958321386443739,0.00938804329670484,0.006052101124522258,0.00613631088029265,0.006775767337155236,0.006865206565421278,0.005958702809876815,0.005748422387194585,0.007151835554119856,0.00694149628628471,0.006399878887862587,0.006090425068240202,0.006198554257264843,0.005905890020259874,0.028213014222368826,0.03346535636761455,0.034482654001666724,0.034482654001666724,0.02961188045220181,0.03270517756457764,0.03193731373461156,0.03235967717710597,0.029881278627515107,0.031386984064284085,0.031722743064250714,0.03241440132447326,0.0062153871651600134,0.007680843403860882,0.008016546858075457,0.007855806272464905,0.006378683692477682,0.007381284874889538,0.007839389863567525,0.00815507383711983,0.006813051281638505,0.008399431039609384,0.00855361141459221,0.008859642054557082,0.007843225167254886,0.008851650947638734,0.009662308622864824,0.010076163668702898,0.008335371401236635,0.008291639657931227,0.009296835678285154,0.009634553608642682,0.0078925580168423,0.008920070944262837,0.009385328055137199,0.010029683223766905,0.032271795359115174,0.037881048500171655,0.038822177997015705,0.03906598927703975,0.0300436568127731,0.033415143448818574,0.034596404482334475,0.0369401054667684,0.029509840016059108,0.03467028643822956,0.0371694733611464,0.037634551732597,0.006973399501163324,0.008053772411418858,0.008221403723601917,0.00920864661885995,0.006517768116928058,0.007601290323602294,0.007702838009262358,0.008888851089840777,0.006840848417562717,0.007982210421657865,0.008630244121017872,0.00936852486019002,0.003986918485845148,0.00404722694271592,0.004131444877838286,0.0036518856715270775,0.003930505997967737,0.0037955914421000103,0.0037005744078324465,0.0035246465152542483,0.0043579195045712615,0.004431321101302843,0.004424917614608892,0.00375755198302391,0.025787578281602497,0.026920016569046912,0.027782129342954154,0.028865544224553397,0.02605268014287937,0.026446322008032597,0.026942438404807256,0.027354700340715354,0.02504064297318498,0.025099278578320006,0.026460525452922212,0.026530947299212737,0.0036818386743731613,0.003639206128169259,0.003923656376279616,0.00392688029094429,0.004459167140475617,0.004301817716107492,0.004162512290316889,0.004355803956163251,0.0044634967958364635,0.0040789114723185915,0.004135642700504483,0.00466596492984267,0.0034937477931366034,0.003156039490347151,0.002791679832136962,0.002487196035073025,0.0036028003259165886,0.002819747230694114,0.002889050339943078,0.002864292206552377,0.0038192742158144055,0.002954099843910485,0.0029781342070864247,0.002896212307033963,0.0005153004420356266,0.00018895043580213766,0.00042411639845413296,0.00012468504726437235,0.00022963445657914194,0.0007988530153710816,0.0008825015042731588,0.0009343252094441978,0.001052293912721547,0.0008024714938582589,0.0009228797138437494,0.0015653994933793047,0.000728521016751027,0.0008852038349483893,0.000639449829144767,0.0005946238498147904,0.000821381307876845,0.0008804207850966472,0.0006469164358360313,0.000700080582248408,0.000989438153697897,0.0010192431350612985,0.0009697745100779032,0.001115614418100097,0.000898730838161721,0.0005870921523371542,0.00040111005374787734,0.0005528744343383796,0.0006976865959593681,0.0005311150242281459,0.0006171482127156347,0.0004481813463336759,0.0007069042289341021,0.0005904806350965908,0.0006279457323130067,0.0004543409627163486,0.0004927010144638033,0.000493043065375065,0.0006007526452104228,0.0006750912573834644,0.0008003569544265954,0.001059672175415527,0.0009336463881618462,0.0006970665530136033,0.001490582174596966,0.0010099187292049172,0.0010697509417047502,0.001128633142374047,0.001553499724621099,0.0014569803946860027,0.001321682593399931,0.0016790768691296032,0.001937422164269953,0.0017251769473720646,0.001388800896847231,0.001415993405163074,0.0014669488284256293,0.0014294259126476638,0.002044319485755619,0.0018514401238751699,0.0016084674389851283,0.000954014249729962,0.001183789756114828,0.0013825130856772727,0.0015001352210524677,0.001069314024278234,0.0014610741331617105,0.0011491762975978648,0.0017615878021969844,0.0013298533831593295,0.0013114536750149508,0.0009576308000618927,0.031773812343678653,0.03649171000632856,0.040442856988972486,0.041368285890354795,0.030843592944599374,0.035467382781517454,0.036330295499085674,0.03500468679327573,0.0313979803967433,0.034789706035648627,0.03384186397699823,0.03397839901394484,0.00760901379341844,0.007156903188167807,0.007094856851093012,0.00828205293269546,0.007044878378741237,0.007250768318410428,0.00753440122536253,0.007874431184447472,0.007722270163282807,0.007398654473876276,0.006886282644106179,0.006988899007161042,0.004554450146392608,0.005228621885502105,0.005615624557987198,0.005893656542640069,0.004388694040389551,0.004915928958803495,0.00532668365630945,0.005600698146068561,0.005067623322461856,0.004659929527473239,0.005395400330113875,0.005913181144017787,0.031301310465130794,0.034482654001666724,0.034482654001666724,0.034482654001666724,0.029693160366441318,0.03270517756457764,0.031951860910012786,0.031495066089711476,0.029509840016059108,0.03128058415533591,0.03382137585168582,0.036603491961252344,0.005851953835559975,0.0069371785405922815,0.007515704690287839,0.007192386942368734,0.005997622926789015,0.005889950824531531,0.007637804156028882,0.0069892426038294375,0.006741366111179314,0.006650987855981727,0.008003850795423761,0.007782949944365791,0.003767101908649928,0.003823648579719341,0.003393416207289779,0.002990146519267489,0.003765512323325615,0.003970600281219039,0.003267950015314547,0.0030440063036846765,0.003978929273941778,0.00400078327053438,0.0036637807947754175,0.0034476857467536925,0.032271795359115174,0.03726952626124447,0.038160653310795434,0.03883944145829804,0.02907026895988407,0.0353450094206359,0.03913473192286704,0.03987857314867943,0.030175382224632563,0.03531108617062828,0.037019285909428046,0.03639787934161248,0.01720204927421054,0.019845698805396494,0.020916290493202372,0.022953244765660352,0.017034036535467756,0.018338365863648454,0.019268023605273188,0.020673191466753893,0.020059283829188757,0.019594435610549465,0.02098453370670378,0.023483060408297618,0.011412977804565239,0.012376097552293297,0.012520824766988015,0.01310452579132848,0.011487512448796255,0.012578896621269986,0.013347698755108606,0.014301468642101856,0.012141344953212618,0.013268360969630022,0.013987077857899488,0.015026542076674643,0.025787578281602497,0.027272505909286426,0.02878372888586067,0.029305900368206295,0.02605268014287937,0.026446322008032597,0.026942438404807256,0.027354700340715354,0.02504064297318498,0.025280778063329346,0.026150162628865825,0.026982558514232036,0.006297678021128628,0.007099650343636077,0.007209379794772985,0.007119581010127662,0.00647262532353432,0.006931319683953163,0.0075896258557315854,0.007042694759258505,0.007211809027894811,0.007830363082429348,0.007281422547061545,0.008464926443198684,0.005882020398553456,0.005839273769785713,0.00612586919444047,0.006811673011852537,0.006041408829717099,0.005694805219428167,0.005657246826459683,0.006229067946024014,0.006388133273318386,0.005391436994776511,0.005992131483981589,0.006722423479636808,0.00043226058500056563,0.00019426205977851607,0.00020921153075553756,0.000144570698462132,0.00018339123786376144,0.0009192233626671986,0.0007157942148911522,0.0009343252094441978,0.0010107650025098502,0.0010831930777313592,0.0013929489571471998,0.0016956436638657646,0.0009162310646427807,0.0006653088493361325,0.0007067642991491763,0.0006751039386242441,0.0007435320649069044,0.001107994125635392,0.0008169185881716778,0.0008229100243467014,0.0008823856646822392,0.0008996649963111669,0.0007595967894054034,0.0010273773919572404,0.0008460565151172661,0.0005764178696553435,0.0007097372138193392,0.0005349336106520997,0.0007004978103349324,0.0007210826468661002,0.0006122108985665564,0.00038175740442725203,0.0009847737741475737,0.000675941423624038,0.0007357505663022623,0.0005175472015887528,0.0004107170564673357,0.00038827148023579117,0.000493061948452167,0.000635682016055239,0.001126962056600067,0.0014179328362888821,0.001111211986927152,0.0013888528577459258,0.0013471630383573574,0.0010099187292049172,0.0011680015374440633,0.0010107786855988454,0.0013013390168544747,0.0014726835917739933,0.0014613882311059756,0.0014596979069670946,0.00141693021527739,0.001254381041159769,0.0015528106004243925,0.001371500028397199,0.0016335840870395635,0.0016753193146016865,0.0014378373526548471,0.0015298671418085275,0.0018036714280040278,0.0015630837277547105,0.0016501595900605959,0.0016789004211111846,0.0014989530823700803,0.0012288519211861026,0.0016829882875056268,0.0018016903318686661,0.0017596224642241753,0.001577369528770911,0.0015355633183310458,0.0017612463611819118,0.033261780142171016,0.03649171000632856,0.03934555349250857,0.04112658291213678,0.029980556209654063,0.035467382781517454,0.036330295499085674,0.03500468679327573,0.03137347965891818,0.033972026142137124,0.03384186397699823,0.03287007678537113,0.007795418724845071,0.007854342798768843,0.0077602425844093825,0.007876807902515881,0.007356778466828029,0.007216531003323867,0.007440790842197842,0.008223876159722032,0.007332527306291969,0.00723564953773248,0.0076878548109237665,0.00781416907323812,0.005660392378756096,0.004809050823380734,0.006105068985833795,0.006038743041123118,0.005521868613686198,0.0050325307989561585,0.006004631430369667,0.006102276137389784,0.00540165923492375,0.005384878055845421,0.005309309271755658,0.005755781527942483,0.03289382915462402,0.034482654001666724,0.034482654001666724,0.034482654001666724,0.029507278845479656,0.03270517756457764,0.031951860910012786,0.032917504738464165,0.029509840016059108,0.03147861463038376,0.03359939651703564,0.036445992148283646,0.004674325607830931,0.004394841849639397,0.004672886485463157,0.005087378521017871,0.004476290544602968,0.00476242360984358,0.004890140012715094,0.004473204825001853,0.006224979542191034,0.005399227981449317,0.005741541677293183,0.004722994162199234,0.004182493551823208,0.004018961229870499,0.004806020900428087,0.006004171096428257,0.004037803573518739,0.003733661854799397,0.004356262841757663,0.0051142073543054,0.004042372539084849,0.004256546485179147,0.0044717625521266124,0.005435893283213367
Distance,Average Edit Distance,0.052448979591836586,0.044242424242424305,0.04789709172259504,0.05939698492462331,0.06326530612244896,0.05429292929292917,0.05498881431767355,0.06566582914572883,0.05612244897959173,0.04419191919191945,0.04932885906040296,0.06242462311557806,1.783469387755102,1.8437373737373741,1.8686577181208048,1.9168467336683408,1.720612244897959,1.8423232323232326,1.8591946308724827,1.9352889447236192,1.7789795918367335,1.839646464646464,1.8620581655480992,1.931130653266332,2.192448979591836,2.3817676767676765,2.5131543624161066,2.597311557788947,2.2497959183673464,2.4638888888888895,2.5316331096196873,2.579811557788947,2.2759183673469385,2.4464141414141425,2.5312975391498873,2.625226130653267,0.021020408163265447,0.022979797979797878,0.01476510067114123,0.02144472361809037,0.023265306122448592,0.025303030303030077,0.018478747203579005,0.016633165829145747,0.040816326530612276,0.028888888888888853,0.02454138702460827,0.017474874371859173,0.6004081632653073,0.5590909090909082,0.7259060402684554,0.7061809045226135,0.5661224489795922,0.5914141414141394,0.7204250559284122,0.8007537688442223,0.568979591836734,0.5833838383838392,0.6300223713646513,0.5859547738693456,0.8351020408163237,0.9641414141414151,0.853489932885906,0.906206030150754,0.7944897959183672,0.8478282828282833,0.8518120805369129,0.8822487437185904,0.8299999999999992,0.8255050505050519,0.8422818791946329,0.9005150753768838,0.0071428571428570065,0.005909090909090198,0.004183445190156565,0.004221105527638436,0.005306122448979433,0.007020202020202038,0.011655480984340105,0.009334170854271327,0.01938775510204075,0.010050505050505143,0.011029082774049348,0.009874371859296498,0.09326530612244932,0.07616161616161587,0.06800894854586104,0.07468592964824161,0.08673469387755128,0.07060606060606123,0.04966442953020156,0.0734170854271361,0.09244897959183795,0.0675757575757574,0.08812080536912692,0.061306532663316204,0.11265306122448981,0.09712121212121172,0.11572706935123289,0.09881909547738665,0.11979591836734826,0.14651515151515104,0.1228411633109614,0.10923366834171055,0.10448979591836771,0.12328282828282955,0.1201118568232662,0.117839195979899,0.01326530612244925,0.014191919191919089,0.010402684563758549,0.015037688442210984,0.022244897959183607,0.016464646464646515,0.012035794183445137,0.019585427135678558,0.01918367346938783,0.016212121212121344,0.013243847874720362,0.01572864321608025,0.12408163265306094,0.1294444444444447,0.12404921700223692,0.12977386934673407,0.1648979591836739,0.15454545454545476,0.1452348993288597,0.11876884422110501,0.16285714285714314,0.13949494949495,0.1092841163310978,0.11806532663316638,0.24653061224489736,0.24611111111110873,0.24668903803132114,0.24395728643216152,0.25367346938775626,0.19939393939393923,0.17720357941834575,0.18981155778894454,0.2865306122448974,0.2297979797979801,0.1895078299776296,0.24510050251256388,0.8169387755102042,0.8861111111111108,0.8916107382550338,0.9020100502512562,0.8040816326530613,0.853030303030303,0.8661073825503358,0.8845979899497487,0.7838775510204081,0.8342929292929292,0.8633780760626399,0.8668718592964826,0.631224489795918,0.6605555555555558,0.5999999999999996,0.5679145728643178,0.5491836734693876,0.6289898989898983,0.6265548098434,0.619962311557789,0.6387755102040802,0.6717676767676783,0.6444071588366884,0.6331783919597989,0.8108163265306105,0.7828787878787873,0.7127516778523466,0.7313316582914569,0.761020408163267,0.7124242424242411,0.7304921700223774,0.6857160804020088,0.795306122448979,0.6599999999999984,0.7240044742729319,0.7492964824120616,0.02285714285714291,0.029747474747475078,0.03395973154362386,0.021846733668341625,0.03081632653061206,0.018131313131313102,0.028590604026845434,0.01744974874371859,0.025102040816326637,0.019545454545454435,0.021498881431766925,0.012273869346733551,0.5281632653061221,0.4610101010101011,0.47592841163310795,0.5271733668341703,0.5348979591836744,0.4476262626262626,0.47536912751677773,0.5128768844221101,0.5355102040816324,0.45116161616161743,0.46176733780760615,0.48292713567839685,0.6144897959183679,0.6204545454545454,0.6153691275167752,0.6643090452261311,0.6753061224489807,0.6480303030303022,0.6464653243847871,0.6570100502512561,0.6095918367346939,0.6392424242424238,0.6220581655480952,0.6604899497487446,0.052857142857142825,0.04707070707070715,0.046868008948545925,0.04802763819095468,0.0646938775510204,0.0632323232323232,0.05923937360178977,0.06440954773869367,0.05142857142857138,0.05156565656565659,0.04340044742729321,0.05197236180904552,0.3540816326530587,0.3927272727272735,0.35821029082774203,0.30309045226130626,0.32285714285714207,0.38045454545454627,0.3638702460850114,0.30229899497487267,0.34000000000000075,0.3593434343434341,0.3742953020134223,0.3637688442211071,0.450204081632652,0.3685858585858579,0.4286800894854581,0.38876884422110347,0.4487755102040829,0.37979797979798047,0.41064876957494256,0.35949748743718546,0.4440816326530612,0.3396464646464654,0.4631543624161054,0.3610301507537699,0.015714285714286014,0.01949494949494958,0.011230425055928903,0.017298994974874277,0.019795918367346954,0.02,0.01333333333333335,0.01747487437185934,0.04,0.025000000000000012,0.02454138702460827,0.01587939698492452,0.18612244897959362,0.24959595959596026,0.24013422818791952,0.23793969849246177,0.19979591836734656,0.21999999999999975,0.2305592841163311,0.21497487437186003,0.1791836734693879,0.2184343434343452,0.21340044742729303,0.18182160804020064,0.21183673469387898,0.38207070707070656,0.3362863534675622,0.310125628140705,0.33755102040816354,0.38055555555555554,0.34456375838926245,0.310175879396982,0.23244897959183364,0.3548989898989907,0.3007382550335569,0.2924623115577898,0.007551020408163134,0.005909090909090198,0.007248322147650921,0.006381909547738984,0.002448979591836764,0.00893939393939397,0.010425055928411586,0.00984924623115577,0.01163265306122474,0.010909090909091035,0.013221476510067096,0.01002512562814066,0.09591836734693882,0.07828282828282651,0.07284116331096335,0.06747487437185828,0.08673469387755128,0.060303030303030525,0.056152125279642195,0.053542713567838796,0.09244897959183662,0.0726767676767679,0.05876957494407198,0.06408291457286452,0.13571428571428523,0.16762626262626057,0.09771812080536701,0.09040201005025139,0.15163265306122575,0.10429292929292844,0.10791946308724576,0.09595477386934625,0.15367346938775572,0.11010101010101003,0.09187919463087368,0.07327889447236191,0.0065306122448980375,0.015000000000000124,0.012885906040268472,0.015037688442210984,0.013877551020408108,0.015858585858585905,0.011140939597315103,0.014095477386934951,0.02102040816326507,0.016212121212121344,0.013243847874720313,0.015577889447236148,0.2828571428571429,0.20217171717171656,0.1802460850111851,0.1547110552763824,0.26816326530612233,0.1930808080808073,0.17234899328859088,0.1612437185929636,0.295918367346939,0.1963636363636363,0.19114093959731449,0.15305276381909527,0.3367346938775517,0.32035353535353384,0.33581655480984374,0.28418341708542627,0.3406122448979598,0.3395454545454566,0.35451901565995403,0.2873366834170863,0.32816326530612283,0.32429292929292686,0.3670693512304233,0.25304020100502367,0.815918367346939,0.8758585858585859,0.8882102908277407,0.8957286432160803,0.8097959183673467,0.8523737373737377,0.8743176733780762,0.8818844221105528,0.7853061224489792,0.8432828282828283,0.8661297539149888,0.8680402010050252,0.6367346938775502,0.5943939393939393,0.5283445190156586,0.5724623115577891,0.6585714285714284,0.5995454545454546,0.5178076062639816,0.5787562814070348,0.6981632653061225,0.672727272727272,0.5614765100671151,0.57964824120603,0.5397959183673464,0.514747474747475,0.5396868008948541,0.5163693467336703,0.5048979591836735,0.4895454545454556,0.5164205816554812,0.5243844221105523,0.4446938775510185,0.5045959595959602,0.507270693512301,0.5280778894472364,0.020816326530612272,0.02050505050505047,0.020760626398210427,0.010904522613065265,0.02653061224489761,0.020000000000000455,0.03442953020134232,0.01932160804020096,0.04,0.03782828282828277,0.021744966442952984,0.0201005025125629,0.282448979591837,0.2990909090909084,0.33787472035794197,0.26596733668341566,0.2873469387755099,0.303888888888888,0.3479642058165553,0.2619723618090446,0.23918367346938774,0.30075757575757556,0.34480984340044607,0.2724246231155778,0.4055102040816321,0.3888888888888875,0.3750111856823253,0.35744974874371804,0.36163265306122305,0.38818181818181774,0.4138031319910498,0.3886180904522618,0.47326530612244966,0.3677272727272731,0.3509619686800889,0.3220728643216084,0.06163265306122434,0.06095959595959588,0.045167785234899505,0.054108040201005014,0.05918367346938813,0.04540404040404045,0.04946308724832227,0.0497361809045227,0.053469387755101905,0.051717171717171606,0.04946308724832249,0.06167085427135688,0.760204081632653,0.9203030303030308,0.9147203579418344,0.9848366834170856,0.7355102040816321,0.892171717171717,0.9181431767337771,1.010778894472363,0.720816326530612,0.83949494949495,0.8713199105145417,0.9289321608040217,1.3718367346938782,1.3593939393939367,1.363937360178971,1.3201381909547756,1.3726530612244896,1.37530303030303,1.3210290827740492,1.3297738693467354,1.3826530612244903,1.2171717171717162,1.3926174496644306,1.2959422110552774,0.014285714285714679,0.009949494949494708,0.013758389261744955,0.014987437185929708,0.015918367346938744,0.02,0.01469798657718068,0.020188442211055414,0.04,0.03323232323232339,0.02718120805369105,0.02331658291457277,0.4061224489795925,0.47464646464646254,0.49295302013422804,0.40979899497487327,0.371428571428571,0.4119191919191909,0.41890380313199094,0.4034924623115588,0.41632653061224456,0.4283838383838381,0.425592841163311,0.3911306532663321,0.6953061224489803,0.6908585858585878,0.6489485458612982,0.7076005025125625,0.7626530612244853,0.7033838383838376,0.6750782997762883,0.6980150753768815,0.7093877551020435,0.7439898989898985,0.6291051454138703,0.7123115577889436,0.006938775510203943,0.005252525252525064,0.005346756152125431,0.004309045226130848,0.004897959183672862,0.010202020202020212,0.010067114093959662,0.010389447236180935,0.015918367346938935,0.010959595959596113,0.011163310961968653,0.009899497487437205,0.08326530612244931,0.052929292929292826,0.06384787472035769,0.06288944723618073,0.08673469387755128,0.07520202020202071,0.06885906040268464,0.06817839195979758,0.09122448979591802,0.06151515151515197,0.05729306487695762,0.05354271356783924,0.08918367346938805,0.12919191919191952,0.11411633109619679,0.08239949748743802,0.11122448979591981,0.11878787878787733,0.10639821029082697,0.0931532663316581,0.15285714285714302,0.11949494949494799,0.11621923937360235,0.10736180904522552,0.01285714285714279,0.008989898989898881,0.009686800894854755,0.016243718592964834,0.02571428571428569,0.018434343434343463,0.011185682326621649,0.01781407035175908,0.020816326530612116,0.016212121212121344,0.013243847874720362,0.019711055276381867,0.3063265306122447,0.21873737373737345,0.18552572706935155,0.161683417085428,0.2889795918367337,0.23358585858585768,0.19932885906040143,0.14046482412060213,0.2922448979591836,0.19823232323232354,0.17749440715883624,0.15306532663316563,0.2599999999999998,0.2743939393939394,0.29082774049217175,0.25484924623115646,0.253265306122449,0.25999999999999845,0.28827740492170006,0.2515577889447216,0.28857142857142914,0.2587373737373744,0.2889261744966438,0.2496608040201007,0.8118367346938777,0.8848989898989899,0.8841610738255035,0.8964447236180904,0.8044897959183672,0.8505555555555555,0.8662639821029083,0.8761180904522614,0.7948979591836733,0.8416666666666667,0.8667114093959731,0.8677512562814071,0.6963265306122444,0.5951010101010095,0.5165324384787464,0.572386934673367,0.6657142857142855,0.5937878787878788,0.5178076062639816,0.5667085427135676,0.7044897959183678,0.6210101010101008,0.5150335570469804,0.5454522613065329,0.5053061224489817,0.5074242424242428,0.5442953020134227,0.560502512562814,0.49897959183673457,0.5095454545454547,0.534675615212528,0.5447738693467343,0.4510204081632665,0.4793939393939386,0.5291722595078268,0.5462311557788952,0.016938775510204174,0.02000000000000013,0.027181208053691397,0.021356783919598096,0.025918367346938767,0.02,0.030425055928411493,0.018316582914572794,0.03346938775510211,0.02959595959595962,0.020626398210290605,0.02126884422110542,0.4632653061224503,0.47303030303030313,0.4173378076062648,0.39859296482412,0.40448979591836687,0.4322727272727276,0.38281879194631196,0.38599246231155804,0.39387755102040867,0.41984848484848447,0.3936912751677841,0.3920351758793974,0.32816326530612194,0.4193939393939399,0.4035346756152123,0.42847989949748744,0.3600000000000003,0.43818181818181756,0.41131991051454175,0.4032160804020126,0.32346938775510203,0.4341414141414148,0.4004697986577148,0.35773869346733633
Graph Entropy,Sequence Entropy,39.17412261549748,75.62444843005545,116.4451992803859,156.659781173321,34.757167895705834,68.18815985061929,108.23154947854553,154.4741483641801,40.65041171010208,72.94485248224595,112.01075673788984,145.07644950451265,281.53784869380223,715.6423006658665,1217.8046370676261,1740.6729227120995,289.15677787580114,706.9077073876889,1202.3321558683226,1688.3352747011145,286.04730823392424,703.3345721851904,1222.914067875053,1691.9342045839317,379.91428783122535,963.9081734303575,1782.1289849711793,2572.873234118922,392.7021609648541,1017.3774014047842,1730.4081993286418,2501.2637206907775,378.24732108766113,910.1975332812926,1664.755231853239,2496.7446297038723,35.21015542145793,66.5658001732765,93.800055972607,132.04169165858002,31.219885583768402,59.38693560699505,87.47091172593343,119.1388911518053,29.366143932632852,49.762305826700725,79.39320161984512,117.10387652652611,139.28339465464717,303.7094120941897,528.8697626318407,800.8639358075213,139.99148439869492,313.3379856577003,541.6067589556666,819.3544734946686,138.39436483773494,299.7456256144237,552.1079994925656,789.1622673572392,138.17032905703167,321.02994041116335,545.2370535065938,807.0987876965046,133.96542199329156,313.29888762146993,519.5268269171854,782.0500732577602,142.6749057984914,323.06276859880927,525.3076303551213,824.3459845278212,1.973167334690885,3.5229405249635874,3.541335520752881,4.607949920325609,2.453801087941457,3.070455619772787,5.495511395050642,7.958273896888272,4.549450578498275,5.822440462135113,9.768664577866176,9.25555997664435,9.087969027846611,32.09637264903449,52.47731610504479,54.53087579242538,11.21186142181034,29.29841589660566,52.5887610695695,63.15219860637524,10.0104872691536,26.332145598545594,49.32881636678212,58.82528969369196,24.996446141343256,49.755748116841914,41.03519025648484,70.60797099008778,25.300448027794005,39.07990625356888,51.25725873161355,107.08162720802738,23.775048483741386,33.00821726979757,69.25481241668695,116.63082616810061,2.979917196427323,5.9409738718112095,6.091731610974762,12.525398471933727,2.8668383401152226,8.300608657371953,8.081105543060687,13.569355254984885,5.750652312144352,10.79988260869493,12.738995063845053,14.406270489071844,28.221243548713915,68.34702648426855,82.40668148734085,115.26588462045447,25.56351954831655,71.6727373437111,78.81058268236848,109.68605667128213,34.45067633206304,68.18000199990274,84.12797653206007,103.82900083809818,39.95343562492644,68.54822496774887,119.97774826866544,230.0161074234038,39.442969713935724,71.55981039604728,145.53926119754715,246.7360829563363,45.11004236765041,77.21181659842489,142.35147694658554,221.6986036351991,105.89634778567995,261.1798732089607,410.2698289890575,546.8751649204788,105.46948042769299,232.1711665633691,356.28342598866516,477.3386114280704,100.90071130060275,222.45760786357144,334.4665325350271,461.83885960835516,83.27039216456086,206.7058626564551,341.7919120576769,512.6923439963925,79.66925083207195,212.1596392007691,357.4854072280543,525.6465667493208,84.23957868578458,200.5461449533708,332.84418340235356,480.6131467923469,82.18382826662173,160.1617362042216,241.94188683459834,410.3209568352604,73.83154860096909,159.9635501830321,250.09568411090618,403.3130442284237,78.37120337184132,161.77258942959293,246.98627961435363,385.66554765363344,23.192924410533692,58.879192136239936,87.70877344599626,122.20466443311784,25.221260122713147,52.13744700110442,83.7362753617002,114.64260899339234,26.301921023021336,46.700261943005785,75.00423777479301,104.60177705099716,96.98734409797203,207.90937298451308,365.156680600174,569.088311590895,104.1377966873523,246.67942566142824,358.00404439027534,562.0315682625073,104.92946581188409,258.75868269487137,370.80112925427125,548.9483018943433,133.67591409111765,388.4996669306413,617.186993624312,862.844236295723,146.50959626246072,358.2507501004138,588.7662411727615,841.2985377072218,133.0192404027448,366.7104120007825,617.2017306893122,828.5803742533717,39.17412261549748,75.62444843005545,116.4451992803859,156.659781173321,34.610529034194286,68.18815985061929,108.23154947854553,154.46616888815015,36.48155581250492,73.66718801674784,112.01075673788984,145.07644950451265,67.25396761421513,163.91106731335026,291.9404713219524,357.51661176183643,66.99956380259601,170.52368180878307,285.17289012837955,392.49733892414724,70.5510503808024,182.83677415715908,297.4734515325704,393.3245861330256,76.71226694239476,147.85088545160238,248.460732187561,336.76304579344014,82.88364767425924,124.57380753203847,247.04644056572033,351.4337298302862,76.09295332619149,153.87623674302858,257.59197156341384,351.85504832390325,35.21015542145793,66.5658001732765,93.800055972607,132.04169165858002,31.219885583768402,59.38693560699505,87.47091172593343,119.1388911518053,29.25401963826836,49.762305826700725,79.39320161984512,117.10387652652611,51.41449548781429,124.70286682511926,203.73863585946071,230.09657284662762,44.38731510390619,117.37965690718386,169.01672806716738,224.87193679580196,50.362991284398504,117.27482448846308,195.64538790025972,223.1034070451842,60.23549364262237,177.71099207828138,273.5984810652708,397.5488636171731,68.76136575514215,154.13178657671062,259.9285602694772,424.6797966914023,70.70753144854632,153.04425681324324,267.88154220589377,386.4604027319292,1.4617614722214114,3.310751212541618,2.372977072686467,7.583990346464816,1.2459962206409614,4.419501713078915,5.495511395050642,7.512166489920119,4.272375525706627,5.822440462135113,9.768664577866176,10.894797341121382,11.498104952154563,27.31328110200093,50.91556182763543,47.137625968452994,11.764977252630786,35.973251027441165,48.96628996938034,62.373155971219944,10.377695794437841,28.204075744260138,48.63220862178423,63.49524381495701,20.266506743461605,45.226001460721136,43.1720703183978,88.38938485950393,23.00701311156513,44.262382207241444,53.52693191657136,89.81404052413131,18.72996628373926,40.509348091983156,56.139716792845775,91.9608075864362,4.660527452895764,5.445046272480866,6.5272000290268295,9.0964434981085,2.4766170452542724,10.563364259155264,10.877160097920864,19.141278247850494,6.918596009419559,10.413467961544598,12.738995063845053,14.406270489071844,35.32214802387131,81.17633912179417,95.12121517408423,172.74527604904438,36.56066555627777,74.98807384211659,102.52904048554728,115.78690457207585,31.538871391923635,84.78943493938687,111.25076847749733,160.50456117697195,39.44737445752526,87.2181801824122,160.49482973495822,227.35947634498507,38.649704597880145,80.32888117461425,160.20064901955595,208.1872379092356,37.62867151470107,72.89945599905741,151.04956895448822,215.97766277104984,111.57638206629144,271.8160798677098,410.2698289890575,546.8751649204788,106.82802593138143,232.1711665633691,356.28342598866516,477.3386114280704,102.0722406729989,222.45760786357144,334.4665325350271,461.83885960835516,68.78039763546042,167.64506064024272,279.0352941758647,354.943186587559,68.34405602213894,176.0214613052159,268.7164578889615,376.3552038987257,66.61101483685616,168.61795953293733,297.4482959198417,373.29579747297475,74.70964308392792,165.09435749065779,303.8352117505042,420.062019364208,68.12839485618429,153.8307529948063,264.07519453803707,380.8603509566756,68.93949186604937,147.12209583980655,263.06360127822927,431.88427351061455,35.206391133506514,77.72067177804973,117.66385322455383,160.67997441060993,38.13421929827064,79.05892085135883,118.72194836258927,158.06453802343748,36.21484053427834,67.81519174600919,118.09779840597628,164.77537580709253,58.69203914958695,151.01252292659626,253.315653163957,291.9312437306389,57.27297902380349,152.66272583719126,217.55562054140046,314.3762098082839,60.37472530312516,159.89044883849022,235.82376844709597,328.4878755202535,93.04847971384879,153.15082216903352,255.15048816408944,435.9518086148905,81.72843400495071,145.59111231583995,287.0890564661204,388.91798269433093,81.07033369547287,154.4999227751282,272.2807425237884,391.09966645768054,39.17412261549748,75.62444843005545,116.4451992803859,156.659781173321,34.610529034194286,68.18815985061929,108.23154947854553,154.46616888815015,40.65041171010208,73.66718801674784,112.01075673788984,145.07644950451265,138.10760756951606,335.79177001654466,563.2008452230452,814.4020783105584,142.54903705246562,344.6744603575414,579.4513946850595,846.8205202582394,138.28942314358306,344.6508684217479,586.5307167036244,828.0968950516988,233.4777514632989,566.7398906586384,980.9291971237749,1423.2387627373892,228.45390273401722,551.1837760142503,903.3641761473186,1445.6902769813823,235.3866726612315,556.3343613554271,984.6849255332104,1495.2609020118916,35.21015542145793,66.5658001732765,93.800055972607,132.04169165858002,31.219885583768402,59.38693560699505,87.47091172593343,119.1388911518053,29.25401963826836,49.762305826700725,79.39320161984512,117.10387652652611,122.06085209659125,261.5447787321393,438.0718150410262,622.3984781302743,105.40546362227047,232.51006455806214,429.9031266802158,580.105779925198,106.73807971907172,276.60251051754744,457.57351640536035,637.7260978400122,136.15476674191797,322.92035692464424,476.8914876743752,815.8951443841606,138.6214427333391,370.1938398908587,536.8811099815553,818.034681547937,141.87966432053383,351.24334192289325,522.1899687555033,826.4721739234847,2.059043694445492,3.776595018872058,3.541335520752881,6.481179713397296,1.3891649178386842,3.933393490421196,5.818879880753343,8.242221795393803,4.272375525706627,4.817757249256889,9.886568889012167,10.425586470967232,11.834610457650257,26.72231610826475,38.3404798483441,57.73327418775807,12.018163987467858,34.851875191549766,45.46024546315459,62.373155971219944,9.969480582226964,22.31163937121255,45.006169771653504,56.594287738628736,26.191287835918047,42.28703188188729,66.41856471953633,91.59976837068643,22.685036623995757,42.43138940546123,57.311877614132754,78.44393809080339,21.043812107810766,44.580664470236115,64.79137850413008,112.68957306507764,3.659130132277461,4.435737831815857,6.5272000290268295,9.476110018947878,6.457468357814626,10.220795155335395,11.10953031179639,18.833363248984085,5.525698612609105,13.459903930902357,12.854281174192934,14.406270489071844,44.36036964014528,102.42386579162735,112.77444118419271,159.5215123001699,39.67951214175096,80.09448661073907,127.02932438057769,143.6241592055053,31.538871391923635,86.99968325290229,107.0771166009722,155.02433813624793,63.14563498609539,111.85059201201216,175.39290866683723,272.0900523497012,55.36378069735497,111.59878365954819,161.0750414467011,248.1472907705911,56.348968928139016,116.92445561525847,196.05599815735877,280.1198769031098,112.20208116166475,264.9868092039306,410.2698289890575,546.8751649204788,105.46948042769299,232.1711665633691,356.28342598866516,477.3386114280704,102.0722406729989,222.45760786357144,334.4665325350271,461.83885960835516,71.99711415020909,167.64506064024272,301.8627655423943,401.460452083066,68.34405602213894,176.0214613052159,273.36681598449377,348.065937215262,69.29991341494656,165.1936294906451,302.17878117940563,364.7689613845073,81.27989456383466,179.92911101701293,340.1217918700347,500.656327360015,83.84924137275794,162.32659140111855,321.9845191293143,471.8448143568776,76.69396931407948,177.59365109925238,321.62984443566256,502.9764151825216,36.607638101232766,76.06971869216869,123.78379093912432,168.32916463206675,34.097972884008726,71.30372164451154,114.07035820807886,165.94925214228311,36.94726575221772,63.652587680053216,116.74477373473826,162.53514453988777,67.61874265293079,162.2717166855415,234.92669327147837,355.46237496105095,64.84475816808151,158.58826475568742,248.20672980295785,369.70154589441313,64.47842369697577,154.4792074476768,236.4226497891384,341.23273967181035,69.0369664706181,135.74278387382128,176.29191587102696,366.1938143694488,62.983493806030765,140.04591378076498,154.02655337065062,360.81186283781244,72.11571554318118,126.80173365664871,170.22029619672026,333.0397793318216
Graph Entropy,Normalized Sequence Entropy,0.005240931889054799,0.004145104398710346,0.005107032834859249,0.003256724179191303,0.004555399218642689,0.006067953699606188,0.005732052855410204,0.005014632782217501,0.006049409730050047,0.0038196406931971516,0.004613447999435451,0.003197847622860607,0.011324725072203112,0.016298489999784588,0.02073018236706492,0.024848167444019548,0.011734569005378837,0.016632456582846677,0.020120443806130373,0.024370957627409484,0.008996591556376748,0.015095410728529796,0.02115221131830114,0.02401918071208936,0.007456448686020106,0.008359075644028824,0.010873809360343406,0.01346098495497422,0.006445905907194627,0.00856452895483445,0.010943541536232282,0.012648565358169578,0.007268334339629562,0.008804629032834077,0.010751069659955842,0.013381541333148617,0.003922371345963738,0.002988920810736345,0.0018625916597455883,0.0022204155930723585,0.003661811741701,0.003254420267556006,0.0020136873409136447,0.0023680546559980975,0.004526329536612354,0.0035289347948125535,0.0023799799987967996,0.0029074713020341494,0.00467588997700652,0.004512417334543661,0.00662699808639311,0.008835847066654495,0.005830766140528132,0.004719631320902418,0.006720855913292134,0.008727444146816948,0.00549229038076543,0.004657856729280374,0.005542245581932254,0.008137850808962732,0.0036728748478705997,0.003096633148269856,0.0035418997437076105,0.0037198331471768598,0.0030747628677800787,0.0031203651186695325,0.003331033821778462,0.003851748565351837,0.003744508872846969,0.003542628065765857,0.003826732162417301,0.003936720664403731,0.0014290961624486426,0.0008180601485596461,0.00038639078568890664,0.0005495163026439931,0.002303998859529144,0.0010010539046119969,0.0008680434730415076,0.0010860294712191007,0.0028505367884589577,0.0011610598885138943,0.0016316079516076496,0.0013200776680975454,0.0020182285515895626,0.0016129191626631512,0.001816238145541882,0.0021314732890224675,0.0024301770599523265,0.001503191212318844,0.0020630473770998636,0.002090198260002396,0.001594702240098833,0.0012619245787653388,0.0015128317440800954,0.0020341561342370196,0.0011781128265255236,0.000893958848723897,0.0009442238300471639,0.000987012034023682,0.0009400680908758785,0.0008284479725497174,0.0008823505558303579,0.0010865617199234956,0.0009990769223608975,0.0012418433615564994,0.0005938862731262318,0.0012369273324000785,0.0017052203304368033,0.001543260460494203,0.0015868609718671552,0.0019376581613517463,0.002696518660201902,0.002605888388736613,0.0013793105773095005,0.0020267303005106485,0.0034240795033533026,0.002230211739745941,0.002169851401507503,0.0017338315065820965,0.00609865941948437,0.004813680564826006,0.004173677793038705,0.0044231910132226104,0.0055023994004617105,0.004587785216460527,0.004751138686856338,0.005591153731241916,0.004415934068267874,0.0046827741879037765,0.005135105542223378,0.004685278001330395,0.0039668464603065945,0.0040896298576919565,0.003906376648387999,0.0044244751363641255,0.0035664172180549514,0.003957280190423462,0.0035380840822976656,0.004503152169531899,0.0032836077633418004,0.0025616536408492596,0.004318350500653267,0.004246082448212063,0.07183301111586815,0.06964103689690912,0.0682085164991367,0.06652139148638415,0.06609381930595755,0.06737937155856115,0.06674691485801745,0.0660804356967195,0.062939020311983,0.059873529083569244,0.05907575732629296,0.06063801322113396,0.005516446796852592,0.007595908996466644,0.009236990528861205,0.007680726037796515,0.00558114787209904,0.006960134645966121,0.00950472817111142,0.009288915041948648,0.006050290783208817,0.006937985201360852,0.008983807854601844,0.007936054745759757,0.004283309750236636,0.004299461629881429,0.0041633281918347365,0.005130659599954734,0.004608877311524623,0.004590793894077544,0.0036948126660412417,0.00434886776879817,0.004203319331508859,0.00374191405873342,0.004400662889037427,0.004502486932475569,0.0040873927082219486,0.0019389517151594468,0.0018940180403456547,0.0018876570712026905,0.003819019466178762,0.0022616706612803503,0.001680454968538747,0.002299882529094896,0.003384901936365939,0.0032115962056422902,0.002639599349576416,0.0022888396623884505,0.008989926360735367,0.009072335163012035,0.010655312065280892,0.011368983280406336,0.007519957963439683,0.008757886731304954,0.009988111793301696,0.011094754505366095,0.0085464734990576,0.009422875727228663,0.01073056734680175,0.01156241943720418,0.007552467831781845,0.010260667407574198,0.012005867049408259,0.011289883570133386,0.0083454902704036,0.010012292550768603,0.01198273490228105,0.011272065220216593,0.007833725177142092,0.010259900542364558,0.010759410905726269,0.010820771706795684,0.005739945617064639,0.0056128982568663804,0.005517675597566593,0.004447232297608003,0.0037913582221534153,0.005336275531126549,0.0065991875596981085,0.006199001921788148,0.006387846871230292,0.005133026334113659,0.005854190398468649,0.00434897511044479,0.0041648112356708344,0.005582104382059333,0.006320026555321101,0.006127087609658327,0.003954250297091455,0.0057052632359962385,0.005795552783768948,0.006109605495043552,0.003831414754994489,0.005500696916221626,0.00698437347517869,0.006701497909643778,0.0018729495492643689,0.0026754534601997337,0.002736144741690233,0.002840524202747108,0.00195944841893686,0.002857322934344847,0.003370427928028996,0.003074078497841387,0.002112673609257848,0.0027536695113052345,0.0026939123260252273,0.0032339288665765853,0.003443259997441439,0.0030155739763769174,0.001768968495364509,0.0018016159150521377,0.004136392781727637,0.0029734609194232015,0.00189489719793548,0.0026800358404468413,0.004954896553875696,0.004518045261555137,0.0024447404306678633,0.0029074713020341494,0.004350178084766121,0.004720986451470538,0.005334534408042435,0.005932973240621281,0.0060573944129962976,0.003880145105879945,0.005162972292856172,0.005642314909610507,0.003434489472787461,0.005606886916901838,0.005786391991213197,0.005814619898036083,0.00206310822807948,0.0018016174627427661,0.0021911791293809657,0.001875451758835911,0.0019443497009995203,0.001767212162848697,0.0023753436809677564,0.0021615613483164653,0.0025287949157541956,0.0014796345949922851,0.0021732252342497593,0.0018107973576143022,0.0013484303514395557,0.0007347481969927003,0.00038639078568890664,0.00037164727324634494,0.001155266731563756,0.0013283846935180027,0.000835323934261242,0.0010112819852357569,0.0024888363467531482,0.001304944723574287,0.0016316079516076496,0.001469225310436693,0.0021625389551953034,0.0016870454368219379,0.0016239430525803455,0.001983082475815745,0.0018175904391501962,0.0016141237508644213,0.0019434516044997963,0.002090198260002396,0.00212181202793435,0.0011544419721383758,0.0015583616767042285,0.002179392083283216,0.0011180418295196337,0.0011402037201024562,0.0006229953078226158,0.0008889689191352579,0.0011010607800716055,0.00105881766166388,0.0007285481181881492,0.0012244482413206748,0.0012148344814086887,0.001065376925269479,0.0008935255676802978,0.0012084418267695463,0.0033884224443952587,0.001496686191612348,0.0017461450490619014,0.00187611279524727,0.0031069645809767843,0.0029539283758324986,0.0017853588451658964,0.0018031517792529012,0.0037144526080531357,0.002200681156608472,0.0023823468584138197,0.0017681634358206952,0.0027633147289314874,0.0025333240793868617,0.002481231499774056,0.0026073577759462008,0.0031680800642115703,0.002585705625242407,0.0031394364592623736,0.003144194814411555,0.002794064840235949,0.0025014884749499644,0.003232272648222345,0.00342103033548119,0.0020719858406382796,0.001660952173698299,0.002013444635372924,0.0023216527432978196,0.0018752673462787417,0.001835455892300053,0.0015775975019052535,0.002239621604103126,0.0020395160155634584,0.001611840082791638,0.001070854461488857,0.002431315143236107,0.0706165752525736,0.06648672169787814,0.06569990343047225,0.06376708448887344,0.06609381930595755,0.06505975123704309,0.06560256547664425,0.06292903894517775,0.062939020311983,0.06355780142872344,0.06004757654755068,0.061304327212010346,0.005894990190323107,0.0070646867417313575,0.008898586996538893,0.00988901412323695,0.006234810765838539,0.00750989562698734,0.00923903852247912,0.009756865285436761,0.005531922859789373,0.007425907646583185,0.009310969987741113,0.0098724376885026,0.004028072139043715,0.003341489054673741,0.0032651225704588838,0.0038287772591385216,0.0038501524774791906,0.0032236558874623733,0.003319186469273594,0.004129601990152915,0.003796493093691955,0.003450043948863196,0.0033585871809582446,0.004397488021845752,0.004264356206181499,0.002678876950938887,0.0029059473782788586,0.002685220585081003,0.004911231059936447,0.003654477215627755,0.0029018560973750017,0.0035295899546709964,0.004858576971140345,0.0035388251944961577,0.003261064939088794,0.0030236299739110004,0.004790254842447245,0.006598443921352115,0.00698067744325459,0.007784841522858965,0.00565057893880605,0.0075846521067762795,0.006288631215705248,0.0073395439431440945,0.0053780176671630875,0.006419219542110194,0.006993690001224961,0.007550065378373272,0.001862881160448887,0.002169313488922159,0.0021010579649011207,0.0021751812087760225,0.001961393106811593,0.0019017098581733116,0.002043590399254114,0.0026292858981964984,0.002425706028583108,0.0017001242864912447,0.0019457381199458612,0.002355082869724495,0.005739945617064639,0.006097631992004797,0.005728014584843691,0.004447232297608003,0.0044862244375135085,0.005336275531126549,0.006456815435265254,0.0062790439653999455,0.00593075987468334,0.005133026334113659,0.005854190398468649,0.004311219187833705,0.008765851434446303,0.014350949865057305,0.015416813150428199,0.01842160872705842,0.009413430676714185,0.013972180414232704,0.0156612236101365,0.01849108470009425,0.009146456360743987,0.013131573171319744,0.015244092214827476,0.01865473857517308,0.005567112674194297,0.008805621475963699,0.009467015087889386,0.010252483088198427,0.005408809648954571,0.009151942334259339,0.009452196573004168,0.010147038375267287,0.006410218121994438,0.009371029781435641,0.009633561044431083,0.010623879739531383,0.004037038092298037,0.003190320097778747,0.0017364527301066551,0.0018553121731492012,0.0036685892933187997,0.003254420267556006,0.002888939937293073,0.0028623342264478546,0.004526329536612354,0.004050220818164394,0.0023253228968105055,0.0029074713020341494,0.00784010899919882,0.0081077477080789,0.009141440622307873,0.008766106939859242,0.007800964346350914,0.007748380191187343,0.008317642135886427,0.008357987520090343,0.007693604195627701,0.00799467151611799,0.00863534046719669,0.009086665058045923,0.0031046637104053254,0.002839818456995047,0.002987764474893212,0.00292821225382936,0.002159298054034531,0.0025064888687923448,0.0024822402402282784,0.0031108259422546747,0.002485269103952331,0.00313536005794407,0.003043437868418486,0.0033251061407495452,0.001495750448509206,0.0006683606165939979,0.00036964373515715326,0.000465533422537856,0.0014399043193016464,0.0013283846935180027,0.000835323934261242,0.0010152037344546005,0.002279508477976311,0.0011028233235109153,0.0016316079516076496,0.0014309540822342436,0.002317355653076142,0.0014480140580552248,0.0018057351039891256,0.0021231344219381776,0.002255806437459873,0.0010791870699254913,0.001923673424468031,0.002121781360058028,0.0015828693328371335,0.0011616509091084692,0.0017389107876383814,0.002126802234628189,0.0009952287412067773,0.0008870436069670085,0.0010348829046538388,0.0010082252312278994,0.001209128542175697,0.0008964330760993511,0.0005765277442938144,0.0009422670887013485,0.0010440568082641377,0.0010854711123727823,0.0008614509339594512,0.0012475840357609735,0.001754546824625447,0.0012757308066129597,0.0020474661456744564,0.0018134973738958837,0.003399690217336937,0.0031642436010614026,0.001735905202052912,0.0020225890189013024,0.0033725045653391003,0.0025987654686589062,0.002196488407615965,0.0019312977410978482,0.003558714557550302,0.002154596206721121,0.0030260306245345203,0.0028092385939435804,0.002938535805618564,0.0026240887971469284,0.003367346001499849,0.002596189404959842,0.002956005421136304,0.0020160120009409255,0.0030280724209136856,0.0031824125636158163,0.003761066579350658,0.0031194279949386394,0.0031422531913291862,0.0035546377386702632,0.003588848753608792,0.0032209040759811902,0.0027150304318196705,0.003699502175385283,0.0033254692527497076,0.003307442530854021,0.002735800462950938,0.003558484517353966,0.07367330573540207,0.06698283523319276,0.0656536472814671,0.06387566167587,0.06465692456163044,0.06371127637484779,0.06741025235082798,0.0645792896268125,0.06524823191088634,0.06892918565585106,0.06505045582951745,0.06492969360341795,0.006202432878315511,0.0073479548295491415,0.009560465634234155,0.00988901412323695,0.006490312257391245,0.007069142275982432,0.008776376517986462,0.010046775196419055,0.005531922859789373,0.007247450285790824,0.009290331826434212,0.0098724376885026,0.003924283981231791,0.004057651372687043,0.0025080212019261416,0.0037314241730011244,0.003959639334684101,0.0045385127514046275,0.003213826565915734,0.0035962785064807268,0.004796298968912621,0.004012985145943754,0.0025022607302762623,0.003949000671382041,0.0040873927082219486,0.0024202077254214874,0.0027436710462770547,0.0025555862199984035,0.004384708375351237,0.003654477215627755,0.0031827960692348035,0.0034963138209930956,0.005811520908613546,0.0046545052483897426,0.002698278384101256,0.0030236299739110004,0.003492351626988799,0.005300657514607482,0.004854673248531893,0.005568132430836786,0.003644027175054382,0.005171410531146892,0.005593336471013344,0.005084571530638626,0.003942278334172322,0.005117684019270291,0.005588878959468024,0.005382366254180815,0.002912795891469422,0.0036426709564625626,0.004446139776993707,0.004572523162067604,0.0034164327757019997,0.003892970318578992,0.004671939464270691,0.004606306310134256,0.003316962081289121,0.0035749794637457144,0.004275947782528627,0.004635338329852745
Graph Entropy,Variant Entropy,2.6400296054052292,6.0163810270674265,5.862799526032752,6.785479058746871,0.6551906111562498,5.050566243099956,6.492440029157516,7.262202534270255,5.009822132238961,7.237845187744428,9.768682289667478,10.311760174079346,217.19734176404592,488.05922090663364,775.9296359879312,1044.163869866204,215.96869180964782,511.33048979061834,792.9551034153071,1087.1826469215841,207.25942387438292,477.2242807715576,770.1040324159627,1060.923208630511,313.8864897520806,765.7088391684699,1312.6398509129226,1831.4413966851077,333.5524686607738,777.3158232159338,1325.227684565859,1898.34944846251,337.34750571253994,733.8789541940746,1347.4292900852724,1865.4207296732773,2.771813632528521,3.9409409618620357,6.2028122273366755,3.9409409618620357,4.789309265569866,5.404964952309092,5.307694207263636,7.443117451391767,4.490214082070912,6.008482668763975,6.856101437053203,9.880705710585765,96.77353909420546,193.44023899304466,287.00492564161686,413.6774172372932,98.3625017588563,192.49746652430883,290.7698099951066,390.0444285113805,103.94416135457917,193.22257495054498,291.8609321497581,389.39258428767414,123.36908138764818,319.4564062483221,467.5935887545186,630.5639782208214,129.92228020581,296.7745249992304,480.6896667988931,681.2093598492056,131.37313390289182,285.62560724414493,452.46588813910535,622.468690700995,0.0,0.0,0.0,0.0,0.0,1.4869719288733343,1.5360108609673944,2.5004171280988743,1.7217269080729931,2.6518449257212193,3.218470119755347,3.7135986832476338,7.756754502722231,20.18737608245806,48.61394082004364,43.209978327785905,8.869772437350491,19.655050007160526,31.1327960797758,35.96957863751663,12.56228654020066,22.926182328080813,42.525765855956365,51.576259812386525,22.999959550515086,28.98495311838883,57.0943829044046,68.79215314293424,22.255546744436742,20.544883983126795,46.855617339076616,89.56305275011891,19.803521563206118,26.83468376866972,59.74463393787801,80.96844372093938,0.7277579150809217,7.105427357601002e-15,0.020249816943895382,0.16989903679541873,0.10067756775345238,2.213773801468477,2.5476196687513992,3.6430107263247358,2.2113201794507384,2.597215234392044,4.564327738570636,3.958397329529763,18.581374997549233,52.27475867607404,53.25261222468396,91.01425204033592,19.607543444266696,58.87912604817302,116.97588849720364,109.59552200810697,14.437471974851519,56.9253107900135,76.53515041187597,88.22539233399812,42.368759000349655,114.76802285378983,156.3273056900398,203.34291438158198,36.007674607204535,99.31130572174231,160.6635453329875,238.12209831160226,44.39809260535122,80.853545493909,152.25804777820804,205.34717632720003,11.248391869550591,14.86602105966763,20.665404304388105,24.389555092943766,14.585801167830025,20.081641100928245,20.64173561468536,28.444026948218806,9.383120023505723,18.160765109353264,19.635044809230273,21.53453504337545,60.90471378424209,160.75816736701393,236.49136118629553,378.6332175899224,59.24232980811502,156.71899559868427,262.74114480476555,344.86963116482207,63.279000513922654,138.36926442134558,261.4480490138624,326.3148778981699,70.95478486985377,152.7331684730218,313.3781427394615,483.2958059569087,71.64178779177041,130.558746780207,280.5401393605166,536.4599182324832,70.6406358512296,161.69358257235103,328.3664435697792,523.9415962423368,2.645989433111044,2.9683300133629738,2.3681422470855518,1.8743871515330932,1.4202025218057441,3.331239181623829,4.903651787225031,5.594495357941294,3.230738902986693,5.452852711320032,6.015609029782716,5.808561436896198,95.65636447304391,224.90969391336998,330.4462919283089,481.0998686181248,92.15478274245953,220.51612125656777,318.2044235525577,395.14854324284823,103.48679811916031,239.69562406629964,337.41554364730905,478.9544870549083,122.41027215185909,263.93895261447847,449.6145520454211,626.6370992168556,108.42192159091405,253.9662149355397,415.68997219968696,599.167491496559,121.65689302383282,274.9272840086833,428.6861090609025,594.7545334997583,3.3497180514301554,5.480011633628219,5.862799526032752,6.785479058746871,0.6551906111562498,5.050566243099956,6.492440029157516,5.982289348545567,4.95781043092088,6.4714868619051025,9.758752137168813,10.311760174079346,45.2185325861405,79.55548978665831,144.137258739492,222.42571811742107,42.53267312724847,91.23450295323482,145.6035246631177,226.9143477603975,47.128065717629,97.48376369715197,155.56238482622177,235.7488559712806,57.445623984965664,132.22678196998822,224.1420529108326,329.6068702878076,72.52951377883653,132.02770778821514,242.21617440321745,306.0682832623452,67.20055021254268,126.79071515710325,229.94949844157782,289.97525667945365,2.840916418373375,4.926738529312049,5.812231100630466,3.9409409618620357,4.789309265569866,5.404964952309092,5.307694207263636,7.443117451391767,4.490214082070912,6.022622412299221,7.094073194885755,9.022816954122593,39.64038349292616,85.87797436557707,107.8308410983417,141.00918759024927,34.99308161425938,83.14262242739926,113.13273181910705,161.09237697371896,42.275142623835706,82.29304962627737,115.63714690388514,169.5021047000688,50.594499938529935,122.64801587326258,175.19382665211015,269.19408287037527,44.473480886848165,112.23432191184247,164.75492661807345,253.02660821619838,48.077181334993156,127.55396852189347,182.7672786694559,280.74803391942874,0.0,0.0,0.0,0.0,0.0,1.7800362920324764,1.6252291451536607,2.796651934502128,1.9948466579526567,2.162686993428423,3.0141612900514954,3.5654812800460096,8.546510385157802,21.01585221916318,39.409192778135775,39.720690086609125,9.02845698670086,25.45867845947771,43.66362494261796,46.58454118212444,11.841934040221588,21.360708743996952,44.30151662673984,51.576259812386525,23.92738517655971,24.697955318426125,51.622619908631805,74.09772654606195,22.841419653765797,32.478041984333004,48.23080031499694,85.939158796426,20.8107396873595,30.838423503413992,44.64614271125765,58.12011339618152,0.7277579150809381,1.4210854715202004e-14,0.1901488537392928,0.16989903679539742,0.0,2.1046114805306857,2.513374279644279,3.1684685764204836,2.6820184400505847,2.597215234392044,4.054117512931699,3.8656983036876333,19.314882140951255,38.76563436966876,60.7024911316214,90.5796494736303,19.426891135370596,36.221316226074464,68.51608899775226,90.55936309672302,19.679311840956245,47.25807331032121,51.17218154124703,100.01769116498212,34.280798714119385,59.86130018278516,147.5350726962315,196.3533217848235,36.40507283906726,58.31581385669381,139.03573600062742,201.84085027374465,38.392603960686245,61.241055278162094,133.63929017007388,187.51294417553157,11.050207626977969,16.22128080879378,17.710785507609646,19.930782816179853,13.02268550856999,20.60070039516973,22.528461575031315,29.97515173974564,11.223566962766776,18.04808817958562,23.079548242597014,21.031527812656805,56.02796331476651,133.16098538490235,187.486165450351,257.90956812156594,56.15393950500476,129.80716007853277,196.55492775685377,263.8368467241784,54.140828837081784,125.5152067734569,194.14684333278296,275.4330894477481,65.58257920381482,173.9507816479088,283.28191243736865,455.7816106235159,58.53247575813009,173.76174246536198,280.7709196733492,461.4108930112243,54.92920227984678,155.0210914597219,294.6687598369854,456.84168452721406,2.6400296054052292,6.967096214462147,5.834791471900356,8.29107983720905,2.366723815416521,4.536817172814519,5.76849315640024,6.520452719511965,4.490214082070912,6.661497353487743,6.856101437053203,7.306004288947342,48.47563821760491,98.42875364498673,133.72930953855956,167.16229026309043,44.08032377587418,103.87755468586136,130.2306945586085,161.614814582431,48.725139502787016,91.92246936929331,154.07530342910013,204.24983172831423,71.71767783779,130.01636170130485,246.03635555257176,367.69723669135965,64.64400802323905,113.20511417622572,252.17162837941714,355.0342029967271,60.7899386873126,134.62505184414545,258.3931949069122,347.2835990387755,2.6400296054052292,5.480011633628219,5.862799526032752,6.785479058746871,1.7171399020441167,5.050566243099956,6.257073857202297,5.631746329103169,4.95781043092088,7.047834696161788,9.768682289667478,10.311760174079346,109.99360327442207,213.6421041403813,340.3476544595505,463.17346716236574,115.39696591251703,217.89642053596742,347.2808026092954,474.4495354601289,113.32308502694332,222.3028145538115,343.8317173413044,467.4015469634522,189.55601190715566,371.0471003834664,638.5867382173963,876.8695986814269,189.58538170045063,399.20459379095837,602.9295901480525,875.2940952736067,189.99847093512585,412.2870037228422,647.183312863245,916.7972327205753,2.840916418373375,5.369484814971258,6.2028122273366755,3.9409409618620357,4.266567958976177,4.505455232782026,5.382743098019663,7.221902010887553,4.490214082070912,6.022622412299221,7.094073194885755,9.022816954122593,88.67734658707417,196.47175635319348,286.23832800715286,382.2741048668371,84.15750352633691,177.96536699864959,268.3447728481159,342.39956175625787,81.62097487519128,188.44294151143345,263.5793819210558,377.6195587140719,111.74702948475576,206.726153757239,343.5684903027311,578.9020997797888,119.61493583484787,250.9582514012261,364.06275098857054,561.9232754249797,112.7876802111706,214.91198916533585,377.3448704681582,586.1395761414419,0.0,0.0,0.0,0.0,0.0,1.5705992447794461,1.6252291451536607,2.40356443890467,1.6509220059421654,2.569458443752678,3.1974970150922903,3.7135986832476338,9.306853779516274,18.602070266504057,33.97066408344443,41.43832801278768,7.930166724772931,21.81313961150954,33.37976521172561,44.540707470467225,7.3723415202771605,25.831662491636507,43.761676334475624,50.33586090218819,24.376214724449937,32.64758023593413,67.59943395278651,94.09529993104479,23.157910438486738,29.884877813559115,53.38010930855671,59.44227320453092,19.274979908781518,29.51959658015994,56.48044874210018,69.01090772567659,1.2079087370948813,1.4210854715202004e-14,0.1901488537392928,0.16989903679539742,0.16989903679540452,1.8701887204177954,2.513374279644279,3.1684685764204836,2.2113201794507384,2.597215234392044,4.054117512931699,4.5267975530695175,26.37635962990008,37.47089122080337,57.452221160441354,95.40359455272232,21.234246521683332,43.8760018214258,63.38372999158889,106.49100803669603,16.83650617629621,40.40413645303096,48.56261811234674,100.01769116498212,43.734312899345014,72.53597706471459,194.62456439378218,292.76460297092376,34.77037930111976,82.59244880998904,183.7150224603929,298.3120653516148,37.322894241022595,81.97905705019434,227.83056704995442,301.15239549381545,11.050207626977969,16.22128080879378,17.652257234134883,20.102519670502147,13.482529063826318,20.715983924335042,22.045850957204834,29.393439108305415,12.145877124144198,19.43225042306281,20.81186155464796,20.237989243735015,54.70871597972453,128.94452763292048,184.6328740258548,251.1475162097821,60.89982872045067,138.52207745010156,191.46515641238705,297.35629969277,58.22127598892587,136.27053119533971,207.31010765062683,256.22586886625186,70.283028806289,188.67353389155528,313.84866443357623,494.11605196574124,75.00531464683195,192.42840590277694,274.99179774391087,440.19437568113426,57.833884947071056,196.6314336385018,262.75213511715185,471.4066228057559,4.664397430280495,6.967096214462147,5.834791471900356,8.29107983720905,3.195159298250884,4.536817172814519,5.62643257971181,6.567600813069578,4.490214082070912,6.661497353487743,6.856101437053203,7.306004288947342,42.69496045579007,79.60586903708594,124.88106217158759,128.94635734328332,39.79275295291899,78.33411065011722,116.22458763489277,134.06249493088342,47.99685425358186,75.37331678507468,129.1822959462229,135.3128598432536,45.08032688210284,122.40729356205668,171.77164101658582,249.47957414042958,41.55962398641532,109.03212974448638,164.64048544854631,292.3128012997531,47.61619724813238,125.94825957456271,197.89893603448343,235.5661712807423
Graph Entropy,Normalized Variant Entropy,0.03656416477819957,0.03656416477819957,0.037062181005964034,0.03656416477819957,0.028586133623767912,0.015167225637399473,0.026584504053171004,0.018546291469163423,0.01684318860556075,0.01383460297504549,0.01829478794003553,0.012246422862591089,0.012146611467210078,0.011956023244207692,0.010241689075201788,0.009819560777904246,0.014744443291792864,0.011231791024092386,0.010278956221687618,0.010931854571087307,0.014658738861590304,0.01223883482561483,0.010204599946552761,0.010814661576460494,0.012697985585763627,0.011932342067827895,0.014950808794251258,0.014206691689024054,0.01159968441422915,0.013904322480694092,0.014887362619516176,0.014419183926603463,0.01138126037266507,0.012844490483065907,0.015081983088673367,0.014394938397897572,0.019204769909321934,0.019566559715040815,0.018957775906846275,0.025584965534928256,0.006043653112224767,0.018027150558436345,0.019148276405620945,0.01805865218492622,0.01875299000620831,0.01893853696478104,0.020839902485118605,0.017203920772150605,0.007725896431642398,0.0076037080374528054,0.007431998207578616,0.00848185029864229,0.008273867985740757,0.008848380099411912,0.007237876878623539,0.008918842178387731,0.007663812680555715,0.006855488238562635,0.006890911408560962,0.008300816655390841,0.008010200718304217,0.005389160018561934,0.006309837459438805,0.004625162700011565,0.005092226702687358,0.005078639547473951,0.004731630245679019,0.004732814460408241,0.006551607659981001,0.005018124162277704,0.0053202055530177095,0.00432440713821014,0.0,0.0,0.0,0.0,0.0,0.005780688881874718,0.0030182264585757457,0.005283241394317573,0.0034101897595251174,0.009188486797529677,0.00633431072137558,0.0060651223237255525,0.0020049267639930257,0.0016102678632402,0.0017171903895916718,0.0010496015987084828,0.0016041168712797593,0.0017793279889271596,0.0013550286183851012,0.0011046494982885346,0.0019304975438173555,0.001790828463743399,0.0018737463685710165,0.001152385781259757,0.0012845594036395291,0.0013126760246253144,0.0013147126892770755,0.001329959657392632,0.0020537121300777117,0.0016724910275282001,0.0017189059585757671,0.0015360779109372391,0.0018459190117480206,0.001573254612069197,0.0015298253660291916,0.001593391921893006,0.00015720460641704959,0.0,0.0005776904814326911,0.00029123608822678726,0.0,0.007505980493069581,0.004183495856431629,0.011622098552921734,0.008016492177154971,0.010238446475304502,0.009688240521000702,0.009369840087087494,0.005977517310606695,0.004116952922648409,0.003909908467517098,0.003911857988086687,0.006167227653089691,0.004538497639233474,0.003759204678025152,0.0030035448679648913,0.0049919937755999455,0.00403043943304171,0.005291064085347297,0.004584885089538859,0.005243297438355887,0.004414727995642298,0.004358901139175475,0.004086083006743901,0.0041431429914291495,0.0035009363886725764,0.004643793266173035,0.004549600170070278,0.00431550519831303,0.004648196335752808,0.00477411905990871,0.004651944584594503,0.15476047692133438,0.14348333076230502,0.1665730326843208,0.1429474548735163,0.08099787198421651,0.05022949504493507,0.0628757813128352,0.045285915148290445,0.0618525082783494,0.03491997251467022,0.03707839150243991,0.03085460560540404,0.010878348022190981,0.009756301197394235,0.008514831382291144,0.0068321773820149145,0.010118274444589348,0.00847406606869433,0.00858047903770548,0.00676457043355827,0.008338252590540579,0.009355774827063013,0.008310950086267255,0.006929743330350457,0.005301764651048119,0.006058158499240185,0.0048791395654751435,0.004633183418515041,0.005907967319692897,0.005991947691340538,0.004892761574246451,0.004507262131777823,0.006707388999218911,0.0062343396228573544,0.0047686194248477975,0.005011775148523412,0.023373892365061377,0.020434881924638576,0.025282117051688313,0.022134146286838435,0.001580063016883182,0.015324165986074445,0.016518532322534585,0.01558914811137857,0.014213208030295243,0.013862319004640244,0.015194330873962686,0.017251807549955422,0.008879631539483679,0.006787188018359147,0.00832362936919595,0.0068121033177484525,0.0082203883002194,0.008752380771708368,0.007918041623261929,0.0073083604256051204,0.008837436970708379,0.008710880524644082,0.007572023726207411,0.007082819199639878,0.008983936629534534,0.005665226667794843,0.006064082958810363,0.007037467346499959,0.008528819828783452,0.006019034336083889,0.005674190999046841,0.007142202400861497,0.008735461526236582,0.006960011004308708,0.005690726995743467,0.007003497239706669,0.028586133623767912,0.026615485945607226,0.03656416477819957,0.03370873701154509,0.01979322593076871,0.014928082630359218,0.02083569067421165,0.017662518735020533,0.014155436118431342,0.012423508951106083,0.013605600575111232,0.010427921503327109,0.0056294167479976065,0.005416130633763949,0.004972708547713478,0.005465806909535131,0.006484234077002604,0.005290310669308962,0.005292541085199498,0.005543203286861864,0.006554767000242934,0.005314487954873159,0.005234184660826036,0.005218889938084892,0.0035431299543172146,0.0030211405174870865,0.0036630878105602394,0.0027281013043193303,0.004084843162191876,0.0032173613062454476,0.003337155508304712,0.0038656710196975363,0.00358836720523123,0.003540612567107637,0.0033867384332529893,0.0036404848481728647,0.019432697493282997,0.020434881924638576,0.017962082800710905,0.022134146286838435,0.002604467927476206,0.017026028465293663,0.017138022127235364,0.01613040792146847,0.017912132863974584,0.017044037587025496,0.0177447156920387,0.01695353155464907,0.004629749211706002,0.0038720422433353163,0.003707477637006573,0.003094967024237616,0.005832061266363597,0.004035469741315134,0.005044004508557076,0.0036547019649667,0.004188158636638434,0.0029660654770722883,0.004252817087684935,0.0021586161123122727,0.0028121709854296018,0.0022795860806081314,0.002172745671068066,0.002014404702468997,0.002533128928200512,0.0019345041095633897,0.0021576475298532016,0.00221057968473215,0.0027213610240363617,0.0025680201658633273,0.0023831510081239737,0.0023727455514132023,0.0,0.0,0.0,0.0,0.0,0.005500128933658366,0.0031464432085403504,0.005283241394317573,0.0032228545379123508,0.009188486797529677,0.0067854727755066735,0.005894785540504793,0.002361227686184686,0.0014829176647084275,0.0016625252832544457,0.0010541594132367216,0.0014762861012663775,0.0019849607890535803,0.001163103257280751,0.0013757521110138171,0.0018848557459667514,0.001531297941678722,0.002220174232365868,0.0011131597419187789,0.0017035529807514216,0.0014015877063520144,0.001444670076655108,0.0015579867185871454,0.0018049702838253134,0.0014318496185585783,0.0016586237573576468,0.0014513221947065613,0.0016664415902311325,0.0019871002555254536,0.0017498745647051006,0.0014622033176235893,0.001276255105766455,0.0,0.0017689162657664736,0.00022771761913092936,1.1102230246251565e-16,0.008238418176725076,0.004010240694968192,0.011622098552921734,0.008260106513049564,0.010673331899945265,0.009688240521000702,0.009369840087087494,0.004621958522351782,0.005384621314403343,0.0037442212488079107,0.002339799449406599,0.003981500398726745,0.004716615140683611,0.0041088976275190925,0.0037308149066385687,0.004816981848204671,0.005419159512923544,0.005362983214754535,0.0030347163508794295,0.0041303434687823826,0.004016013590952883,0.004120091449834162,0.003974129264469994,0.0043732709566471906,0.0035506035783641754,0.004132159885666453,0.004273906963484286,0.004588919323750051,0.0037287676745425546,0.00431050143903533,0.004729874543168533,0.15715499734401783,0.14348333076230502,0.1665730326843208,0.1429474548735163,0.08099787198421651,0.05216948347292738,0.06272135848211821,0.04696777568319968,0.0618525082783494,0.03376270885810301,0.03578177961135798,0.030571463618305816,0.00991388959854228,0.009889127564453704,0.009687477011761036,0.009306648185384236,0.009749394125942584,0.009702138360660334,0.009099919085217123,0.008997038295097237,0.008264465617969036,0.010145773373205047,0.008776950407796691,0.00861608815347259,0.005242885793057428,0.004772054220297306,0.0047631070695944855,0.0052612182192776635,0.004856002552329486,0.0045880274737175875,0.005392733967837238,0.005919111358108187,0.005656430383085581,0.004051349586577824,0.005062267351683525,0.005304508445389933,0.022134146286838435,0.023535582598864235,0.025814917405586585,0.025584965534928256,0.005423924973931904,0.016223965002031604,0.01873487990890743,0.019988648038875817,0.013224956382621,0.01521539663500493,0.018019878453095578,0.017540691433644284,0.004319062033030563,0.004656465958241152,0.0026256293116182494,0.003409976467680431,0.003594226919973298,0.004398715173862977,0.0032980791137848797,0.0030975138629641408,0.0036645324865406392,0.0037534419469554825,0.0024994076323335834,0.002271450547941145,0.0029489731321857005,0.0019445135568902927,0.0027978917387426194,0.0021198970180165144,0.003993104007148196,0.0019669118882211234,0.0030383797149671765,0.0028315400290558346,0.0037590091849568075,0.0015854907114738748,0.002519638170797256,0.0026335920331900242,0.028586133623767912,0.026615485945607226,0.03656416477819957,0.03370873701154509,0.01854549536759803,0.014749536104064764,0.021964589505523213,0.01622987316506913,0.01329052651067103,0.012805945118729262,0.014830484924749088,0.010222632411401977,0.010425947755112575,0.009423384289810544,0.009090742436231536,0.009526140844717645,0.010101396941369384,0.010158221865842892,0.008823659354105784,0.00917019732677482,0.009684291967900882,0.009802372928053749,0.009568191293684358,0.00992765381385008,0.007237528368283647,0.007432015753910892,0.008033168063312224,0.006807835126427186,0.007185997310450998,0.007838337233355974,0.00764945065544223,0.006295476911238329,0.0071948895437334015,0.006810295338458006,0.008361559988693285,0.006542934986190518,0.019432697493282997,0.018957775906846275,0.017962082800710905,0.022134146286838435,0.0036771047452621164,0.017026028465293663,0.017138022127235364,0.018630819536814947,0.01875299000620831,0.017044037587025496,0.018019878453095578,0.016689296207366033,0.007424627276655882,0.008550647717910032,0.006458021372366118,0.005974913528082715,0.008096050337523808,0.00858632935871978,0.006920512645466392,0.005878607756923171,0.00701166482260257,0.0073997992780768795,0.005865152297296339,0.005118443846327647,0.004112634314449387,0.0039966750605263945,0.00402955249048087,0.003455983471926216,0.0037832832476896727,0.003921209602906872,0.004041126779396109,0.00323627327214826,0.0042270380669605645,0.003560810383353291,0.003728299173567734,0.0031898125015821788,0.0,0.0,0.0,0.0,0.0,0.005292424968808607,0.003342162403374982,0.005176473070272913,0.003986796260363634,0.009188486797529677,0.007165505589310006,0.0060651223237255525,0.0017778112351993225,0.0013583360018837864,0.0014698815882221439,0.0011786698226159409,0.0015346498378753792,0.0014590985418543312,0.0011544274381499187,0.0013607255170536292,0.0021061450574255125,0.0017618502299656114,0.0022896276099221846,0.0014141032785539576,0.001289022257466299,0.0017357587131726082,0.0012409414496921678,0.001558123546752277,0.0018702155322877223,0.0018314802720239831,0.002180549411638144,0.001605934851040769,0.0018311646412476068,0.0017512691549581016,0.0014872168900084692,0.002069610514828124,0.0003179376615966567,0.0,0.000997356174134878,0.00022771761913092936,0.000364329564659871,0.008238418176725076,0.004745408107757448,0.011622098552921734,0.008260106513049564,0.010355347131739356,0.009688240521000702,0.009369840087087494,0.004257863564428005,0.00431252939444271,0.0034434076972759686,0.002674936222156199,0.005184969525174887,0.004834380457446552,0.0041088976275190925,0.0036576925847360275,0.005085662065003077,0.005419159512923544,0.005343558294559181,0.0029629073237255055,0.006402526821330468,0.004690622526521526,0.004818787015401227,0.0046987407383682345,0.0051474664063070885,0.004858173888612205,0.005124579457331191,0.005682606758576236,0.007109944283635233,0.005117027783066774,0.004924433867508959,0.004759417233245522,0.15264158096469188,0.14348333076230502,0.1665730326843208,0.1429474548735163,0.08099787198421651,0.053575804193468024,0.06409255319356685,0.04673206610102637,0.0618525082783494,0.03623106269611806,0.03687800209142167,0.03153976797286018,0.0100749987407254,0.009545705345701622,0.009621286342915869,0.009874126066818312,0.009531909320350723,0.009658966827832821,0.009793171112302768,0.009657334035952092,0.008109857028302386,0.009140104389331771,0.008350425833776431,0.00806187849400991,0.005792319684136793,0.005617692257167517,0.006318165261699704,0.005739722484066789,0.005940666267122557,0.0052459356978107885,0.006472607264896846,0.005962924938528014,0.0064318908731116065,0.005074137470722939,0.006108408177082136,0.0051168635108104765,0.022134146286838435,0.021917939146163745,0.025584965534928256,0.025584965534928256,0.00572113777842248,0.01667945639417623,0.01873487990890743,0.019988648038875817,0.013287640050970329,0.015205926913586132,0.01726269058793692,0.017203920772150605,0.005812680844215212,0.006624380461915269,0.006042947310228808,0.004823341479267218,0.0064230279603943174,0.006741250631912443,0.0068709963660515405,0.00596059050618758,0.006728430703084265,0.006564631142601862,0.006229553246185959,0.004566556333682192,0.002841839079588987,0.003799995551368035,0.003633962199579177,0.0030749936847507264,0.0029538512950145757,0.0036908402463762258,0.0033215783162459933,0.003132705781853762,0.0037483652056394257,0.00417538670586054,0.003847841441716404,0.003154253983735422
